distance_kpc\alpha,0.1,0.10202020202,0.10404040404,0.106060606061,0.108080808081,0.110101010101,0.112121212121,0.114141414141,0.116161616162,0.118181818182,0.120202020202,0.122222222222,0.124242424242,0.126262626263,0.128282828283,0.130303030303,0.132323232323,0.134343434343,0.136363636364,0.138383838384,0.140404040404,0.142424242424,0.144444444444,0.146464646465,0.148484848485,0.150505050505,0.152525252525,0.154545454545,0.156565656566,0.158585858586,0.160606060606,0.162626262626,0.164646464646,0.166666666667,0.168686868687,0.170707070707,0.172727272727,0.174747474747,0.176767676768,0.178787878788,0.180808080808,0.182828282828,0.184848484848,0.186868686869,0.188888888889,0.190909090909,0.192929292929,0.194949494949,0.19696969697,0.19898989899,0.20101010101,0.20303030303,0.205050505051,0.207070707071,0.209090909091,0.211111111111,0.213131313131,0.215151515152,0.217171717172,0.219191919192,0.221212121212,0.223232323232,0.225252525253,0.227272727273,0.229292929293,0.231313131313,0.233333333333,0.235353535354,0.237373737374,0.239393939394,0.241414141414,0.243434343434,0.245454545455,0.247474747475,0.249494949495,0.251515151515,0.253535353535,0.255555555556,0.257575757576,0.259595959596,0.261616161616,0.263636363636,0.265656565657,0.267676767677,0.269696969697,0.271717171717,0.273737373737,0.275757575758,0.277777777778,0.279797979798,0.281818181818,0.283838383838,0.285858585859,0.287878787879,0.289898989899,0.291919191919,0.293939393939,0.29595959596,0.29797979798,0.3
1.000000000000000000e+00,0.000000000000000000e+00,0.000000000000000000e+00,0.000000000000000000e+00,0.000000000000000000e+00,0.000000000000000000e+00,0.000000000000000000e+00,0.000000000000000000e+00,0.000000000000000000e+00,0.000000000000000000e+00,0.000000000000000000e+00,0.000000000000000000e+00,0.000000000000000000e+00,0.000000000000000000e+00,0.000000000000000000e+00,0.000000000000000000e+00,0.000000000000000000e+00,0.000000000000000000e+00,0.000000000000000000e+00,0.000000000000000000e+00,0.000000000000000000e+00,0.000000000000000000e+00,0.000000000000000000e+00,3.531599685295700425e-11,5.682942534152557204e-11,1.132044313686509660e-10,1.303084634339358587e-10,1.305340992951176296e-10,2.209893521916551032e-10,2.240217831558594850e-10,2.998891323633356987e-10,6.514020929778261640e-10,7.240082089316451120e-10,1.217508517950507511e-09,1.633157853233366411e-09,2.353061149364875106e-09,3.395700347217700955e-09,5.064864889520713655e-09,8.134410451745517743e-09,1.301459251212905045e-08,2.351922816920083018e-08,4.581494748889477447e-08,1.219358436522454924e-07,4.579389339653568098e-07,4.046425959398133182e-05,7.506009589704985482e-03,9.852164451027614622e-03,1.266143850213009847e-02,1.608849241842475949e-02,2.048438058660802599e-02,2.642460980456216163e-02,3.450255939111674525e-02,4.487891433320038981e-02,5.730091302474739356e-02,7.220388006911557244e-02,9.151025723996496219e-02,1.169008694414573751e-01,1.477347526026854263e-01,1.852488199630790700e-01,2.338206603655329507e-01,2.931376249240965071e-01,3.664987844660282379e-01,4.583538765569862283e-01,5.705363879202143274e-01,7.099066393965868249e-01,8.810103646976737979e-01,1.090649761310780397e+00,1.348539919262368825e+00,1.663887887942290256e+00,2.048752293731850749e+00,2.518023949810137996e+00,3.089286436361228461e+00,3.783425575566645271e+00,4.625304638245684608e+00,5.644773352664008925e+00,6.877635653983217523e+00,8.365476778583628814e+00,1.015875897224007574e+01,1.231636932306093257e+01,1.490845659675727930e+01,1.801774137724767400e+01,2.163365781032289448e+01,2.576891727706465929e+01,3.067011895458683668e+01,3.723112661941173229e+01,4.584628556166953928e+01,5.640563434375956575e+01,6.597750480008937757e+01,7.615740026429216414e+01,8.767514631180452511e+01,1.009966020210836462e+02,1.186623306472270514e+02,1.392230917454960490e+02,1.631653509093030436e+02,1.910845678933732472e+02,2.240385620529005735e+02,2.626928501815954746e+02,3.060806574014462740e+02,3.540227776524875480e+02,4.165243284231779626e+02,4.865416148429380883e+02
1.091376714651273394e+00,0.000000000000000000e+00,0.000000000000000000e+00,0.000000000000000000e+00,0.000000000000000000e+00,0.000000000000000000e+00,0.000000000000000000e+00,0.000000000000000000e+00,0.000000000000000000e+00,0.000000000000000000e+00,0.000000000000000000e+00,0.000000000000000000e+00,0.000000000000000000e+00,0.000000000000000000e+00,0.000000000000000000e+00,0.000000000000000000e+00,0.000000000000000000e+00,0.000000000000000000e+00,0.000000000000000000e+00,0.000000000000000000e+00,0.000000000000000000e+00,0.000000000000000000e+00,0.000000000000000000e+00,3.235912621082582794e-11,5.207131925999009763e-11,1.037262659619992739e-10,1.193982441485140140e-10,1.196049883992871027e-10,2.024867758538055883e-10,2.052653132034624502e-10,2.747805852346400964e-10,5.968627369752598721e-10,6.633898260904226405e-10,1.115571279472951554e-09,1.496419917439055590e-09,2.156048519064058204e-09,3.111391604412896525e-09,4.640803511314684535e-09,7.453347998490784877e-09,1.192493145346938547e-08,2.155005494754019106e-08,4.197904066840383767e-08,1.117266311579751155e-07,4.195974935306198029e-07,3.707634499688848800e-05,6.877560689118582954e-03,9.027281156695437722e-03,1.160134565100722284e-02,1.474146571247445144e-02,1.876930331352486339e-02,2.421218031301464180e-02,3.161379469429245054e-02,4.112137791719380070e-02,5.250333111885817361e-02,6.615853087188763859e-02,8.384846040004176326e-02,1.071132156954719417e-01,1.353654981084061182e-01,1.697386589581686978e-01,2.142437686516387441e-01,2.685943551743840141e-01,3.358132710235944840e-01,4.199776945978214160e-01,5.227676019297491372e-01,6.504689259596515560e-01,8.072468038491934506e-01,9.993339116267242472e-01,1.235631932731189542e+00,1.524577046225464860e+00,1.877218256746925995e+00,2.307199627779047635e+00,2.830632534933957611e+00,3.466654111981452679e+00,4.238045925071440401e+00,5.172158501171319145e+00,6.301798051629517339e+00,7.665068043216079374e+00,9.308205714729853142e+00,1.128516776812154276e+01,1.366022968661280679e+01,1.650918618233931312e+01,1.982235603884537412e+01,2.361138636286424486e+01,2.810222954443996457e+01,3.411390963321786529e+01,4.200775492660091004e+01,5.168301062917839772e+01,6.045346571387232615e+01,6.978103824455030235e+01,8.033444834840486237e+01,9.254055054065817387e+01,1.087271966262750311e+02,1.275664854091942715e+02,1.495041526164859818e+02,1.750858024806130686e+02,2.052806872689119473e+02,2.406986026502622167e+02,2.804537180356169870e+02,3.243818315892951318e+02,3.816503713442975254e+02,4.458053835227759691e+02
1.191103133283006876e+00,0.000000000000000000e+00,0.000000000000000000e+00,0.000000000000000000e+00,0.000000000000000000e+00,0.000000000000000000e+00,0.000000000000000000e+00,0.000000000000000000e+00,0.000000000000000000e+00,0.000000000000000000e+00,0.000000000000000000e+00,0.000000000000000000e+00,0.000000000000000000e+00,0.000000000000000000e+00,0.000000000000000000e+00,0.000000000000000000e+00,0.000000000000000000e+00,0.000000000000000000e+00,0.000000000000000000e+00,0.000000000000000000e+00,0.000000000000000000e+00,0.000000000000000000e+00,0.000000000000000000e+00,2.964982281225004422e-11,4.771159083839204678e-11,9.504167036873498684e-11,1.094014949610366478e-10,1.095909293222408412e-10,1.855333480506829314e-10,1.880792493076514864e-10,2.517742788038505014e-10,5.468897484824704577e-10,6.078467839607472084e-10,1.022168848296721426e-09,1.371130515568316217e-09,1.975530987714886847e-09,2.850886923501090536e-09,4.252247137962400364e-09,6.829308247493943140e-09,1.092650346427791215e-08,1.974575291761292111e-08,3.846429936139635994e-08,1.023721961977858672e-07,3.844662323262902113e-07,3.397208727211616883e-05,6.301729363280545240e-03,8.271462122572329281e-03,1.063001023868663866e-02,1.350722029760803404e-02,1.719782276967692439e-02,2.218498891168952519e-02,2.896689499591713346e-02,3.767844536644093106e-02,4.810743202967686372e-02,6.061933517889578349e-02,7.682815591941026534e-02,9.814504401415392876e-02,1.240318730381372719e-01,1.555271032261349995e-01,1.963059737078006461e-01,2.461059976528890414e-01,3.076969359117182612e-01,3.848146006413711295e-01,4.789983100352187551e-01,5.960077003910562166e-01,7.396591781849883862e-01,9.156635817963557633e-01,1.132177291436907485e+00,1.396930157807711348e+00,1.720046095492106852e+00,2.114026803766163365e+00,2.593634715615521724e+00,3.176404687257002646e+00,3.883210873181969003e+00,4.739113847434406779e+00,5.774173085269758587e+00,7.023301798834228116e+00,8.528865963302227016e+00,1.034030469646540240e+01,1.251651194608604811e+01,1.512693642874218547e+01,1.816270749846371402e+01,2.163449709517466601e+01,2.574933949678360179e+01,3.125768506442639705e+01,3.849060948677433203e+01,4.735579377437296955e+01,5.539193287002552069e+01,6.393854414133013364e+01,7.360835838803291153e+01,8.479249126203647791e+01,9.962389261806499974e+01,1.168858412468104433e+02,1.369867531618144483e+02,1.604265512816608918e+02,1.880933361625780265e+02,2.205458476610181435e+02,2.569724223273630628e+02,2.972226063050507605e+02,3.496962746417454468e+02,4.084798379313266423e+02
1.299942224413245695e+00,0.000000000000000000e+00,0.000000000000000000e+00,0.000000000000000000e+00,0.000000000000000000e+00,0.000000000000000000e+00,0.000000000000000000e+00,0.000000000000000000e+00,0.000000000000000000e+00,0.000000000000000000e+00,0.000000000000000000e+00,0.000000000000000000e+00,0.000000000000000000e+00,0.000000000000000000e+00,0.000000000000000000e+00,0.000000000000000000e+00,0.000000000000000000e+00,0.000000000000000000e+00,0.000000000000000000e+00,0.000000000000000000e+00,0.000000000000000000e+00,0.000000000000000000e+00,0.000000000000000000e+00,2.716735881773327769e-11,4.371688546941125572e-11,8.708420208424877876e-11,1.002417345838220733e-10,1.004153083449818200e-10,1.699993646189952295e-10,1.723321074957589863e-10,2.306942006585689193e-10,5.011008033621257507e-10,5.569541440647028311e-10,9.365866383023705009e-10,1.256331106538618602e-09,1.810127485032632790e-09,2.612193283244120042e-09,3.896223073919180336e-09,6.257516910351258323e-09,1.001166995556548003e-08,1.809251805772882625e-08,3.524383363235565376e-08,9.380097158339756349e-08,3.522763745689209063e-07,3.112773693634397445e-05,5.774110147928282304e-03,7.578924867583696628e-03,9.740000951076950228e-03,1.237631343630415069e-02,1.575791616112327473e-02,2.032752633794122910e-02,2.654160988323165868e-02,3.452377612663314055e-02,4.407958442200097388e-02,5.554391473183064448e-02,7.039563414540973840e-02,8.992774236118290798e-02,1.136471681803923051e-01,1.425054256135842856e-01,1.798700403558877170e-01,2.255005025753432091e-01,2.819346718516313466e-01,3.525955753640306334e-01,4.388936501987517058e-01,5.461063007758033550e-01,6.777304007455676738e-01,8.389986422689410528e-01,1.037384503662121205e+00,1.279970645382580985e+00,1.576033346140898628e+00,1.937027586704245019e+00,2.376479799135410076e+00,2.910456714546961976e+00,3.558084775908718633e+00,4.342326333165989816e+00,5.290724098978762946e+00,6.435268138443268171e+00,7.814777288910227604e+00,9.474551323709917483e+00,1.146855323011489958e+01,1.386041705459666495e+01,1.664201485576612072e+01,1.982312505365072042e+01,2.359344775374951197e+01,2.864060103610891517e+01,3.526794091357648853e+01,4.339087790553102764e+01,5.075418242519941003e+01,5.858521927670077645e+01,6.744541770029694305e+01,7.769314676017269505e+01,9.128277274075593084e+01,1.070994457529349972e+02,1.255173867307455993e+02,1.469946619970922086e+02,1.723450149132779643e+02,2.020804042273240384e+02,2.354571239037963437e+02,2.723373170005941120e+02,3.204175697971379577e+02,3.742794146582538701e+02
1.418726674116596476e+00,0.000000000000000000e+00,0.000000000000000000e+00,0.000000000000000000e+00,0.000000000000000000e+00,0.000000000000000000e+00,0.000000000000000000e+00,0.000000000000000000e+00,0.000000000000000000e+00,0.000000000000000000e+00,0.000000000000000000e+00,0.000000000000000000e+00,0.000000000000000000e+00,0.000000000000000000e+00,0.000000000000000000e+00,0.000000000000000000e+00,0.000000000000000000e+00,0.000000000000000000e+00,0.000000000000000000e+00,0.000000000000000000e+00,0.000000000000000000e+00,0.000000000000000000e+00,0.000000000000000000e+00,2.489274184891698013e-11,4.005664119687589548e-11,7.979298157563744247e-11,9.184888520903822862e-11,9.200792631632006265e-11,1.557659810190425463e-10,1.579034124352049209e-10,2.113790752190296071e-10,4.591455879853933587e-10,5.103225463653637746e-10,8.581698928784981322e-10,1.151143404172823097e-09,1.658572572359692616e-09,2.393484530296939649e-09,3.570007515841253389e-09,5.733599431201643079e-09,9.173431887599416991e-09,1.657770210308171492e-08,3.229300493516309707e-08,8.594738216800758677e-08,3.227816480228675388e-07,2.852153295783865878e-05,5.290666431135356007e-03,6.944371055236764345e-03,8.924508669024666663e-03,1.134009299461620143e-02,1.443856731555646922e-02,1.862558185918091955e-02,2.431938443153652818e-02,3.163323503531453862e-02,4.038897278112230788e-02,5.089343943862550262e-02,6.450168232506517385e-02,8.239844331837101188e-02,1.041319341476933530e-01,1.305740022675112022e-01,1.648102235838533880e-01,2.066202252147162632e-01,2.583293816578428048e-01,3.230741233806652679e-01,4.021467970745472575e-01,5.003829506755604895e-01,6.209866782453044021e-01,7.687525590437630507e-01,9.505283462031675068e-01,1.172803696651681715e+00,1.444078222471960382e+00,1.774847823579580375e+00,2.177506416649877430e+00,2.666775528078714430e+00,3.260180218381909079e+00,3.978760289524308824e+00,4.847752410284200231e+00,5.896468242406585958e+00,7.160476473430419375e+00,8.681284103387996609e+00,1.050833600914734234e+01,1.269993840671731000e+01,1.524864387553268408e+01,1.816341212665948035e+01,2.161806041581921178e+01,2.624263524374388012e+01,3.231509380777436746e+01,3.975792897450233454e+01,4.650473273237907534e+01,5.368010741865649749e+01,6.179847599355070997e+01,7.118820267756758824e+01,8.364002229049154380e+01,9.813242697518646196e+01,1.150083056067877152e+02,1.346873724019861243e+02,1.579152391650093534e+02,1.851610003351543128e+02,2.157432174819963677e+02,2.495355758873908485e+02,2.935902566874177069e+02,3.429424594035314726e+02
1.548365256585498617e+00,0.000000000000000000e+00,0.000000000000000000e+00,0.000000000000000000e+00,0.000000000000000000e+00,0.000000000000000000e+00,0.000000000000000000e+00,0.000000000000000000e+00,0.000000000000000000e+00,0.000000000000000000e+00,0.000000000000000000e+00,0.000000000000000000e+00,0.000000000000000000e+00,0.000000000000000000e+00,0.000000000000000000e+00,0.000000000000000000e+00,0.000000000000000000e+00,0.000000000000000000e+00,0.000000000000000000e+00,0.000000000000000000e+00,0.000000000000000000e+00,0.000000000000000000e+00,0.000000000000000000e+00,2.280856968518972033e-11,3.670285489797641579e-11,7.311222651578527762e-11,8.415873637031612375e-11,8.430446158613461696e-11,1.427243031007989969e-10,1.446827757230093288e-10,1.936811298805943491e-10,4.207031191169437991e-10,4.675952304227295847e-10,7.863186756304475133e-10,1.054762657769042650e-09,1.519706761280549578e-09,2.193087408009917353e-09,3.271104713812750995e-09,5.253547518680290031e-09,8.405376222939297278e-09,1.518971577873436544e-08,2.958923761304697828e-08,7.875134315603416437e-08,2.957563998660222179e-07,2.613353627116016094e-05,4.847699570744349803e-03,6.362945958083497146e-03,8.177294374359369775e-03,1.039063124801933684e-02,1.322968240180020030e-02,1.706613455202068974e-02,2.228321724759106670e-02,2.898470767302588347e-02,3.700736165516209375e-02,4.663233029933888663e-02,5.910120809721999130e-02,7.549954311119760897e-02,9.541337353982903835e-02,1.196415504514711931e-01,1.510113065189548909e-01,1.893207198219704068e-01,2.367004703232893914e-01,2.960243874031130984e-01,3.684766146060253211e-01,4.584878383037954697e-01,5.689938862620207427e-01,7.043879063238048799e-01,8.709443159659944200e-01,1.074609418459534504e+00,1.323171186525988308e+00,1.626246739327488866e+00,1.995192299247152690e+00,2.443496816707169117e+00,2.987218047274933674e+00,3.645634212377014904e+00,4.441869012967899266e+00,5.402779959705004131e+00,6.560957712679807763e+00,7.954434052738537098e+00,9.628514030102852672e+00,1.163662210877873804e+01,1.397193441167110883e+01,1.664266048819194665e+01,1.980806455333511096e+01,2.404544177225658430e+01,2.960947707052736533e+01,3.642915268464945910e+01,4.261107288443357533e+01,4.918568144071945625e+01,5.662433068612530462e+01,6.522789218598482819e+01,7.663716951961630741e+01,8.991618169766672963e+01,1.053791088474305866e+02,1.234105241516195406e+02,1.446936122468655128e+02,1.696581921250891298e+02,1.976798795372252755e+02,2.286429356037019431e+02,2.690090898459642403e+02,3.142292251609121081e+02
1.689849786812457344e+00,0.000000000000000000e+00,0.000000000000000000e+00,0.000000000000000000e+00,0.000000000000000000e+00,0.000000000000000000e+00,0.000000000000000000e+00,0.000000000000000000e+00,0.000000000000000000e+00,0.000000000000000000e+00,0.000000000000000000e+00,0.000000000000000000e+00,0.000000000000000000e+00,0.000000000000000000e+00,0.000000000000000000e+00,0.000000000000000000e+00,0.000000000000000000e+00,0.000000000000000000e+00,0.000000000000000000e+00,0.000000000000000000e+00,0.000000000000000000e+00,0.000000000000000000e+00,0.000000000000000000e+00,2.089889712598249922e-11,3.362986804213066657e-11,6.699082501420856939e-11,7.711245369313866321e-11,7.724597790513823876e-11,1.307745539966038128e-10,1.325690513465276614e-10,1.774649644623223562e-10,3.854792881955252816e-10,4.284453059566511564e-10,7.204832804974213483e-10,9.664514952621745314e-10,1.392467642821333243e-09,2.009468754985002829e-09,2.997227877321868831e-09,4.813688480021265575e-09,7.701626862751106019e-09,1.391794013452808715e-08,2.711184618090519279e-08,7.215780041742737127e-08,2.709938703067574580e-07,2.394547723103162122e-05,4.441820597476582935e-03,5.830201316065868056e-03,7.492641417562452902e-03,9.520664229435614467e-03,1.212201270578461103e-02,1.563725368419081538e-02,2.041753039848500165e-02,2.655793117437670742e-02,3.390887963647550019e-02,4.272798720489402735e-02,5.415289450820338218e-02,6.917826090445947096e-02,8.742478399891132068e-02,1.096244301764310314e-01,1.383677189477213465e-01,1.734696345271246609e-01,2.168824633563142534e-01,2.712394202928376519e-01,3.376255051618581859e-01,4.201004402501803958e-01,5.213542479178061573e-01,6.454122548774346990e-01,7.980235461082625381e-01,9.846365641060093044e-01,1.212387225018613401e+00,1.490087444138957995e+00,1.828142631652788008e+00,2.238912360786383449e+00,2.737109933877814871e+00,3.340399482081584548e+00,4.069968649081180168e+00,4.950426270942888785e+00,6.011634318931043275e+00,7.288440321250769571e+00,8.822356113012219225e+00,1.066233313626906387e+01,1.280211885053416054e+01,1.524923545167422745e+01,1.814961258328144211e+01,2.203221073847063494e+01,2.713039106756868790e+01,3.337908184736160422e+01,3.904341398565485832e+01,4.506755621631135256e+01,5.188339637997354714e+01,5.976661523956651934e+01,7.022063829179653283e+01,8.238785058411070850e+01,9.655612716742109569e+01,1.130778424121434682e+02,1.325789805705167055e+02,1.554533735670729300e+02,1.811289144100804265e+02,2.094995545848346126e+02,2.464860082083760915e+02,2.879200380056830681e+02
1.844262708585534538e+00,0.000000000000000000e+00,0.000000000000000000e+00,0.000000000000000000e+00,0.000000000000000000e+00,0.000000000000000000e+00,0.000000000000000000e+00,0.000000000000000000e+00,0.000000000000000000e+00,0.000000000000000000e+00,0.000000000000000000e+00,0.000000000000000000e+00,0.000000000000000000e+00,0.000000000000000000e+00,0.000000000000000000e+00,0.000000000000000000e+00,0.000000000000000000e+00,0.000000000000000000e+00,0.000000000000000000e+00,0.000000000000000000e+00,0.000000000000000000e+00,0.000000000000000000e+00,0.000000000000000000e+00,1.914911400016474351e-11,3.081417038742335693e-11,6.138194457961664473e-11,7.065612877564310411e-11,7.077847352627508300e-11,1.198253107666769859e-10,1.214695618541644787e-10,1.626065153122013884e-10,3.532046112223469613e-10,3.925732519348756159e-10,6.601600261625856325e-10,8.855342818734994444e-10,1.275881759366899457e-09,1.841223775446855313e-09,2.746281679905155667e-09,4.410657122696060520e-09,7.056799691032440453e-09,1.275264530357446038e-08,2.484187706860524053e-08,6.611630928966986633e-08,2.483046107441900850e-07,2.194061583830189663e-05,4.069924287230073864e-03,5.342061304587010506e-03,6.865311781877781946e-03,8.723536155412424734e-03,1.110708387218793322e-02,1.432800743709047517e-02,1.870805023085818711e-02,2.433433920464643518e-02,3.106982142945057326e-02,3.915053952616797533e-02,4.961888391169020501e-02,6.338623499637696668e-02,8.010504789525958735e-02,1.004460043033437860e-01,1.267827296388065739e-01,1.589456987659419451e-01,1.987237407988995674e-01,2.485296017878726171e-01,3.093574387554524074e-01,3.849270692791120219e-01,4.777032906409350854e-01,5.913744046515254649e-01,7.312081478330370032e-01,9.021967858464245982e-01,1.110878772419114924e+00,1.365328235553462832e+00,1.675079381033828030e+00,2.051456963237282327e+00,2.507942397096497356e+00,3.060720864975518207e+00,3.729206051809208056e+00,4.535946391823737933e+00,5.508303629926660783e+00,6.678207646733271829e+00,8.083694653345448344e+00,9.769617578542518999e+00,1.173024738265999112e+01,1.397247645745016698e+01,1.663001632674632546e+01,2.018753968514947417e+01,2.485886926425549959e+01,3.058438154237804696e+01,3.577446124836039587e+01,4.129422555135945316e+01,4.753940200799666371e+01,5.476258970640004264e+01,6.434133819158316214e+01,7.548983726525264615e+01,8.847185932336257963e+01,1.036102758049727299e+02,1.214786597429646946e+02,1.424378690512421315e+02,1.659636970245937277e+02,1.919589741767358646e+02,2.258486963295121370e+02,2.638136164538583444e+02
2.012785375849939218e+00,0.000000000000000000e+00,0.000000000000000000e+00,0.000000000000000000e+00,0.000000000000000000e+00,0.000000000000000000e+00,0.000000000000000000e+00,0.000000000000000000e+00,0.000000000000000000e+00,0.000000000000000000e+00,0.000000000000000000e+00,0.000000000000000000e+00,0.000000000000000000e+00,0.000000000000000000e+00,0.000000000000000000e+00,0.000000000000000000e+00,0.000000000000000000e+00,0.000000000000000000e+00,0.000000000000000000e+00,0.000000000000000000e+00,0.000000000000000000e+00,0.000000000000000000e+00,0.000000000000000000e+00,1.754583338923759719e-11,2.823422011277690527e-11,5.624267382251230529e-11,6.474036675614780106e-11,6.485246805809932192e-11,1.097928049573283114e-10,1.112993893157941858e-10,1.489921061438065724e-10,3.236321670425285753e-10,3.597046250526924230e-10,6.048874025808091621e-10,8.113919510885417981e-10,1.169057157110577323e-09,1.687065291690028379e-09,2.516346228609680884e-09,4.041370008618329531e-09,6.465961382809321480e-09,1.168491606278158882e-08,2.276196361450037414e-08,6.058064864504274594e-08,2.275150343697140794e-07,2.010361366864288289e-05,3.729165404202830925e-03,4.894791351942995479e-03,6.290506009257719119e-03,7.993148505280186014e-03,1.017713107039943700e-02,1.312837927064321869e-02,1.714169816866209506e-02,2.229691991588987274e-02,2.846846649039812618e-02,3.587261758528329653e-02,4.546448833439229592e-02,5.807915282179235833e-02,7.339816473989504986e-02,9.203605222183910972e-02,1.161677062894981849e-01,1.456377954854293499e-01,1.820853772406144933e-01,2.277211877910415849e-01,2.834561472701945806e-01,3.526986274414948275e-01,4.377070577262363593e-01,5.418609328131825942e-01,6.699869421959211424e-01,8.266593686073857583e-01,1.017869226552147177e+00,1.251014628793619465e+00,1.534831519260574373e+00,1.879696474826093811e+00,2.297962164144081498e+00,2.804458647400689397e+00,3.416974177427634096e+00,4.156169296019023740e+00,5.047114855924633936e+00,6.119067373420326028e+00,7.406878436038856428e+00,8.951645611812596215e+00,1.074811953121809793e+01,1.280261551293476252e+01,1.523764993653919042e+01,1.849731574271307721e+01,2.277753311989859952e+01,2.802367059127759319e+01,3.277920517095820685e+01,3.783682114250913031e+01,4.355911333804376540e+01,5.017753170947786856e+01,5.895428895250170598e+01,6.916936769113115702e+01,8.106445568763297160e+01,9.493539161505678692e+01,1.113077254738577437e+02,1.305121019525830661e+02,1.520682041284195805e+02,1.758869981370936273e+02,2.069392660642181738e+02,2.417255315348692477e+02
2.196707090793235118e+00,0.000000000000000000e+00,0.000000000000000000e+00,0.000000000000000000e+00,0.000000000000000000e+00,0.000000000000000000e+00,0.000000000000000000e+00,0.000000000000000000e+00,0.000000000000000000e+00,0.000000000000000000e+00,0.000000000000000000e+00,0.000000000000000000e+00,0.000000000000000000e+00,0.000000000000000000e+00,0.000000000000000000e+00,0.000000000000000000e+00,0.000000000000000000e+00,0.000000000000000000e+00,0.000000000000000000e+00,0.000000000000000000e+00,0.000000000000000000e+00,0.000000000000000000e+00,0.000000000000000000e+00,1.607678920916321818e-11,2.587027900975380332e-11,5.153369415663543313e-11,5.931990841204105543e-11,5.942262390930850186e-11,1.006002817206983447e-10,1.019807256482997077e-10,1.365175783427025773e-10,2.965357082462021103e-10,3.295879600726395968e-10,5.542425401426016818e-10,7.434572684169876247e-10,1.071176562058248699e-09,1.545813896376829868e-09,2.305662375629598194e-09,3.703001863943620118e-09,5.924591661162006431e-09,1.070658362590708086e-08,2.085619319977289623e-08,5.550846727053365098e-08,2.084660881210130398e-07,1.842041652415735169e-05,3.416936933086764730e-03,4.484969567549390405e-03,5.763826481553364564e-03,7.323913363713490353e-03,9.325039588783352179e-03,1.202919129059677392e-02,1.570649065399875796e-02,2.043008579582384493e-02,2.608491285201611568e-02,3.286914326071694453e-02,4.165792409170056970e-02,5.321641193375683393e-02,6.725282274631258495e-02,8.433023261930899794e-02,1.064414374340185154e-01,1.334441110299525446e-01,1.668400789536691464e-01,2.086549811206162008e-01,2.597234698751723081e-01,3.231685473097090089e-01,4.010595533606345353e-01,4.964930308104685275e-01,6.138915492713269417e-01,7.574464046280549034e-01,9.326470071128337702e-01,1.146272054368830062e+00,1.406326063820225292e+00,1.722316822039502426e+00,2.105562756924264534e+00,2.569652265576140238e+00,3.130884259812576786e+00,3.808189454863934120e+00,4.624539618785374451e+00,5.606741733880172163e+00,6.786729400219583042e+00,8.202159246793998548e+00,9.848221413311383898e+00,1.173070246145536544e+01,1.396186095230010693e+01,1.694860765709437800e+01,2.087045913122370777e+01,2.567735797829622157e+01,3.003473019985781178e+01,3.466889171682492332e+01,3.991207871056894163e+01,4.597636273146165564e+01,5.401827633031304998e+01,6.337808637710652704e+01,7.427724506064380705e+01,8.698682163600258832e+01,1.019883638523695311e+02,1.195848328084271799e+02,1.393361266435025527e+02,1.611606659514397393e+02,1.896130486257820564e+02,2.214867957963603544e+02
2.397434967801077121e+00,0.000000000000000000e+00,0.000000000000000000e+00,0.000000000000000000e+00,0.000000000000000000e+00,0.000000000000000000e+00,0.000000000000000000e+00,0.000000000000000000e+00,0.000000000000000000e+00,0.000000000000000000e+00,0.000000000000000000e+00,0.000000000000000000e+00,0.000000000000000000e+00,0.000000000000000000e+00,0.000000000000000000e+00,0.000000000000000000e+00,0.000000000000000000e+00,0.000000000000000000e+00,0.000000000000000000e+00,0.000000000000000000e+00,0.000000000000000000e+00,0.000000000000000000e+00,0.000000000000000000e+00,1.473074236726795190e-11,2.370426147310657212e-11,4.721897898756430060e-11,5.435328389885567705e-11,5.444739942824945998e-11,9.217741259290388672e-11,9.344227733581939764e-11,1.250874940888984628e-10,2.717079302364939536e-10,3.019928459605742557e-10,5.078379744611817368e-10,6.812104916995081008e-10,9.814911273789828525e-10,1.416388929344861888e-09,2.112618259742076600e-09,3.392963963984551031e-09,5.428548714322795503e-09,9.810163147312655352e-09,1.910998550710059852e-08,5.086095985497567260e-08,1.910120358281824520e-07,1.687814691010996557e-05,3.130850133795071936e-03,4.109460562370958504e-03,5.281243776027487631e-03,6.710710669737621203e-03,8.544290402753345823e-03,1.102203403197992218e-02,1.439144746552288405e-02,1.871955441375882170e-02,2.390092486108337869e-02,3.011713812422650918e-02,3.817006862292410957e-02,4.876080936980686092e-02,6.162200626371419632e-02,7.726959123024260134e-02,9.752951112579825999e-02,1.222713562040691204e-01,1.528712100175047550e-01,1.911851135538360780e-01,2.379778369727831022e-01,2.961109055849435179e-01,3.674804015667356150e-01,4.549236062536963221e-01,5.624928047575976642e-01,6.940283721098826630e-01,8.545601116392167462e-01,1.050299167080083418e+00,1.288579868839869524e+00,1.578113953613013321e+00,1.929272201484574900e+00,2.354505306077763649e+00,2.868747534908682617e+00,3.489344608273745596e+00,4.237344957706056015e+00,5.137311121459734231e+00,6.218503023851065237e+00,7.515424451230689584e+00,9.023668254144654455e+00,1.074853650804128335e+01,1.279288880261782957e+01,1.552956685768208800e+01,1.912305700776511941e+01,2.352749296699159487e+01,2.752003941137298781e+01,3.176620066326286462e+01,3.657039606468241288e+01,4.212694124242191407e+01,4.949553678866372763e+01,5.807168645462412826e+01,6.805830110126323973e+01,7.970375441242340742e+01,9.344927602286053059e+01,1.095724612803728490e+02,1.276700563361611671e+02,1.476673121094903536e+02,1.737374877806229847e+02,2.029425704461102384e+02
2.616504698748820967e+00,0.000000000000000000e+00,0.000000000000000000e+00,0.000000000000000000e+00,0.000000000000000000e+00,0.000000000000000000e+00,0.000000000000000000e+00,0.000000000000000000e+00,0.000000000000000000e+00,0.000000000000000000e+00,0.000000000000000000e+00,0.000000000000000000e+00,0.000000000000000000e+00,0.000000000000000000e+00,0.000000000000000000e+00,0.000000000000000000e+00,0.000000000000000000e+00,0.000000000000000000e+00,0.000000000000000000e+00,0.000000000000000000e+00,0.000000000000000000e+00,0.000000000000000000e+00,0.000000000000000000e+00,1.349739477626187981e-11,2.171959613475973184e-11,4.326551808708154285e-11,4.980249548042000292e-11,4.988873108370007912e-11,8.445975743797798853e-11,8.561871999044520617e-11,1.146144061987501264e-10,2.489588852216922446e-10,2.767081630993655100e-10,4.653186820313008800e-10,6.241753947601627757e-10,8.993147042656098616e-10,1.297800209891264948e-09,1.935736974576299111e-09,3.108884327872710022e-09,4.974037508265306088e-09,8.988796458285521530e-09,1.750998097225007223e-08,4.660257010451906710e-08,1.750193432422793888e-07,1.546500551416201162e-05,2.868716266129490728e-03,3.765391461264637907e-03,4.839065837789106352e-03,6.148849045108945727e-03,7.828910300219751525e-03,1.009920212151656747e-02,1.318650771298650153e-02,1.715223915120844475e-02,2.189979366448222345e-02,2.759554764172315183e-02,3.497423768576605335e-02,4.467825702639015295e-02,5.646263607832627957e-02,7.080010979978849928e-02,8.936374564025929834e-02,1.120340525527323272e-01,1.400718999821720656e-01,1.751779298451729139e-01,2.180528810794941097e-01,2.713186946448271630e-01,3.367127011539331471e-01,4.168346274448943012e-01,5.153974766058028179e-01,6.359200840487464479e-01,7.830111272918935938e-01,9.623617152356822579e-01,1.180692103415096339e+00,1.445984628797277072e+00,1.767741766509131729e+00,2.157371762169304485e+00,2.628558495336168921e+00,3.197195396814648483e+00,3.882568595079482154e+00,4.707184102879868881e+00,5.697852025217577498e+00,6.886187281017888573e+00,8.268151714257507834e+00,9.848603478291868996e+00,1.172179013064753583e+01,1.422933680845869731e+01,1.752195804715834626e+01,2.155762776605446618e+01,2.521589387232477364e+01,2.910654060767009099e+01,3.350849947020146402e+01,3.859981679733994753e+01,4.535146858477641985e+01,5.320957069638389925e+01,6.236004505832785583e+01,7.303046999485512458e+01,8.562513270472358329e+01,1.003983865602121028e+02,1.169807405841121266e+02,1.353037041446081332e+02,1.591911257114709031e+02,1.859509807399145984e+02
2.855592301990107718e+00,0.000000000000000000e+00,0.000000000000000000e+00,0.000000000000000000e+00,0.000000000000000000e+00,0.000000000000000000e+00,0.000000000000000000e+00,0.000000000000000000e+00,0.000000000000000000e+00,0.000000000000000000e+00,0.000000000000000000e+00,0.000000000000000000e+00,0.000000000000000000e+00,0.000000000000000000e+00,0.000000000000000000e+00,0.000000000000000000e+00,0.000000000000000000e+00,0.000000000000000000e+00,0.000000000000000000e+00,0.000000000000000000e+00,0.000000000000000000e+00,0.000000000000000000e+00,0.000000000000000000e+00,1.236731056752910107e-11,1.990109908263873746e-11,3.964306504459932667e-11,4.563272682277572563e-11,4.571174225541452289e-11,7.738827144114519897e-11,7.845019858042591089e-11,1.050181891001520925e-10,2.281145289976632132e-10,2.535404680938074736e-10,4.263593640807920580e-10,5.719156239828748103e-10,8.240185924737888178e-10,1.189140461280549075e-09,1.773665269370185880e-09,2.848589571444256037e-09,4.557580752357041771e-09,8.236199597824208136e-09,1.604393857518302144e-08,4.270071871508634600e-08,1.603656564160829035e-07,1.417018093436557683e-05,2.628529844569873781e-03,3.450129923715470129e-03,4.433909733299863307e-03,5.634029902382224966e-03,7.173426182838543025e-03,9.253635326774914058e-03,1.208245286523267591e-02,1.571614908119886925e-02,2.006620937618212516e-02,2.528508009311957946e-02,3.204598120543678680e-02,4.093752086388077749e-02,5.173523983088437056e-02,6.487229281083865817e-02,8.188166784263271880e-02,1.026538783984689424e-01,1.283442262435745274e-01,1.605109651813923510e-01,1.997961640121380111e-01,2.486022388076342682e-01,3.085210602660903856e-01,3.819346902394607501e-01,4.722452565523971302e-01,5.826769762555741305e-01,7.174526602778844575e-01,8.817869231736220614e-01,1.081837359698811341e+00,1.324917976886937243e+00,1.619735644693479637e+00,1.976743440837152033e+00,2.408479547024301670e+00,2.929506699101827483e+00,3.557496273246105734e+00,4.313069941559044551e+00,5.220793103541895519e+00,6.309633684294086997e+00,7.575891626842548909e+00,9.024018330314833136e+00,1.074037037192331034e+01,1.303796994881404281e+01,1.605491285633405596e+01,1.975269169357599708e+01,2.310466545035459163e+01,2.666956351269642767e+01,3.070296353254010313e+01,3.536800472206676460e+01,4.155436704480867149e+01,4.875454092255021266e+01,5.713888176389554729e+01,6.691591364782829032e+01,7.845607438315497006e+01,9.199242132657406046e+01,1.071863995389446131e+02,1.239752528418582358e+02,1.458626737902660295e+02,1.703820305524214689e+02
3.116526944929430609e+00,0.000000000000000000e+00,0.000000000000000000e+00,0.000000000000000000e+00,0.000000000000000000e+00,0.000000000000000000e+00,0.000000000000000000e+00,0.000000000000000000e+00,0.000000000000000000e+00,0.000000000000000000e+00,0.000000000000000000e+00,0.000000000000000000e+00,0.000000000000000000e+00,0.000000000000000000e+00,0.000000000000000000e+00,0.000000000000000000e+00,0.000000000000000000e+00,0.000000000000000000e+00,0.000000000000000000e+00,0.000000000000000000e+00,0.000000000000000000e+00,0.000000000000000000e+00,0.000000000000000000e+00,1.133184390092179680e-11,1.823485769439172918e-11,3.632390586349136233e-11,4.181207662778173869e-11,4.188447640649979866e-11,7.090885337962612253e-11,7.188186950231298910e-11,9.622542582256618774e-11,2.090153894025056853e-10,2.323125138095153629e-10,3.906619578346293581e-10,5.240313599375431676e-10,7.550267303779583012e-10,1.089578369518827438e-09,1.625163195768679986e-09,2.610088279512600181e-09,4.175992295944596996e-09,7.546614736466971273e-09,1.470064218871439822e-08,3.912555412063236691e-08,1.469388656210467040e-07,1.298376696528051149e-05,2.408453295074896010e-03,3.161264004810554733e-03,4.062675768849096335e-03,5.162314558069402634e-03,6.572823193438446891e-03,8.478864541041377517e-03,1.107083622275501118e-02,1.440029723029287619e-02,1.838614394718313463e-02,2.316805897879074469e-02,2.936289621652448181e-02,3.750998194694075971e-02,4.740365002877607731e-02,5.944078881284108051e-02,7.502603523000424268e-02,9.405906963231283613e-02,1.175984648752417816e-01,1.470720082503137460e-01,1.830680106419337594e-01,2.277877431965092958e-01,2.826897954888765163e-01,3.499567886249982940e-01,4.327060035391109283e-01,5.338917061665150454e-01,6.573831479510092723e-01,8.079583441134519095e-01,9.912593380228841289e-01,1.213987763437198719e+00,1.484121498057645816e+00,1.811238424184979268e+00,2.206826950485086591e+00,2.684230531744385306e+00,3.259640988751376867e+00,3.951953421451909865e+00,4.783676464281255036e+00,5.781352670979607034e+00,6.941591775909627948e+00,8.268472479915672579e+00,9.841121060893417649e+00,1.194635158858053359e+01,1.471069763611739489e+01,1.809887587704998779e+01,2.117020194785556342e+01,2.443662500277746119e+01,2.813232417401409791e+01,3.240677966394755316e+01,3.807518200357289118e+01,4.467251341176791612e+01,5.235486610336292301e+01,6.131330524970003637e+01,7.188725334700215797e+01,8.429025476869213662e+01,9.821210045991662696e+01,1.135952885722616372e+02,1.336501611516179651e+02,1.561166078267150112e+02
3.401304938279252177e+00,0.000000000000000000e+00,0.000000000000000000e+00,0.000000000000000000e+00,0.000000000000000000e+00,0.000000000000000000e+00,0.000000000000000000e+00,0.000000000000000000e+00,0.000000000000000000e+00,0.000000000000000000e+00,0.000000000000000000e+00,0.000000000000000000e+00,0.000000000000000000e+00,0.000000000000000000e+00,0.000000000000000000e+00,0.000000000000000000e+00,0.000000000000000000e+00,0.000000000000000000e+00,0.000000000000000000e+00,0.000000000000000000e+00,0.000000000000000000e+00,0.000000000000000000e+00,0.000000000000000000e+00,1.038307281875868935e-11,1.670812419726060975e-11,3.328264693195136333e-11,3.831131456853732357e-11,3.837765259622852456e-11,6.497193171496568443e-11,6.586348099361945727e-11,8.816884631198403819e-11,1.915153462563035574e-10,2.128618933231922119e-10,3.579533561511409300e-10,4.801562585151785522e-10,6.918112877451404644e-10,9.983522232898099324e-10,1.489094621455220158e-09,2.391555770315843135e-09,3.826352752339000186e-09,6.914766125350524922e-09,1.346981476823213821e-08,3.584972411028039236e-08,1.346362476388346953e-07,1.189668680940219651e-05,2.206802896508990204e-03,2.896583702375096336e-03,3.722523775988054780e-03,4.730094099285334086e-03,6.022506349275240194e-03,7.768962290670293307e-03,1.014391829524461178e-02,1.319461652147690088e-02,1.684674384230200675e-02,2.122828778346587050e-02,2.690445546651302339e-02,3.436941749204012325e-02,4.343472734244922806e-02,5.446404345527395413e-02,6.874439799091484893e-02,8.618387067417636327e-02,1.077524041850369818e-01,1.347582427551677065e-01,1.677404402937342220e-01,2.087159641016292921e-01,2.590212817388211075e-01,3.206562719608871403e-01,3.964772179305410815e-01,4.891910364214697160e-01,6.023430215487621808e-01,7.403111439587732878e-01,9.082650607399298526e-01,1.112345303999914492e+00,1.359861794863257423e+00,1.659590496910796187e+00,2.022057939169273677e+00,2.459490381011175231e+00,2.986723965237728429e+00,3.621071778789667572e+00,4.383157895951424798e+00,5.297302565986041323e+00,6.360399376971926699e+00,7.576185536043517743e+00,9.017162386534828045e+00,1.094613017504019048e+01,1.347902831225228226e+01,1.658352760699416351e+01,1.939770352771367357e+01,2.239064172317957713e+01,2.577691442042832293e+01,2.969348642764698809e+01,3.488729555288249884e+01,4.093225813970391869e+01,4.797139741073898733e+01,5.617978139591462394e+01,6.586841406999617732e+01,7.723296056909673268e+01,8.998918443234171605e+01,1.040843982167592969e+02,1.224601545528878574e+02,1.430455732937263349e+02
3.712105009066362094e+00,0.000000000000000000e+00,0.000000000000000000e+00,0.000000000000000000e+00,0.000000000000000000e+00,0.000000000000000000e+00,0.000000000000000000e+00,0.000000000000000000e+00,0.000000000000000000e+00,0.000000000000000000e+00,0.000000000000000000e+00,0.000000000000000000e+00,0.000000000000000000e+00,0.000000000000000000e+00,0.000000000000000000e+00,0.000000000000000000e+00,0.000000000000000000e+00,0.000000000000000000e+00,0.000000000000000000e+00,0.000000000000000000e+00,0.000000000000000000e+00,0.000000000000000000e+00,0.000000000000000000e+00,9.513738637970101759e-12,1.530921813976885121e-11,3.049602074622431145e-11,3.510365765938016044e-11,3.516444146280993342e-11,5.953208534023570516e-11,6.034898867588974479e-11,8.078681277358620530e-11,1.754805134517629111e-10,1.950397974096485953e-10,3.279833180841845528e-10,4.399546481698599988e-10,6.338886275085997903e-10,9.147640863941398745e-10,1.364418538039845652e-09,2.191320135577580640e-09,3.505987163709674649e-09,6.335819733482214053e-09,1.234203972597687097e-08,3.284816656706426293e-08,1.233636798654394156e-07,1.090062363407078342e-05,2.022035899138757090e-03,2.654064049094761492e-03,3.410851382492166746e-03,4.334061773341698134e-03,5.518265387583980164e-03,7.118497386260164150e-03,9.294607589722938754e-03,1.208988275482216629e-02,1.543623170271232227e-02,1.945092606291213069e-02,2.465185036965882037e-02,3.149180024701384029e-02,3.979810706913230328e-02,4.990398157127330647e-02,6.298869773200235778e-02,7.896803140216769601e-02,9.873071574508257564e-02,1.234754608066078313e-01,1.536961876150456097e-01,1.912409906677550175e-01,2.373344403097201460e-01,2.938089732502183193e-01,3.632817272056487745e-01,4.482329793684304842e-01,5.519111902082576293e-01,6.783277799685548670e-01,8.322195705175431391e-01,1.019212971164902726e+00,1.246005871856788572e+00,1.520639458980104441e+00,1.852758916352159835e+00,2.253566846345126162e+00,2.736657219402077512e+00,3.317893565235818354e+00,4.016173184849350264e+00,4.853780087912801022e+00,5.827867950256075957e+00,6.941861077239795286e+00,8.262190557562036020e+00,1.002965339840313419e+01,1.235048185589998049e+01,1.519505353593061159e+01,1.777360948543949704e+01,2.051596064181563861e+01,2.361871393661243346e+01,2.720736664895303392e+01,3.196631839816191700e+01,3.750515985012835074e+01,4.395493945101004840e+01,5.147606746756155616e+01,6.035350872502631603e+01,7.076654608099725863e+01,8.245474108460879847e+01,9.536981760694544619e+01,1.122070435523424692e+02,1.310689254896129796e+02
4.051304969235380860e+00,0.000000000000000000e+00,0.000000000000000000e+00,0.000000000000000000e+00,0.000000000000000000e+00,0.000000000000000000e+00,0.000000000000000000e+00,0.000000000000000000e+00,0.000000000000000000e+00,0.000000000000000000e+00,0.000000000000000000e+00,0.000000000000000000e+00,0.000000000000000000e+00,0.000000000000000000e+00,0.000000000000000000e+00,0.000000000000000000e+00,0.000000000000000000e+00,0.000000000000000000e+00,0.000000000000000000e+00,0.000000000000000000e+00,0.000000000000000000e+00,0.000000000000000000e+00,0.000000000000000000e+00,8.717190416702284078e-12,1.402743702907441720e-11,2.794270789987367582e-11,3.216456534955192890e-11,3.222025996224961050e-11,5.454769608059482071e-11,5.529620328684859211e-11,7.402284810465281934e-11,1.607882146430383282e-10,1.787098760595873016e-10,3.005225543858014587e-10,4.031189618246879693e-10,5.808156056464387859e-10,8.381744581076514957e-10,1.250181096703916102e-09,2.007849449378962805e-09,3.212444536009677088e-09,5.805346264425930684e-09,1.130868888834641713e-08,3.009791772729934033e-08,1.130349202152968165e-07,9.987956942579494839e-06,1.852738721647416561e-03,2.431849620268664372e-03,3.125274102610878495e-03,3.971187689052499241e-03,5.056242554476001426e-03,6.522493370709977339e-03,8.516406356253293161e-03,1.107764403667457591e-02,1.414381624189650459e-02,1.782237590539694633e-02,2.258784710972673929e-02,2.885511466778581044e-02,3.646596682415838286e-02,4.572571587915827407e-02,5.771489980169595968e-02,7.235634620205388945e-02,9.046437808289682636e-02,1.131373421743397389e-01,1.408278054238641941e-01,1.752291285863306347e-01,2.174633535090176872e-01,2.692094941242162420e-01,3.328655654172793521e-01,4.107041806473341050e-01,5.057018193618042501e-01,6.215340412364400713e-01,7.625410725236717591e-01,9.338782452313646454e-01,1.141682661110214214e+00,1.393322249381134359e+00,1.697634640248092852e+00,2.064884485890105204e+00,2.507527586637689598e+00,3.040099280747420529e+00,3.679914671931254766e+00,4.447392016663765268e+00,5.339923302393573934e+00,6.360646130752316552e+00,7.570429574541591045e+00,9.189909646925077169e+00,1.131642419166540492e+01,1.392283098213789216e+01,1.628549450142766375e+01,1.879823929390969894e+01,2.164121115975917320e+01,2.492939998050680828e+01,2.928990326532309396e+01,3.436499913058191424e+01,4.027476384728890935e+01,4.716617715635399577e+01,5.530034488990452246e+01,6.484153925128340745e+01,7.555112728509649855e+01,8.738487483436817627e+01,1.028123855365522559e+02,1.200950356829752792e+02
4.421499907374488281e+00,0.000000000000000000e+00,0.000000000000000000e+00,0.000000000000000000e+00,0.000000000000000000e+00,0.000000000000000000e+00,0.000000000000000000e+00,0.000000000000000000e+00,0.000000000000000000e+00,0.000000000000000000e+00,0.000000000000000000e+00,0.000000000000000000e+00,0.000000000000000000e+00,0.000000000000000000e+00,0.000000000000000000e+00,0.000000000000000000e+00,0.000000000000000000e+00,0.000000000000000000e+00,0.000000000000000000e+00,0.000000000000000000e+00,0.000000000000000000e+00,0.000000000000000000e+00,0.000000000000000000e+00,7.987334070516322000e-12,1.285297445030847299e-11,2.560317397719282200e-11,2.947155177287197870e-11,2.952258329292367048e-11,4.998063028862073181e-11,5.066646790656270668e-11,6.782520380994683757e-11,1.473260446961385444e-10,1.637471953180623899e-10,2.753609733022636145e-10,3.693673837942348179e-10,5.321861808569246232e-10,7.679973806070002785e-10,1.145508310669231536e-09,1.839740047981992510e-09,2.943479087361824620e-09,5.319287269456640545e-09,1.036185648505417411e-08,2.757793649364830023e-08,1.035709473162204687e-07,9.151704272681811776e-06,1.697616136367194328e-03,2.228240338667763793e-03,2.863607094283200823e-03,3.638695636200566571e-03,4.632903090745910633e-03,5.976390446257692085e-03,7.803360876152220724e-03,1.015015611746325833e-02,1.295960968565823199e-02,1.633017789928907851e-02,2.069665479068262190e-02,2.643918848589861884e-02,3.341281368258835344e-02,4.189728007324122760e-02,5.288265639801335849e-02,6.629823161031418721e-02,8.289014862462301680e-02,1.036647938842001071e-01,1.290368426715634564e-01,1.605578772516888797e-01,1.992559952852792637e-01,2.466696334182248984e-01,3.049960301962641451e-01,3.763175218362305730e-01,4.633613788648502929e-01,5.694954206852748113e-01,6.986964833378599415e-01,8.556882629933751927e-01,1.046094025814922279e+00,1.276664813053429937e+00,1.555498314613150468e+00,1.891999763390495470e+00,2.297582084146735593e+00,2.785563627971319178e+00,3.371809772491888513e+00,4.075029233223870229e+00,4.892832356332465160e+00,5.828094044305066390e+00,6.936587039939333010e+00,8.420474363759467451e+00,1.036894414160314248e+01,1.275712665959401804e+01,1.492197357960981918e+01,1.722433605330885698e+01,1.982927697580039705e+01,2.284215857443181363e+01,2.683757393035645578e+01,3.148775181772366594e+01,3.690271498980796139e+01,4.321713714720857524e+01,5.067026274935194152e+01,5.941261012885195214e+01,6.922552613671741994e+01,8.006848016937045998e+01,9.420430558609068328e+01,1.100399468586327032e+02
4.825522042741277495e+00,0.000000000000000000e+00,0.000000000000000000e+00,0.000000000000000000e+00,0.000000000000000000e+00,0.000000000000000000e+00,0.000000000000000000e+00,0.000000000000000000e+00,0.000000000000000000e+00,0.000000000000000000e+00,0.000000000000000000e+00,0.000000000000000000e+00,0.000000000000000000e+00,0.000000000000000000e+00,0.000000000000000000e+00,0.000000000000000000e+00,0.000000000000000000e+00,0.000000000000000000e+00,0.000000000000000000e+00,0.000000000000000000e+00,0.000000000000000000e+00,0.000000000000000000e+00,0.000000000000000000e+00,7.318585748889198007e-12,1.177684504146249261e-11,2.345952010289479594e-11,2.700401371701337721e-11,2.705077256697473624e-11,4.579594709842331227e-11,4.642436220819695674e-11,6.214646409385688913e-11,1.349910097204277828e-10,1.500372814627847604e-10,2.523060732427753195e-10,3.384416937209976455e-10,4.876283080924755156e-10,7.036959560314588957e-10,1.049599368660944164e-09,1.685705790937498201e-09,2.697033066444296275e-09,4.873924097928284096e-09,9.494298665117748674e-09,2.526894345776862438e-08,9.489935594723993497e-08,8.385467776455217116e-06,1.555481359990012677e-03,2.041678467897083387e-03,2.623848443750430737e-03,3.334041845819696228e-03,4.245008188786819278e-03,5.476010589219254023e-03,7.150015912375062670e-03,9.300323143422141448e-03,1.187455212456059103e-02,1.496291581088666535e-02,1.896380462661402186e-02,2.422553837823699513e-02,3.061528914263552531e-02,3.838938426190322689e-02,4.845499788302787963e-02,6.074733931949282545e-02,7.595007985039230192e-02,9.498534510819581222e-02,1.182330912317425820e-01,1.471149925559771809e-01,1.825730681352747964e-01,2.260169473168969767e-01,2.794599024349895267e-01,3.448099238185368676e-01,4.245659382726594266e-01,5.218137908203817066e-01,6.401973525347881555e-01,7.840448229342998898e-01,9.585086540436041913e-01,1.169774648766775282e+00,1.425262509022998447e+00,1.733590004249857097e+00,2.105214499542332973e+00,2.552339252410556369e+00,3.089501294307237078e+00,3.733842932983925778e+00,4.483174590998919129e+00,5.340130466469878989e+00,6.355813668020007690e+00,7.715460895141102782e+00,9.500792899834156202e+00,1.168902221234424488e+01,1.367261494522340826e+01,1.578220959095003195e+01,1.816904897236737426e+01,2.092967374856495155e+01,2.459056856360716026e+01,2.885140519768641809e+01,3.381299462816509305e+01,3.959873485207874921e+01,4.642783932360384114e+01,5.443822406256489188e+01,6.342954289512857002e+01,7.336465868703704984e+01,8.631694658813728438e+01,1.008267313947537360e+02
5.266462393484277804e+00,0.000000000000000000e+00,0.000000000000000000e+00,0.000000000000000000e+00,0.000000000000000000e+00,0.000000000000000000e+00,0.000000000000000000e+00,0.000000000000000000e+00,0.000000000000000000e+00,0.000000000000000000e+00,0.000000000000000000e+00,0.000000000000000000e+00,0.000000000000000000e+00,0.000000000000000000e+00,0.000000000000000000e+00,0.000000000000000000e+00,0.000000000000000000e+00,0.000000000000000000e+00,0.000000000000000000e+00,0.000000000000000000e+00,0.000000000000000000e+00,0.000000000000000000e+00,0.000000000000000000e+00,6.705829115318534134e-12,1.079081574983532141e-11,2.149534600469352155e-11,2.474307299624029612e-11,2.478591691010948570e-11,4.196163110650243229e-11,4.253743147070063231e-11,5.694318310036006094e-11,1.236887391019344659e-10,1.374752452096487855e-10,2.311814700237528585e-10,3.101052910306406616e-10,4.468010921859247478e-10,6.447782388836379118e-10,9.617205082081318488e-10,1.544568221318639534e-09,2.471221009425765660e-09,4.465849447306234296e-09,8.699378076937852572e-09,2.315327340096566064e-08,8.695380309407006202e-08,7.683385272824530600e-06,1.425246973944312157e-03,1.870736694752973914e-03,2.404163849683036130e-03,3.054895528795498454e-03,3.889590213717563239e-03,5.017525585534411865e-03,6.551372973592989833e-03,8.521643368938711799e-03,1.088034220003938207e-02,1.371012924319880630e-02,1.737603924660744217e-02,2.219722855822313726e-02,2.805199041874188379e-02,3.517519088188512250e-02,4.439804994237086383e-02,5.566120158510377142e-02,6.959107596011021579e-02,8.703259271803905073e-02,1.083338957525050994e-01,1.347976281526078457e-01,1.672869373922937219e-01,2.070934300528080307e-01,2.560618150299138751e-01,3.159403340657800374e-01,3.890186885729191579e-01,4.781243578090414448e-01,5.865961257377106941e-01,7.183998086167935337e-01,8.782564637636375293e-01,1.071833980937143105e+00,1.305930839360459617e+00,1.588443276255705250e+00,1.928953102334614034e+00,2.338641843963202405e+00,2.830829403662348032e+00,3.421222830630939793e+00,4.107815872204514385e+00,4.893022175368845872e+00,5.823666184824983993e+00,7.069475453859591418e+00,8.705328574716689971e+00,1.071034598358571799e+01,1.252786023531041160e+01,1.446082675127708228e+01,1.664782538279910895e+01,1.917731381620377462e+01,2.253169619022388304e+01,2.643578959525930117e+01,3.098196449882048142e+01,3.628328726505008461e+01,4.254061746079938899e+01,4.988032393558943767e+01,5.811883471913375132e+01,6.722212202454691976e+01,7.908996538900689188e+01,9.238490251917349383e+01
5.747694424835352756e+00,0.000000000000000000e+00,0.000000000000000000e+00,0.000000000000000000e+00,0.000000000000000000e+00,0.000000000000000000e+00,0.000000000000000000e+00,0.000000000000000000e+00,0.000000000000000000e+00,0.000000000000000000e+00,0.000000000000000000e+00,0.000000000000000000e+00,0.000000000000000000e+00,0.000000000000000000e+00,0.000000000000000000e+00,0.000000000000000000e+00,0.000000000000000000e+00,0.000000000000000000e+00,0.000000000000000000e+00,0.000000000000000000e+00,0.000000000000000000e+00,0.000000000000000000e+00,0.000000000000000000e+00,6.144376204197505748e-12,9.887342844109792446e-12,1.969562454112090420e-11,2.267143202166121432e-11,2.271068878176433018e-11,3.844834743419497723e-11,3.897593828020472971e-11,5.217555252546786596e-11,1.133327635100375332e-10,1.259649792451144070e-10,2.118255474211964664e-10,2.841413847918940551e-10,4.093921797925574869e-10,5.907934723434734341e-10,8.811994019090186326e-10,1.415247549799680733e-09,2.264315315005958398e-09,4.091941295204564986e-09,7.971013088471067557e-09,2.121474014439075337e-08,7.967350038419532689e-08,7.040085398266534501e-06,1.305916604973306758e-03,1.714107209398112435e-03,2.202872589645855830e-03,2.799121043893287343e-03,3.563929999148278838e-03,4.597427742571599113e-03,6.002852072656090707e-03,7.808159414196064879e-03,9.969373593897839017e-03,1.256223360746668710e-02,1.592121126769650147e-02,2.033874120661974955e-02,2.570330669708792079e-02,3.223010937440114188e-02,4.068077442586571363e-02,5.100090632123222001e-02,6.376448665788750358e-02,7.974569326032258931e-02,9.926352129211492292e-02,1.235115486183701733e-01,1.532806547423423704e-01,1.897543050650301322e-01,2.346227582029117298e-01,2.894878824373051107e-01,3.564476714140103475e-01,4.380928705830197112e-01,5.374827205518539763e-01,6.582509952545058107e-01,8.047234762968771271e-01,9.820935031398625448e-01,1.196590344863407207e+00,1.455449117551733007e+00,1.767449384286131631e+00,2.142836485851236983e+00,2.593815101293305947e+00,3.134777189857968160e+00,3.763884474589584084e+00,4.483348517227902619e+00,5.336073334390147416e+00,6.477575853465497246e+00,7.976465374284898324e+00,9.813610497460526716e+00,1.147895137135432542e+01,1.325007814180618482e+01,1.525396790980516393e+01,1.757167214469248506e+01,2.064520516861441379e+01,2.422242406345118226e+01,2.838796547782323287e+01,3.324542917029675948e+01,3.897885751978165558e+01,4.570403900501730732e+01,5.325277142064041414e+01,6.159387599361266297e+01,7.246807113186251570e+01,8.464987504217840808e+01
6.272899858196247180e+00,0.000000000000000000e+00,0.000000000000000000e+00,0.000000000000000000e+00,0.000000000000000000e+00,0.000000000000000000e+00,0.000000000000000000e+00,0.000000000000000000e+00,0.000000000000000000e+00,0.000000000000000000e+00,0.000000000000000000e+00,0.000000000000000000e+00,0.000000000000000000e+00,0.000000000000000000e+00,0.000000000000000000e+00,0.000000000000000000e+00,0.000000000000000000e+00,0.000000000000000000e+00,0.000000000000000000e+00,0.000000000000000000e+00,0.000000000000000000e+00,0.000000000000000000e+00,0.000000000000000000e+00,5.629931554990901773e-12,9.059514200162393606e-12,1.804658673464022607e-11,2.077324146402133992e-11,2.080921140874904809e-11,3.522921729778736423e-11,3.571263502049214712e-11,4.780709705918498489e-11,1.038438533538354458e-10,1.154184229460712763e-10,1.940902207070460409e-10,2.603513351324207977e-10,3.751153696946614720e-10,5.413286397009571188e-10,8.074200137123023537e-10,1.296754393602664811e-09,2.074733027201769567e-09,3.749339013992120600e-09,7.303631258999361438e-09,1.943851271480487999e-08,7.300274901838393495e-08,6.450646512571094040e-06,1.196577302265959541e-03,1.570591699810838923e-03,2.018434661536403722e-03,2.564761558787414381e-03,3.265536043882939256e-03,4.212503053119116131e-03,5.500256686871110579e-03,7.154412687548496186e-03,9.134676835288119481e-03,1.151044679515696514e-02,1.458819035990133878e-02,1.863585775065630668e-02,2.355126910078970612e-02,2.953160805222017349e-02,3.727473188656439673e-02,4.673079939911352343e-02,5.842573494731570505e-02,7.306889746663107477e-02,9.095257390005109799e-02,1.131704084944085559e-01,1.404470634975201748e-01,1.738669173692808101e-01,2.149787099662287537e-01,2.652501913876775808e-01,3.266036984561336287e-01,4.014130636120480933e-01,4.924813891815488232e-01,6.031382073831731416e-01,7.373471190046506640e-01,8.998666454540127368e-01,1.096404503412694353e+00,1.333590040920738629e+00,1.619467742493372775e+00,1.963425146500340501e+00,2.376645081824111383e+00,2.872314525108427219e+00,3.448749111155678726e+00,4.107975236268864627e+00,4.889304731130513559e+00,5.935233697500382100e+00,7.308627046192396115e+00,8.991955175254275900e+00,1.051786355458590094e+01,1.214070079004752145e+01,1.397681268532401511e+01,1.610046458642572631e+01,1.891666268068689050e+01,2.219437499286481952e+01,2.601115187517448035e+01,3.046191908255953251e+01,3.571530984352779825e+01,4.187741811920651003e+01,4.879412461869888062e+01,5.643686104599886022e+01,6.640060224760995311e+01,7.756247124003054694e+01
6.846096838574657895e+00,0.000000000000000000e+00,0.000000000000000000e+00,0.000000000000000000e+00,0.000000000000000000e+00,0.000000000000000000e+00,0.000000000000000000e+00,0.000000000000000000e+00,0.000000000000000000e+00,0.000000000000000000e+00,0.000000000000000000e+00,0.000000000000000000e+00,0.000000000000000000e+00,0.000000000000000000e+00,0.000000000000000000e+00,0.000000000000000000e+00,0.000000000000000000e+00,0.000000000000000000e+00,0.000000000000000000e+00,0.000000000000000000e+00,0.000000000000000000e+00,0.000000000000000000e+00,0.000000000000000000e+00,5.158559349316729641e-12,8.300996419056982581e-12,1.653561643048856685e-11,1.903397899657314650e-11,1.906693731815434737e-11,3.227961236926713164e-11,3.272255541195358666e-11,4.380439532692500111e-11,9.514941262698333523e-11,1.057548886618410642e-10,1.778398037098157546e-10,2.385531335214630708e-10,3.437084231859590638e-10,4.960053045239539375e-10,7.398178858619837438e-10,1.188182207109866557e-09,1.901023724759152370e-09,3.435421485229455363e-09,6.692126706526889625e-09,1.781100187849990374e-08,6.689051364057225980e-08,5.910559045262629538e-06,1.096392552821049424e-03,1.439092183960227582e-03,1.849439001620401110e-03,2.350024079088888253e-03,2.992125450400848988e-03,3.859806606250651157e-03,5.039741652018481233e-03,6.555401623933803691e-03,8.369865979967253816e-03,1.054672198942313913e-02,1.336677809234980245e-02,1.707555008319103576e-02,2.157941321692485176e-02,2.705904171838262665e-02,3.415386400146420975e-02,4.281821187109107613e-02,5.353397608999238555e-02,6.695112373730524591e-02,8.333746971055096264e-02,1.036950916902875525e-01,1.286879787813661746e-01,1.593097186655997033e-01,1.969793812532648347e-01,2.430418276538297007e-01,2.992584449270507818e-01,3.678043137839085430e-01,4.512478437281952637e-01,5.526397982349233740e-01,6.756119212606205293e-01,8.245243217797132429e-01,1.004606831622779861e+00,1.221933749380808232e+00,1.483876026263617032e+00,1.799035218675810066e+00,2.177657860863853490e+00,2.631826835361991357e+00,3.159998802299584852e+00,3.764030495722536340e+00,4.479942320093194041e+00,5.438299734475150693e+00,6.696704215947759664e+00,8.239093847743919952e+00,9.637243871330595013e+00,1.112420727606125581e+01,1.280658868536517758e+01,1.475243549755438721e+01,1.733284431190317321e+01,2.033612655915658962e+01,2.383333960307720290e+01,2.791146143547053171e+01,3.272500628249145649e+01,3.837118527179460159e+01,4.470878291946154093e+01,5.171162284146046773e+01,6.084113886269499005e+01,7.106846810893708266e+01
7.471670675868078426e+00,0.000000000000000000e+00,0.000000000000000000e+00,0.000000000000000000e+00,0.000000000000000000e+00,0.000000000000000000e+00,0.000000000000000000e+00,0.000000000000000000e+00,0.000000000000000000e+00,0.000000000000000000e+00,0.000000000000000000e+00,0.000000000000000000e+00,0.000000000000000000e+00,0.000000000000000000e+00,0.000000000000000000e+00,0.000000000000000000e+00,0.000000000000000000e+00,0.000000000000000000e+00,0.000000000000000000e+00,0.000000000000000000e+00,0.000000000000000000e+00,0.000000000000000000e+00,0.000000000000000000e+00,4.726653299511745885e-12,7.605986372642552131e-12,1.515115377532329380e-11,1.744033819033335224e-11,1.747053704022518762e-11,2.957696635444655265e-11,2.998282350417325632e-11,4.013682419541246786e-11,8.718292350353686987e-11,9.690044440395894533e-11,1.629499707318208653e-10,2.185800102924934966e-10,3.149310577840062835e-10,4.544767153864393056e-10,6.778758204479167832e-10,1.088700346231526101e-09,1.741858424537291642e-09,3.147787046498580278e-09,6.131821044638302900e-09,1.631975617529190162e-08,6.129003188596134556e-08,5.415690994608791196e-06,1.004595881607551989e-03,1.318602609567366300e-03,1.694592689025210775e-03,2.153265730834095625e-03,2.741606459284702882e-03,3.536640056943098423e-03,4.617783744478024671e-03,6.006543419820392464e-03,7.669089753890957067e-03,9.663686102001110140e-03,1.224762990900065025e-02,1.564588088966803112e-02,1.977265313363416044e-02,2.479349371772952143e-02,3.129429420928901695e-02,3.923321003304779814e-02,4.905178511811850162e-02,6.134556733574630244e-02,7.635994848687946424e-02,9.501310619717698303e-02,1.179134363540876584e-01,1.459713374189991197e-01,1.804870661146600608e-01,2.226928835763997971e-01,2.742027027969646813e-01,3.370094934648049656e-01,4.134666221758103721e-01,5.063694238808347237e-01,6.190455707830437859e-01,7.554901169420431550e-01,9.204950207717975674e-01,1.119626003539256009e+00,1.359636875464911299e+00,1.648409018191903108e+00,1.995331063627904911e+00,2.411474241690172882e+00,2.895424430334577082e+00,3.448882906508825563e+00,4.104854226732029154e+00,4.982972113540875547e+00,6.136015297053091899e+00,7.549266662131921102e+00,8.830355038690720804e+00,1.019282079846807676e+01,1.173434297565827933e+01,1.351727162537842908e+01,1.588163287636343313e+01,1.863346201742500341e+01,2.183786705646606663e+01,2.557454365735579671e+01,2.998506917288230156e+01,3.515851562222061233e+01,4.096549094301255423e+01,4.738201039774230594e+01,5.574714765848336384e+01,6.511818252567863397e+01
8.154407395185161889e+00,0.000000000000000000e+00,0.000000000000000000e+00,0.000000000000000000e+00,0.000000000000000000e+00,0.000000000000000000e+00,0.000000000000000000e+00,0.000000000000000000e+00,0.000000000000000000e+00,0.000000000000000000e+00,0.000000000000000000e+00,0.000000000000000000e+00,0.000000000000000000e+00,0.000000000000000000e+00,0.000000000000000000e+00,0.000000000000000000e+00,0.000000000000000000e+00,0.000000000000000000e+00,0.000000000000000000e+00,0.000000000000000000e+00,0.000000000000000000e+00,0.000000000000000000e+00,0.000000000000000000e+00,4.330909058309942896e-12,6.969166806049079782e-12,1.388260677722497177e-11,1.598012671170655225e-11,1.600779712970835614e-11,2.710060234691488693e-11,2.747247866082028589e-11,3.677632448685452560e-11,7.988343743561941829e-11,8.878734822093163606e-11,1.493068053810256369e-10,2.002791587525634128e-10,2.885631089212270100e-10,4.164251530065471510e-10,6.211199225232854834e-10,9.975477134670198669e-10,1.596019413969140860e-09,2.884235117206427163e-09,5.618427589961544603e-09,1.495336665718265431e-08,5.615845662012798666e-08,4.962256315262564907e-06,9.204849875586265141e-04,1.208201157185856021e-03,1.552711054098934338e-03,1.972981191487237478e-03,2.512062445972860873e-03,3.240530982075385570e-03,4.231154726398520319e-03,5.503638971937987491e-03,7.026986787363750410e-03,8.854583364543321816e-03,1.122218363703510365e-02,1.433591232030944143e-02,1.811716602360542022e-02,2.271763121284089623e-02,2.867414504009136236e-02,3.594836641313531311e-02,4.494487051044696035e-02,5.620934230335672410e-02,6.996662789463919951e-02,8.705802947934108971e-02,1.080410043307222512e-01,1.337497267986345051e-01,1.653755881829776231e-01,2.040476772015029361e-01,2.512447802082531934e-01,3.087930033146156217e-01,3.788486749123330943e-01,4.639730874619534262e-01,5.672153001549485873e-01,6.922358767599731122e-01,8.434255637073240219e-01,1.025884086135197881e+00,1.245799784082212813e+00,1.510394161853286121e+00,1.828269777833285703e+00,2.209570911049453024e+00,2.653001838379655197e+00,3.160121395489772667e+00,3.761170796138571859e+00,4.565767297988466922e+00,5.622270673984213651e+00,6.917196015625211025e+00,8.091023860182206207e+00,9.339415677129393245e+00,1.075187221619231792e+01,1.238552320561245423e+01,1.455192571287181558e+01,1.707335493535698134e+01,2.000946764146777568e+01,2.343328688804544058e+01,2.747453630844910322e+01,3.221483026917500325e+01,3.753561020046338825e+01,4.341489951330163422e+01,5.107965646517957481e+01,5.966609114111966505e+01
8.899530352885230755e+00,0.000000000000000000e+00,0.000000000000000000e+00,0.000000000000000000e+00,0.000000000000000000e+00,0.000000000000000000e+00,0.000000000000000000e+00,0.000000000000000000e+00,0.000000000000000000e+00,0.000000000000000000e+00,0.000000000000000000e+00,0.000000000000000000e+00,0.000000000000000000e+00,0.000000000000000000e+00,0.000000000000000000e+00,0.000000000000000000e+00,0.000000000000000000e+00,0.000000000000000000e+00,0.000000000000000000e+00,0.000000000000000000e+00,0.000000000000000000e+00,0.000000000000000000e+00,0.000000000000000000e+00,3.968298938551015521e-12,6.385665657413197199e-12,1.272027027043624346e-11,1.464217304362468935e-11,1.466752672547472325e-11,2.483157463697062504e-11,2.517231519787238885e-11,3.369718630895073886e-11,7.319510885949631985e-11,8.135352993059024506e-11,1.368059290404904259e-10,1.835105661169969414e-10,2.644028455503847770e-10,3.815594994983992477e-10,5.691159745164173454e-10,9.140269350402674535e-10,1.462390934810364999e-09,2.642749362788103908e-09,5.148018566400142040e-09,1.370137960288138603e-08,5.145652813205955409e-08,4.546785952683762369e-06,8.434163705359502741e-04,1.107043187715353941e-03,1.422708614958008303e-03,1.807791173295887838e-03,2.301737257401114626e-03,2.969213964868976877e-03,3.876896647690066845e-03,5.042840751551640188e-03,6.438644597259047218e-03,8.113223642830439189e-03,1.028259398096185127e-02,1.313562230882870004e-02,1.660028639093182740e-02,2.081557257715530712e-02,2.627337073913436558e-02,3.293854993472337261e-02,4.118181184102700371e-02,5.150315335554619955e-02,6.410859509403731005e-02,7.976900030083440563e-02,9.899515252645324503e-02,1.225513839567041047e-01,1.515293353457883851e-01,1.869635612179082473e-01,2.302090349147069837e-01,2.829389698068497938e-01,3.471291533220829395e-01,4.251264308953177085e-01,5.197245758868791476e-01,6.342776673416222755e-01,7.728088316203658437e-01,9.399908137704748867e-01,1.141493828261016308e+00,1.383934751013907283e+00,1.675195881760654038e+00,2.024572158620293827e+00,2.430876344312849824e+00,2.895536759275208816e+00,3.446262638414798296e+00,4.183493414047561920e+00,5.151539883990188251e+00,6.338046178523661034e+00,7.413593996979789935e+00,8.557462837306006875e+00,9.851659900612643739e+00,1.134853166586936801e+01,1.333354974274082849e+01,1.564386953299843341e+01,1.833415297655620435e+01,2.147130919458279052e+01,2.517420056669251238e+01,2.951760820686794418e+01,3.439289999187595015e+01,3.977993934676712939e+01,4.680295610072734291e+01,5.467048209855266805e+01
9.712740198471170316e+00,0.000000000000000000e+00,0.000000000000000000e+00,0.000000000000000000e+00,0.000000000000000000e+00,0.000000000000000000e+00,0.000000000000000000e+00,0.000000000000000000e+00,0.000000000000000000e+00,0.000000000000000000e+00,0.000000000000000000e+00,0.000000000000000000e+00,0.000000000000000000e+00,0.000000000000000000e+00,0.000000000000000000e+00,0.000000000000000000e+00,0.000000000000000000e+00,0.000000000000000000e+00,0.000000000000000000e+00,0.000000000000000000e+00,0.000000000000000000e+00,0.000000000000000000e+00,0.000000000000000000e+00,3.636048749509011485e-12,5.851018783604526948e-12,1.165525166486692097e-11,1.341624101656162965e-11,1.343947193353985847e-11,2.275252376527479496e-11,2.306473544830547278e-11,3.087585235838385607e-11,6.706676794262034474e-11,7.454211624497145324e-11,1.253517023076709911e-10,1.681459423253628141e-10,2.422654267778373407e-10,3.496130111409960453e-10,5.214661141989514930e-10,8.374990255608722466e-10,1.339950646901644583e-09,2.421482268505736870e-09,4.716995055227181166e-09,1.255421654039904681e-08,4.714827377318694473e-08,4.166101302735410602e-06,7.728004081573669817e-04,1.014354780392292318e-03,1.303590772882308587e-03,1.656431870890272750e-03,2.109021776350237555e-03,2.720613263054386631e-03,3.552299215884268443e-03,4.620623368497444282e-03,5.899562003497923861e-03,7.433935078432428976e-03,9.421672501275089873e-03,1.203582789745144370e-02,1.521040917226835175e-02,1.907276589074606565e-02,2.407360390452299020e-02,3.018073364818691512e-02,3.773381939359572029e-02,4.719099524860484451e-02,5.874103252653863766e-02,7.309025309956600214e-02,9.070667460418109507e-02,1.122906346740802919e-01,1.388423752418122825e-01,1.713098316172601554e-01,2.109345305101781309e-01,2.592495936632265852e-01,3.180653835307461486e-01,3.895322533348697935e-01,4.762100646914996793e-01,5.811720726919600288e-01,7.081045630218534281e-01,8.612890500149888995e-01,1.045921003203515331e+00,1.268063293302088335e+00,1.534938265836034654e+00,1.855062630016990566e+00,2.227348551310796232e+00,2.653104762456305554e+00,3.157720512221098730e+00,3.833225831086482405e+00,4.720221546632736853e+00,5.807386297909839179e+00,6.792882693441604225e+00,7.840979858215470166e+00,9.026818850318367282e+00,1.039836338224932355e+01,1.221718363947437247e+01,1.433406936668710863e+01,1.679910587281908718e+01,1.967360023934860891e+01,2.306646296254946549e+01,2.704621402546570152e+01,3.151331664874808069e+01,3.644932021431113611e+01,4.288432717357567014e+01,5.009313591230639418e+01
1.060025848806882465e+01,0.000000000000000000e+00,0.000000000000000000e+00,0.000000000000000000e+00,0.000000000000000000e+00,0.000000000000000000e+00,0.000000000000000000e+00,0.000000000000000000e+00,0.000000000000000000e+00,0.000000000000000000e+00,0.000000000000000000e+00,0.000000000000000000e+00,0.000000000000000000e+00,0.000000000000000000e+00,0.000000000000000000e+00,0.000000000000000000e+00,0.000000000000000000e+00,0.000000000000000000e+00,0.000000000000000000e+00,0.000000000000000000e+00,0.000000000000000000e+00,0.000000000000000000e+00,0.000000000000000000e+00,3.331616572624819470e-12,5.361135806781525862e-12,1.067940291230339231e-11,1.229295149553241821e-11,1.231423737846024669e-11,2.084754371229633865e-11,2.113361512910353738e-11,2.829073769294187398e-11,6.145152910290019768e-11,6.830099565463957587e-11,1.148564932940909252e-10,1.540677385435058623e-10,2.219814877168679395e-10,3.203412776244795214e-10,4.778057907947715617e-10,7.673784993923727972e-10,1.227761806636856206e-09,2.218741004822950222e-09,4.322059461140690685e-09,1.150310096583880350e-08,4.320073274446961025e-08,3.817289893404589033e-06,7.080968448225496634e-04,9.294268118194258261e-04,1.194446203022430731e-03,1.517745292393883009e-03,1.932441610708297538e-03,2.492826928164488913e-03,3.254879060727744033e-03,4.233756599776702240e-03,5.405614692249508142e-03,6.811520695498607218e-03,8.632832618465372670e-03,1.102811498163330101e-02,1.393690095095030321e-02,1.747587760917215793e-02,2.205801496526815786e-02,2.765381856056048707e-02,3.457451390251877615e-02,4.323987731741530532e-02,5.382287503294230085e-02,6.697069134640687427e-02,8.311215860342457962e-02,1.028889778997716664e-01,1.272176448131170368e-01,1.569667277279217232e-01,1.932738051659621537e-01,2.375436365673830041e-01,2.914350098007884027e-01,3.569182374019557735e-01,4.363388537601908812e-01,5.325128023073694150e-01,6.488177304095343878e-01,7.891766779083203565e-01,9.583501179404557702e-01,1.161893300708061405e+00,1.406423872921360285e+00,1.699745472954988568e+00,2.040861346416483091e+00,2.430970650958087287e+00,2.893336892596321430e+00,3.512284786386805635e+00,4.325015811008011468e+00,5.321156498895494913e+00,6.224141125836760935e+00,7.184485203828899991e+00,8.271038523304666157e+00,9.527748982231035058e+00,1.119428651487961801e+01,1.313393365852345340e+01,1.539258227456949868e+01,1.802640644173436613e+01,2.113519800531924275e+01,2.478174003749726850e+01,2.887482958514237197e+01,3.339756082844203888e+01,3.929378975918361050e+01,4.589903306514341352e+01
1.156887528316282676e+01,0.000000000000000000e+00,0.000000000000000000e+00,0.000000000000000000e+00,0.000000000000000000e+00,0.000000000000000000e+00,0.000000000000000000e+00,0.000000000000000000e+00,0.000000000000000000e+00,0.000000000000000000e+00,0.000000000000000000e+00,0.000000000000000000e+00,0.000000000000000000e+00,0.000000000000000000e+00,0.000000000000000000e+00,0.000000000000000000e+00,0.000000000000000000e+00,0.000000000000000000e+00,0.000000000000000000e+00,0.000000000000000000e+00,0.000000000000000000e+00,0.000000000000000000e+00,0.000000000000000000e+00,3.052673314263780954e-12,4.912268820481995391e-12,9.785258168821912007e-12,1.126371062393462755e-11,1.128321432292515518e-11,1.910206020746717023e-11,1.936417998056367332e-11,2.592206459341730854e-11,5.630643230512367560e-11,6.258241974354724934e-11,1.052400071874274307e-10,1.411682478425746682e-10,2.033958437420002167e-10,2.935203521607458867e-10,4.378009759420645519e-10,7.031288913265596281e-10,1.124966100297606444e-09,2.032974476216402220e-09,3.960190283628796842e-09,1.053999119773632025e-08,3.958370392598444514e-08,3.497683102597918751e-06,6.488106584249484507e-04,8.516095307351365280e-04,1.094439882203361147e-03,1.390670400072487392e-03,1.770645813463016076e-03,2.284112254457454274e-03,2.982360734870335896e-03,3.879280676360692855e-03,4.953023662390267610e-03,6.241218640691896871e-03,7.910039221630098608e-03,1.010477393697840377e-02,1.277001860480737015e-02,1.601269055365196065e-02,2.021118342470440074e-02,2.533847221524850729e-02,3.167972473516290910e-02,3.961957107654776045e-02,4.931649567962450437e-02,6.136349662527477294e-02,7.615350179977160849e-02,9.427448516953901292e-02,1.165662077129497598e-01,1.438245159720831778e-01,1.770917434569957705e-01,2.176550345801405162e-01,2.670342933731277291e-01,3.270348657896751665e-01,3.998059037750442135e-01,4.879275828030862905e-01,5.944947530027251403e-01,7.231019933941739142e-01,8.781112012699268110e-01,1.064612507404760100e+00,1.288669488766538196e+00,1.557432415532254533e+00,1.869987987666199780e+00,2.227434962028535637e+00,2.651089082032346056e+00,3.218214883308265772e+00,3.962899109855005264e+00,4.875636824078439346e+00,5.703018070919312343e+00,6.582956285744608671e+00,7.578536734630172411e+00,8.730027729495246192e+00,1.025703257601250940e+01,1.203428063124851199e+01,1.410382141008741996e+01,1.651712575478058653e+01,1.936563032872893331e+01,2.270686162240117056e+01,2.645725275013653643e+01,3.060131335046261114e+01,3.600387403513472151e+01,4.205608608738687337e+01
1.262600109874856535e+01,0.000000000000000000e+00,0.000000000000000000e+00,0.000000000000000000e+00,0.000000000000000000e+00,0.000000000000000000e+00,0.000000000000000000e+00,0.000000000000000000e+00,0.000000000000000000e+00,0.000000000000000000e+00,0.000000000000000000e+00,0.000000000000000000e+00,0.000000000000000000e+00,0.000000000000000000e+00,0.000000000000000000e+00,0.000000000000000000e+00,0.000000000000000000e+00,0.000000000000000000e+00,0.000000000000000000e+00,0.000000000000000000e+00,0.000000000000000000e+00,0.000000000000000000e+00,0.000000000000000000e+00,2.797084886715032687e-12,4.500983715830522572e-12,8.965976676484789835e-12,1.032064407525289014e-11,1.033851480561455190e-11,1.750271922703686715e-11,1.774289273411069015e-11,2.375171125187526640e-11,5.159211439023162915e-11,5.734263788424710790e-11,9.642867194674818583e-11,1.293487811746854609e-10,1.863663032310444086e-10,2.689450381525999121e-10,4.011456081706441584e-10,6.442586522942537645e-10,1.030777077424696466e-09,1.862761454339803429e-09,3.628619000630037746e-09,9.657518853244138677e-09,3.626951481975917833e-08,3.204835741539098942e-06,5.944882731278195191e-04,7.803075870161391972e-04,1.002806700482946137e-03,1.274234992742031549e-03,1.622396547125150214e-03,2.092872446144587815e-03,2.732659305291561692e-03,3.554483639134848553e-03,4.538326313818142992e-03,5.718665752078235139e-03,7.247762496158429921e-03,9.258740635864832688e-03,1.170083476527879023e-02,1.467201044212170478e-02,1.851897988419375779e-02,2.321698078682656388e-02,2.902730497167103560e-02,3.630237895373035484e-02,4.518741788932391368e-02,5.622577044341852542e-02,6.977746618325542105e-02,8.638125030884725997e-02,1.068065738879137444e-01,1.317826503363133395e-01,1.622645426456452711e-01,1.994316276481009897e-01,2.446765537401565105e-01,2.996535123018199687e-01,3.663317151702232266e-01,4.470753097925434516e-01,5.447200265700040678e-01,6.625594844445863441e-01,8.045903760650684466e-01,9.754766554140152923e-01,1.180774219814929360e+00,1.427034675217438098e+00,1.713421188634866477e+00,2.040940522301931459e+00,2.429123735592477296e+00,2.948766305992316372e+00,3.631101027403967674e+00,4.467418773577506386e+00,5.225526616390742340e+00,6.031791037293713131e+00,6.944015419141259748e+00,7.999096565189907970e+00,9.398251253042293030e+00,1.102669726199336786e+01,1.292296346508914162e+01,1.513421125175672266e+01,1.774422165028215659e+01,2.080570468250889604e+01,2.424209019210236349e+01,2.803918476512541957e+01,3.298941012007848173e+01,3.853489406801667627e+01
1.377972359833557547e+01,0.000000000000000000e+00,0.000000000000000000e+00,0.000000000000000000e+00,0.000000000000000000e+00,0.000000000000000000e+00,0.000000000000000000e+00,0.000000000000000000e+00,0.000000000000000000e+00,0.000000000000000000e+00,0.000000000000000000e+00,0.000000000000000000e+00,0.000000000000000000e+00,0.000000000000000000e+00,0.000000000000000000e+00,0.000000000000000000e+00,0.000000000000000000e+00,0.000000000000000000e+00,0.000000000000000000e+00,0.000000000000000000e+00,0.000000000000000000e+00,0.000000000000000000e+00,0.000000000000000000e+00,2.562895881106261778e-12,4.124133908490724187e-12,8.215290427329375813e-12,9.456536809611735101e-12,9.472911293437306757e-12,1.603728482756707673e-11,1.625734954385577403e-11,2.176307312866266232e-11,4.727250792290983868e-11,5.254156251864852272e-11,8.835507543108976402e-11,1.185189123409290942e-10,1.707625797116203623e-10,2.464273193134193601e-10,3.675592513432190877e-10,5.903173887122130035e-10,9.444741339877859722e-10,1.706799704751818694e-09,3.324808887634630341e-09,8.848932475465171561e-09,3.323280983812115400e-08,2.936507347568925600e-06,5.447140892297448658e-04,7.149754768823981177e-04,9.188456075896506321e-04,1.167548267830862329e-03,1.486559613509394907e-03,1.917644400919183301e-03,2.503864402279029708e-03,3.256880590741400433e-03,4.158349956429362344e-03,5.239864178250783384e-03,6.640935617244042924e-03,8.483542402517970510e-03,1.072116951754605550e-02,1.344358024608380969e-02,1.696845794452478406e-02,2.127311355936805509e-02,2.659696196738640245e-02,3.326292238636410770e-02,4.140405167409367398e-02,5.151820603152990757e-02,6.393527115479218093e-02,7.914888521004279087e-02,9.786407612887502994e-02,1.207490031326366869e-01,1.486787655145212772e-01,1.827339954855324300e-01,2.241907404248933422e-01,2.745646927216767730e-01,3.356601897881584251e-01,4.096434382287485465e-01,4.991127438008954309e-01,6.070859635815973876e-01,7.372251627360022486e-01,8.938038005746792303e-01,1.081912600812837688e+00,1.307554628992993795e+00,1.569963116889803167e+00,1.870060534463639845e+00,2.225742681681322832e+00,2.701877606885293659e+00,3.327083103989634250e+00,4.093379227909381690e+00,4.788013658565594355e+00,5.526772704895986266e+00,6.362620098010863146e+00,7.329363415771474877e+00,8.611372339976400170e+00,1.010347491747312887e+01,1.184097414907592594e+01,1.386708278506064929e+01,1.625856719506055370e+01,1.906372419642187666e+01,2.221239455328531420e+01,2.569157321089148738e+01,3.022733550863741669e+01,3.530851771959391527e+01
1.503886946955410053e+01,0.000000000000000000e+00,0.000000000000000000e+00,0.000000000000000000e+00,0.000000000000000000e+00,0.000000000000000000e+00,0.000000000000000000e+00,0.000000000000000000e+00,0.000000000000000000e+00,0.000000000000000000e+00,0.000000000000000000e+00,0.000000000000000000e+00,0.000000000000000000e+00,0.000000000000000000e+00,0.000000000000000000e+00,0.000000000000000000e+00,0.000000000000000000e+00,0.000000000000000000e+00,0.000000000000000000e+00,0.000000000000000000e+00,0.000000000000000000e+00,0.000000000000000000e+00,0.000000000000000000e+00,2.348314607321617886e-12,3.778836265357289787e-12,7.527456209247054233e-12,8.664777874277241394e-12,8.679781386452045762e-12,1.469454553342881137e-11,1.489618508953663676e-11,1.994093591745413303e-11,4.331456525349708756e-11,4.814246246351068287e-11,8.095744965506415837e-11,1.085957861752615570e-10,1.564652950894082545e-10,2.257949212267737818e-10,3.367849491462396707e-10,5.408924166948502531e-10,8.653969993207828755e-10,1.563896024020625518e-09,3.046435610179757684e-09,8.108045880649621937e-09,3.045035631783661213e-08,2.690645043226184201e-06,4.991073035709736334e-04,6.551133694572674332e-04,8.419142494562463800e-04,1.069794006191462921e-03,1.362095776419780481e-03,1.757087516322837408e-03,2.294225603923653704e-03,2.984194684584295845e-03,3.810187537085283401e-03,4.801150792304629579e-03,6.084915985555012369e-03,7.773248493054676043e-03,9.823527819147014409e-03,1.231800171802220276e-02,1.554775515798566786e-02,1.949199875147183958e-02,2.437010210162391874e-02,3.047794765988991184e-02,3.793745195243924950e-02,4.720478762275176488e-02,5.858222032455712158e-02,7.252205782614043472e-02,8.967029882082969139e-02,1.106391601649844153e-01,1.362304725019064799e-01,1.674343909233222960e-01,2.054201243394943310e-01,2.515764621287602254e-01,3.075566715709265320e-01,3.753455912421969631e-01,4.573239808954295271e-01,5.562570242077953253e-01,6.755001759145715656e-01,8.189690952498246412e-01,9.913282794919632268e-01,1.198078180924719405e+00,1.438516229834949645e+00,1.713487661371975612e+00,2.039389929986286543e+00,2.475659935395106093e+00,3.048519415271504052e+00,3.750656554201210469e+00,4.387131953878552260e+00,5.064037587298124699e+00,5.829902738985875743e+00,6.715704410198473084e+00,7.890375728538414180e+00,9.257550378195016805e+00,1.084957557744803402e+01,1.270604604157382056e+01,1.489730079155632936e+01,1.746759294064039025e+01,2.035263741208078514e+01,2.354051801361796592e+01,2.769651862903813111e+01,3.235227327612172843e+01
1.641307195375129169e+01,0.000000000000000000e+00,0.000000000000000000e+00,0.000000000000000000e+00,0.000000000000000000e+00,0.000000000000000000e+00,0.000000000000000000e+00,0.000000000000000000e+00,0.000000000000000000e+00,0.000000000000000000e+00,0.000000000000000000e+00,0.000000000000000000e+00,0.000000000000000000e+00,0.000000000000000000e+00,0.000000000000000000e+00,0.000000000000000000e+00,0.000000000000000000e+00,0.000000000000000000e+00,0.000000000000000000e+00,0.000000000000000000e+00,0.000000000000000000e+00,0.000000000000000000e+00,0.000000000000000000e+00,2.151699386468926899e-12,3.462449046812161343e-12,6.897211666873702143e-12,7.939309825797308733e-12,7.953057152429249737e-12,1.346422856210941470e-11,1.364898562481828309e-11,1.827135914643903888e-11,3.968800568311314958e-11,4.411168189427021198e-11,7.417919822573128036e-11,9.950348465145793075e-11,1.433650663322090982e-10,2.068899933410452336e-10,3.085872592158540395e-10,4.956056047683600355e-10,7.929406846446255330e-10,1.432957110982834012e-09,2.791369441259503702e-09,7.429190830079582882e-09,2.790086677592932216e-08,2.465367830470822969e-06,4.573189961547355917e-04,6.002632827534672014e-04,7.714240538156090250e-04,9.802243275213115298e-04,1.248052810852767454e-03,1.609973433311043299e-03,2.102139044314066570e-03,2.734339705550556041e-03,3.491175398865596375e-03,4.399169166660054330e-03,5.575449708489813375e-03,7.122424721640186439e-03,9.001042158285297093e-03,1.128666348902098923e-02,1.424600227333385101e-02,1.786000973797585711e-02,2.232968852502124207e-02,2.792614800255153323e-02,3.476109710161937039e-02,4.325251490988157865e-02,5.367735955707635120e-02,6.645006884658827273e-02,8.216255452131573933e-02,1.013757749086087595e-01,1.248244265000981595e-01,1.534157625644619605e-01,1.882210987112108713e-01,2.305129464019637087e-01,2.818061512968965121e-01,3.439193691814570464e-01,4.190340280821895913e-01,5.096837936344790210e-01,6.189431814388798303e-01,7.504000078575152610e-01,9.083282300087567318e-01,1.097767768764922103e+00,1.318074877834091829e+00,1.570024024123956918e+00,1.868639767193430501e+00,2.268382587020973062e+00,2.793278777480234787e+00,3.436628712936810270e+00,4.019814510409788433e+00,4.640045475879730930e+00,5.341787726201122410e+00,6.153424679162535327e+00,7.229745350632315493e+00,8.482451800479427817e+00,9.941182940589666117e+00,1.164221837519574798e+01,1.365000791346043130e+01,1.600509952809630221e+01,1.864859048104580808e+01,2.156956227633997969e+01,2.537759717357354106e+01,2.964354364703412870e+01
1.791284454622003963e+01,0.000000000000000000e+00,0.000000000000000000e+00,0.000000000000000000e+00,0.000000000000000000e+00,0.000000000000000000e+00,0.000000000000000000e+00,0.000000000000000000e+00,0.000000000000000000e+00,0.000000000000000000e+00,0.000000000000000000e+00,0.000000000000000000e+00,0.000000000000000000e+00,0.000000000000000000e+00,0.000000000000000000e+00,0.000000000000000000e+00,0.000000000000000000e+00,0.000000000000000000e+00,0.000000000000000000e+00,0.000000000000000000e+00,0.000000000000000000e+00,0.000000000000000000e+00,0.000000000000000000e+00,1.971545991025159550e-12,3.172551695789583251e-12,6.319735041330401849e-12,7.274582386828869406e-12,7.287178703432831563e-12,1.233692123109995962e-11,1.250620930572037387e-11,1.674156952512705204e-11,3.636508379766433129e-11,4.041838285725674860e-11,6.796846334533872625e-11,9.117244606345866989e-11,1.313616686223862341e-10,1.895679013154982349e-10,2.827504518588310385e-10,4.541104809320771586e-10,7.265508545305488656e-10,1.312981202316292574e-09,2.557658967601693417e-09,6.807173664552140290e-09,2.556483604732621392e-08,2.258952199890557548e-06,4.190294606943876566e-04,5.500055798288393510e-04,7.068357272604093968e-04,8.981539686179963082e-04,1.143558217889555171e-03,1.475176638550032646e-03,1.926135142974679882e-03,2.505404109179896598e-03,3.198872902452503525e-03,4.030843894324534667e-03,5.108639055279215122e-03,6.526091885619905025e-03,8.247420013135787695e-03,1.034167518648902717e-02,1.305324007933032077e-02,1.636466079788283928e-02,2.046011081714917482e-02,2.558800057547018156e-02,3.185068605089907967e-02,3.963115057269846198e-02,4.918316364686948355e-02,6.088646381631937499e-02,7.528340436287306314e-02,9.288797676153580374e-02,1.143733642328838007e-01,1.405708592687748282e-01,1.724620804021396170e-01,2.112129966742229137e-01,2.582116216277729470e-01,3.151243420942413387e-01,3.839499436416720646e-01,4.670099579661069478e-01,5.671214834711314490e-01,6.875719426516168076e-01,8.322774508699265494e-01,1.005855956085420999e+00,1.207717610371827899e+00,1.438572037543998317e+00,1.712185849402619420e+00,2.078459762398162880e+00,2.559408442549343743e+00,3.148893197739621730e+00,3.683251123508015201e+00,4.251552569877175891e+00,4.894540679208076561e+00,5.638222436446918451e+00,6.624426977024547192e+00,7.772249202870174400e+00,9.108846475404384080e+00,1.066746084913106785e+01,1.250714600212265637e+01,1.466505498352179870e+01,1.708721675173780596e+01,1.976362697387408218e+01,2.325282996502488686e+01,2.716160538252468371e+01
1.954966143091260378e+01,0.000000000000000000e+00,0.000000000000000000e+00,0.000000000000000000e+00,0.000000000000000000e+00,0.000000000000000000e+00,0.000000000000000000e+00,0.000000000000000000e+00,0.000000000000000000e+00,0.000000000000000000e+00,0.000000000000000000e+00,0.000000000000000000e+00,0.000000000000000000e+00,0.000000000000000000e+00,0.000000000000000000e+00,0.000000000000000000e+00,0.000000000000000000e+00,0.000000000000000000e+00,0.000000000000000000e+00,0.000000000000000000e+00,0.000000000000000000e+00,0.000000000000000000e+00,0.000000000000000000e+00,1.806476136569512268e-12,2.906926319023863536e-12,5.790608280798570743e-12,6.665509983098100544e-12,6.677051659253421370e-12,1.130399894507733397e-11,1.145911318963450146e-11,1.533986322080957397e-11,3.332037719833892342e-11,3.703430934035605146e-11,6.227772906723288280e-11,8.353893283547920561e-11,1.203632685752875833e-10,1.736961204785010701e-10,2.590768595875513795e-10,4.160895819342990979e-10,6.657195858926704297e-10,1.203050408433744536e-09,2.343516160154599276e-09,6.237235569687988481e-09,2.342439205833242051e-08,2.069818944792457525e-06,3.839457586634325431e-04,5.039557583053090031e-04,6.476551293164285695e-04,8.229550406937009019e-04,1.047812549542029899e-03,1.351665853546632186e-03,1.764867361670013424e-03,2.295636397172397605e-03,2.931043753736890540e-03,3.693357060135286918e-03,4.680912636945505634e-03,5.979687671552698022e-03,7.556895710177470755e-03,9.475807067950403270e-03,1.196034321064034373e-02,1.499451159090546201e-02,1.874706555718185300e-02,2.344561711090408646e-02,2.918395236339297108e-02,3.631298894384215464e-02,4.506524922751805468e-02,5.578867773056197382e-02,6.898021861033409863e-02,8.511082884081526412e-02,1.047973286377375385e-01,1.288014096156443189e-01,1.580225032171831689e-01,1.935289564444405974e-01,2.365925698811331968e-01,2.887402102902046352e-01,3.518033127217262690e-01,4.279090360795633208e-01,5.196386141080014953e-01,6.300042262412718364e-01,7.625941067799520967e-01,9.216395609162517655e-01,1.106600126389657213e+00,1.318126012981378326e+00,1.568831207792180882e+00,1.904438434956248427e+00,2.345119158389914471e+00,2.885248654719360761e+00,3.374866875994253945e+00,3.895586659310091182e+00,4.484739882664643851e+00,5.166156067612726055e+00,6.069789549377772708e+00,7.121509098124413129e+00,8.346198295347475593e+00,9.774315968010764522e+00,1.145997146010124901e+01,1.343720714089791812e+01,1.565657075357125549e+01,1.810889558898930218e+01,2.130596122573023976e+01,2.488747012639316480e+01
2.133604526501410703e+01,0.000000000000000000e+00,0.000000000000000000e+00,0.000000000000000000e+00,0.000000000000000000e+00,0.000000000000000000e+00,0.000000000000000000e+00,0.000000000000000000e+00,0.000000000000000000e+00,0.000000000000000000e+00,0.000000000000000000e+00,0.000000000000000000e+00,0.000000000000000000e+00,0.000000000000000000e+00,0.000000000000000000e+00,0.000000000000000000e+00,0.000000000000000000e+00,0.000000000000000000e+00,0.000000000000000000e+00,0.000000000000000000e+00,0.000000000000000000e+00,0.000000000000000000e+00,0.000000000000000000e+00,1.655226937058790480e-12,2.663540718800026644e-12,5.305783239702745506e-12,6.107432835625347391e-12,6.118008172262440367e-12,1.035755921243866069e-11,1.049968634642899100e-11,1.405551631703184203e-11,3.053059200460014143e-11,3.393357109711617313e-11,5.706345776960473829e-11,7.654454389030312075e-11,1.102857216572988657e-10,1.591532219321740589e-10,2.373853648419959663e-10,3.812520244829045072e-10,6.099814820635855409e-10,1.102323691062214546e-09,2.147302694563555448e-09,5.715016168070772529e-09,2.146315909426123046e-08,1.896521079299209400e-06,3.517994781353883486e-04,4.617615086889018594e-04,5.934294919636190664e-04,7.540522256393011446e-04,9.600832924833261088e-04,1.238496144732691281e-03,1.617101902557945394e-03,2.103431717347864494e-03,2.685638894791195306e-03,3.384126681972889940e-03,4.288998082977420537e-03,5.479031750703407082e-03,6.924186313240265032e-03,8.682434709062126013e-03,1.095895033316889554e-02,1.373907963181773308e-02,1.717744689391883378e-02,2.148260705598400988e-02,2.674049388411049027e-02,3.327264404339543014e-02,4.129211171773783384e-02,5.111770938633970751e-02,6.320477401093839431e-02,7.798483117537528819e-02,9.602305714505129930e-02,1.180173700671267728e-01,1.447918954984081796e-01,1.773255319143204889e-01,2.167835969972398136e-01,2.645651189126438374e-01,3.223481937986351076e-01,3.920818818425064189e-01,4.761313001570143255e-01,5.772564301434419676e-01,6.987450772427588053e-01,8.444742759705503587e-01,1.013948814862930536e+00,1.207764464172719876e+00,1.437479091070280379e+00,1.744987234371013995e+00,2.148771480010226220e+00,2.643678040759081416e+00,3.092302438459687330e+00,3.569424385744610184e+00,4.109250108105568344e+00,4.733613974221050569e+00,5.561589749802614335e+00,6.525252923689089712e+00,7.647403672172289113e+00,8.955950623459971283e+00,1.050047275725783180e+01,1.231216220807083950e+01,1.434570716361122855e+01,1.659270840754159693e+01,1.952209621087446578e+01,2.280373934342684095e+01
2.328566298498195408e+01,0.000000000000000000e+00,0.000000000000000000e+00,0.000000000000000000e+00,0.000000000000000000e+00,0.000000000000000000e+00,0.000000000000000000e+00,0.000000000000000000e+00,0.000000000000000000e+00,0.000000000000000000e+00,0.000000000000000000e+00,0.000000000000000000e+00,0.000000000000000000e+00,0.000000000000000000e+00,0.000000000000000000e+00,0.000000000000000000e+00,0.000000000000000000e+00,0.000000000000000000e+00,0.000000000000000000e+00,0.000000000000000000e+00,0.000000000000000000e+00,0.000000000000000000e+00,0.000000000000000000e+00,1.516641242971436846e-12,2.440532845389783912e-12,4.861550707903913529e-12,5.596081310546239451e-12,5.605771215503092286e-12,9.490361186373856445e-12,9.620588569899939870e-12,1.287870276902782225e-11,2.797438464165469199e-11,3.109244557041785231e-11,5.228575706587084892e-11,7.013576784507569134e-11,1.010519284283413963e-10,1.458279435465398509e-10,2.175100143288722276e-10,3.493312798090306079e-10,5.589101122232504110e-10,1.010030428782273225e-09,1.967517416980699288e-09,5.236520159674551492e-09,1.966613251513189595e-08,1.737732768016040229e-06,3.223446802672517248e-04,4.231000189851476939e-04,5.437439556819177863e-04,6.909183744865243651e-04,8.796992638697635584e-04,1.134801694141355025e-03,1.481708268876394874e-03,1.927319585538319040e-03,2.460780827314365971e-03,3.100786957007981882e-03,3.929897005680463816e-03,5.020293796953618874e-03,6.344451205789875675e-03,7.955488322688299835e-03,1.004140017470557707e-02,1.258876009298747975e-02,1.573924627795227071e-02,1.968395217488979124e-02,2.450161665090578103e-02,3.048685536050400879e-02,3.783488429193018060e-02,4.683782299925035031e-02,5.791288485675100822e-02,7.145546549460120300e-02,8.798342117435908882e-02,1.081362360794336369e-01,1.326690349488291731e-01,1.624787569074910565e-01,1.986331521343741302e-01,2.424141136245334949e-01,2.953592370729979932e-01,3.592543954612298918e-01,4.362666838729027941e-01,5.289250012337785023e-01,6.402418778616035810e-01,7.737697392970166455e-01,9.290548362000894400e-01,1.106643057304586009e+00,1.317124574652114299e+00,1.598886260761563261e+00,1.968863226751929707e+00,2.422333191893152549e+00,2.833396018942705652e+00,3.270570406924198537e+00,3.765198627513867802e+00,4.337286942880742124e+00,5.095939536862580610e+00,5.978918952631400607e+00,7.007116396665891145e+00,8.206103816610800905e+00,9.621309137618021978e+00,1.128131289845682161e+01,1.314459706811235939e+01,1.520346566386423781e+01,1.788758725451856790e+01,2.089447120989134987e+01
2.541343036702636482e+01,0.000000000000000000e+00,0.000000000000000000e+00,0.000000000000000000e+00,0.000000000000000000e+00,0.000000000000000000e+00,0.000000000000000000e+00,0.000000000000000000e+00,0.000000000000000000e+00,0.000000000000000000e+00,0.000000000000000000e+00,0.000000000000000000e+00,0.000000000000000000e+00,0.000000000000000000e+00,0.000000000000000000e+00,0.000000000000000000e+00,0.000000000000000000e+00,0.000000000000000000e+00,0.000000000000000000e+00,0.000000000000000000e+00,0.000000000000000000e+00,0.000000000000000000e+00,0.000000000000000000e+00,1.389658788401077229e-12,2.236196551224391017e-12,4.454512032957676338e-12,5.127543253783227296e-12,5.136421860800190596e-12,8.695770267928342441e-12,8.815094220673379471e-12,1.180041922842649661e-11,2.563219854896145590e-11,2.848919640030325677e-11,4.790807460334873659e-11,6.426357361627063077e-11,9.259124468367500725e-11,1.336183387357097235e-10,1.992987493767200175e-10,3.200831345578525771e-10,5.121147489405969784e-10,9.254645212996022794e-10,1.802784859313567675e-09,4.798086755358136575e-09,1.801956396093332032e-08,1.592239182573449160e-06,2.953560177158903689e-04,3.876755049885230887e-04,4.982183955204319776e-04,6.330704743937045579e-04,8.060454763787525513e-04,1.039789175366415130e-03,1.357650615946890240e-03,1.765952635478532963e-03,2.254749248613625683e-03,2.841170161852658946e-03,3.600862060664524866e-03,4.599964182447990532e-03,5.813255057230273283e-03,7.289406321290544527e-03,9.200672911474106277e-03,1.153475232152992649e-02,1.442146058886863841e-02,1.803589165009754705e-02,2.245019187415480538e-02,2.793430989614383367e-02,3.466711703118893761e-02,4.291627480270769623e-02,5.306406493678569869e-02,6.547277812999090230e-02,8.061691255935614364e-02,9.908241089236205501e-02,1.215611742195001760e-01,1.488750444519129634e-01,1.820023732115662873e-01,2.221177255939456863e-01,2.706299604049861585e-01,3.291754264484395565e-01,3.997397763908703827e-01,4.846401743166982579e-01,5.866369231326137301e-01,7.089850176474203902e-01,8.512686991832599803e-01,1.013988151339833665e+00,1.206846872367965062e+00,1.465017751704968285e+00,1.804017989682910494e+00,2.219520683714750753e+00,2.596166823889089148e+00,2.996738305864662610e+00,3.449953235182370737e+00,3.974142827728033733e+00,4.669276399662678934e+00,5.478327393618471319e+00,6.420437876856177617e+00,7.519038757605242651e+00,8.815754458067496913e+00,1.033677257999913479e+01,1.204405123515251219e+01,1.393053879541693263e+01,1.638992935655052108e+01,1.914505864876157304e+01
2.773562614198414877e+01,0.000000000000000000e+00,0.000000000000000000e+00,0.000000000000000000e+00,0.000000000000000000e+00,0.000000000000000000e+00,0.000000000000000000e+00,0.000000000000000000e+00,0.000000000000000000e+00,0.000000000000000000e+00,0.000000000000000000e+00,0.000000000000000000e+00,0.000000000000000000e+00,0.000000000000000000e+00,0.000000000000000000e+00,0.000000000000000000e+00,0.000000000000000000e+00,0.000000000000000000e+00,0.000000000000000000e+00,0.000000000000000000e+00,0.000000000000000000e+00,0.000000000000000000e+00,0.000000000000000000e+00,1.273308079369380095e-12,2.048968537815029663e-12,4.081553118330017314e-12,4.698234060657620972e-12,4.706369296546174670e-12,7.967707347235175327e-12,8.077040770922125320e-12,1.081241616209217844e-11,2.348611456049956404e-11,2.610390712743617448e-11,4.389691841524835385e-11,5.888303530170577446e-11,8.483894098222590868e-11,1.224309965037183716e-10,1.826122425934309440e-10,2.932838224060226282e-10,4.692373788680588946e-10,8.479789873428945063e-10,1.651844716047116118e-09,4.396361669573703476e-09,1.651085616820319568e-08,1.458927207442038578e-06,2.706270105920897690e-04,3.552169473511230537e-04,4.565045129074676291e-04,5.800659533000837803e-04,7.385584331770422492e-04,9.527316841267388300e-04,1.243979826324862360e-03,1.618096310624334488e-03,2.065967890229436759e-03,2.603290068141589884e-03,3.299375927967368970e-03,4.214827126779787173e-03,5.326533889893166583e-03,6.679092767358263058e-03,8.430336462157329847e-03,1.056899250889333126e-02,1.321400795460136827e-02,1.652581680365109579e-02,2.057052489096607498e-02,2.559547910555307407e-02,3.176457456513177846e-02,3.932306253796214596e-02,4.862121779255771520e-02,5.999099783882720638e-02,7.386717297254741244e-02,9.078662716752368411e-02,1.113833313351774018e-01,1.364103177695914493e-01,1.667640245281587219e-01,2.035206749531198178e-01,2.479711695988128239e-01,3.016148521673569505e-01,3.662711243739507627e-01,4.440631431939197626e-01,5.375201021400398682e-01,6.496244680041222130e-01,7.799952919604528079e-01,9.290908791872403150e-01,1.105802291881944344e+00,1.342357530665370335e+00,1.652974601221308237e+00,2.033688875636265880e+00,2.378799903861463338e+00,2.745833098356150082e+00,3.161102109719035269e+00,3.641403352643350910e+00,4.278336102447124922e+00,5.019648412939572424e+00,5.882879660766531238e+00,6.889498975619790855e+00,8.077645729214944836e+00,9.471314937575915138e+00,1.103564981134945100e+01,1.276418912773683267e+01,1.501766451173330807e+01,1.754211757658671544e+01
3.027001653763463196e+01,0.000000000000000000e+00,0.000000000000000000e+00,0.000000000000000000e+00,0.000000000000000000e+00,0.000000000000000000e+00,0.000000000000000000e+00,0.000000000000000000e+00,0.000000000000000000e+00,0.000000000000000000e+00,0.000000000000000000e+00,0.000000000000000000e+00,0.000000000000000000e+00,0.000000000000000000e+00,0.000000000000000000e+00,0.000000000000000000e+00,0.000000000000000000e+00,0.000000000000000000e+00,0.000000000000000000e+00,0.000000000000000000e+00,0.000000000000000000e+00,0.000000000000000000e+00,0.000000000000000000e+00,1.166698961298838909e-12,1.877416395556629535e-12,3.739820598641041264e-12,4.304869251456261550e-12,4.312323355780957154e-12,7.300602294580833176e-12,7.400781657232786940e-12,9.907134738115665039e-12,2.151971381211304222e-11,2.391832881992276263e-11,4.022160068650052972e-11,5.395298846972433801e-11,7.773570742649975670e-11,1.121803267928788815e-10,1.673228319258953997e-10,2.687283121114924375e-10,4.299499637189838475e-10,7.769810148586947129e-10,1.513542202130387543e-09,4.028271458016646792e-09,1.512846659320461669e-08,1.336776923913213847e-06,2.479684667622425670e-04,3.254760181177451502e-04,4.182831709519605205e-04,5.314992939769947128e-04,6.767218168229226965e-04,8.729631770008620300e-04,1.139826248466690181e-03,1.482619419034758622e-03,1.892992458511059007e-03,2.385326746661822327e-03,3.023132053006661549e-03,3.861936094290362685e-03,4.880563987106092266e-03,6.119878386348408597e-03,7.724497278514015977e-03,9.684091997757559439e-03,1.210765061890076155e-02,1.514217463301072326e-02,1.884823509134419747e-02,2.345246949283829457e-02,2.910505065639180586e-02,3.603069591834474894e-02,4.455035290733100339e-02,5.496818562598348307e-02,6.768256274933455441e-02,8.318541705054852131e-02,1.020576395298736228e-01,1.249892140251301770e-01,1.528015233323396505e-01,1.864806828118470705e-01,2.272095109506224175e-01,2.763618172518291782e-01,3.356046720228816893e-01,4.068834685883974123e-01,4.925156409551885717e-01,5.952339456057537115e-01,7.146893290734024351e-01,8.513017244317072629e-01,1.013217779926045115e+00,1.229967171412753357e+00,1.514577486426840203e+00,1.863416039883248443e+00,2.179632268058384614e+00,2.515935205043772438e+00,2.896435362128006563e+00,3.336522855728038195e+00,3.920127711185572128e+00,4.599372833919676218e+00,5.390329096994050495e+00,6.312668103626514871e+00,7.401335964727804750e+00,8.678318687239240603e+00,1.011167790479720985e+01,1.169549336758148073e+01,1.376029404890857322e+01,1.607338450700950716e+01
3.303599120128339450e+01,0.000000000000000000e+00,0.000000000000000000e+00,0.000000000000000000e+00,0.000000000000000000e+00,0.000000000000000000e+00,0.000000000000000000e+00,0.000000000000000000e+00,0.000000000000000000e+00,0.000000000000000000e+00,0.000000000000000000e+00,0.000000000000000000e+00,0.000000000000000000e+00,0.000000000000000000e+00,0.000000000000000000e+00,0.000000000000000000e+00,0.000000000000000000e+00,0.000000000000000000e+00,0.000000000000000000e+00,0.000000000000000000e+00,0.000000000000000000e+00,0.000000000000000000e+00,0.000000000000000000e+00,1.069015808782060667e-12,1.720227644912250642e-12,3.426700009662587470e-12,3.944439343138994162e-12,3.951269344388449551e-12,6.689351345482560221e-12,6.781143080918262087e-12,9.077648996095068571e-12,1.971795212708860239e-11,2.191574045774411208e-11,3.685400297307287150e-11,4.943571522594183901e-11,7.122719990534027643e-11,1.027879056671314136e-10,1.533135439666769149e-10,2.462287388982446498e-10,3.939519305727220038e-10,7.119274256341110198e-10,1.386819218159706372e-09,3.691000003883899359e-09,1.386181910435811576e-08,1.224853807092955042e-06,2.272070344120139505e-04,2.982251808641017427e-04,3.832619528497217343e-04,4.869989315713265775e-04,6.200625391198262559e-04,7.998733757846384230e-04,1.044393043359824426e-03,1.358485479057062887e-03,1.734499584880666492e-03,2.185612643773514937e-03,2.770017000016937458e-03,3.538591251256779924e-03,4.471933404466645924e-03,5.607484843859700252e-03,7.077755256105328595e-03,8.873280754255332553e-03,1.109392426680965750e-02,1.387437942346890843e-02,1.727014589766720162e-02,2.148888571471129633e-02,2.666819830922608631e-02,3.301398631164456643e-02,4.082032565773234534e-02,5.036591388478305759e-02,6.201576581277996880e-02,7.622062660291289982e-02,9.351275151814468500e-02,1.145243547413121038e-01,1.400080478912949511e-01,1.708673827363387521e-01,2.081861449858974644e-01,2.532231204329248309e-01,3.075058020915510948e-01,3.728167030926700654e-01,4.512792277344507275e-01,5.453973294601106581e-01,6.548511796880022162e-01,7.800255521336855180e-01,9.283850079665644239e-01,1.126986818484361441e+00,1.387767822140855811e+00,1.707399484401372902e+00,1.997140161410572601e+00,2.305285765463382486e+00,2.653928128797857333e+00,3.057168813423103426e+00,3.591910711085829710e+00,4.214285289556786829e+00,4.939017870393558773e+00,5.784133030219172689e+00,6.781650978409179409e+00,7.951716919315266807e+00,9.265066561391853028e+00,1.071627533424014089e+01,1.260819830969674804e+01,1.472762272754318680e+01
3.605471154250503929e+01,0.000000000000000000e+00,0.000000000000000000e+00,0.000000000000000000e+00,0.000000000000000000e+00,0.000000000000000000e+00,0.000000000000000000e+00,0.000000000000000000e+00,0.000000000000000000e+00,0.000000000000000000e+00,0.000000000000000000e+00,0.000000000000000000e+00,0.000000000000000000e+00,0.000000000000000000e+00,0.000000000000000000e+00,0.000000000000000000e+00,0.000000000000000000e+00,0.000000000000000000e+00,0.000000000000000000e+00,0.000000000000000000e+00,0.000000000000000000e+00,0.000000000000000000e+00,0.000000000000000000e+00,9.795112855451036915e-13,1.576199695136352398e-12,3.139795786056804497e-12,3.614186824940055413e-12,3.620444976830017465e-12,6.129278053747008618e-12,6.213384425271558443e-12,8.317612859273475164e-12,1.806704491893897759e-11,2.008082100665564609e-11,3.376836107855645812e-11,4.529665564812604301e-11,6.526362432801166143e-11,9.418187532063587979e-11,1.404771990354083008e-10,2.256129671750619429e-10,3.609678723066775299e-10,6.523205196489763094e-10,1.270706255266620179e-09,3.381966972846109700e-09,1.270122306832189655e-08,1.122301576210861054e-06,2.081838757982052205e-04,2.732559499030482808e-04,3.511729247148040424e-04,4.462244109055753011e-04,5.681471217002778597e-04,7.329030984871445732e-04,9.569500882136179739e-04,1.244744789603779381e-03,1.589276701248743028e-03,2.002619823597649035e-03,2.538094282964465515e-03,3.242318810501159353e-03,4.097515866366600347e-03,5.137992013739689154e-03,6.485162420170269282e-03,8.130355573043911502e-03,1.016507326744138170e-02,1.271273176091371714e-02,1.582418395575309680e-02,1.968970514601607949e-02,2.443537410246777661e-02,3.024985403156003547e-02,3.740259903820252613e-02,4.614897240214296120e-02,5.682342767647907689e-02,6.983897088849620738e-02,8.568329364441749918e-02,1.049356772999376214e-01,1.282857202391674833e-01,1.565613233657233150e-01,1.907555312396590763e-01,2.320217364302453456e-01,2.817595409205777557e-01,3.416022149710202238e-01,4.134953785216570199e-01,4.997333387622998613e-01,6.000230451107309015e-01,7.147170556803811303e-01,8.506549530546018145e-01,1.032628608760877587e+00,1.271575436337111453e+00,1.564445586459976001e+00,1.829927406916242782e+00,2.112273181675851319e+00,2.431725080047969278e+00,2.801203995267535163e+00,3.291174039967995846e+00,3.861439622984236042e+00,4.525493172146081378e+00,5.299850136593185823e+00,6.213849798486965170e+00,7.285950682808981504e+00,8.489338682979242989e+00,9.819043406716170708e+00,1.155256305218627944e+01,1.349453633180097079e+01
3.934927263095849526e+01,0.000000000000000000e+00,0.000000000000000000e+00,0.000000000000000000e+00,0.000000000000000000e+00,0.000000000000000000e+00,0.000000000000000000e+00,0.000000000000000000e+00,0.000000000000000000e+00,0.000000000000000000e+00,0.000000000000000000e+00,0.000000000000000000e+00,0.000000000000000000e+00,0.000000000000000000e+00,0.000000000000000000e+00,0.000000000000000000e+00,0.000000000000000000e+00,0.000000000000000000e+00,0.000000000000000000e+00,0.000000000000000000e+00,0.000000000000000000e+00,0.000000000000000000e+00,0.000000000000000000e+00,8.975006268647451223e-13,1.444230643714983729e-12,2.876912933826026202e-12,3.311585061712530121e-12,3.317319242958977048e-12,5.616097513776892669e-12,5.693161986928515418e-12,7.621211583143585958e-12,1.655436173082721957e-11,1.839953220283983758e-11,3.094106794219668464e-11,4.150414338150841581e-11,5.979935566873927037e-11,8.629639432130429967e-11,1.287155911882313237e-10,2.067232735922461519e-10,3.307454405622143701e-10,5.977042673641902295e-10,1.164314977777996564e-09,3.098808071900953959e-09,1.163779921067887878e-08,1.028335643544923168e-06,1.907534520421997823e-04,2.503772952406827911e-04,3.217705857202698429e-04,4.088637817860691823e-04,5.205783796494295717e-04,6.715399812440827005e-04,8.768283905703369921e-04,1.140527164354529673e-03,1.456212763121452012e-03,1.834948278365591519e-03,2.325589550236520277e-03,2.970852105395317428e-03,3.754446848058212455e-03,4.707807986705513786e-03,5.942185070571592842e-03,7.449632618964018363e-03,9.313991338627210237e-03,1.164834432533756563e-02,1.449928676626510704e-02,1.804116294739485649e-02,2.238949555587283272e-02,2.771715176388543991e-02,3.427102533532955936e-02,4.228509897875996210e-02,5.206582375603992924e-02,6.399162631100462073e-02,7.850936573426510467e-02,9.614982241348958569e-02,1.175448573503407729e-01,1.434530545355727493e-01,1.747843147822803478e-01,2.125954615995110930e-01,2.581689137564274206e-01,3.130011941661886010e-01,3.788750236015259176e-01,4.578926158617734887e-01,5.497854563467169386e-01,6.548765848543454116e-01,7.794329324008080206e-01,9.461706438283618015e-01,1.165111385708295089e+00,1.433460660703084422e+00,1.676714724027219106e+00,1.935420788550344273e+00,2.228126225713892516e+00,2.566670112769083190e+00,3.015616877092363257e+00,3.538136347556287031e+00,4.146591283644994519e+00,4.856114360371563521e+00,5.693588396260104822e+00,6.675926456005665699e+00,7.778559473565307414e+00,8.996933208212750444e+00,1.058531201655485177e+01,1.236469144947156806e+01
4.294487988789274624e+01,0.000000000000000000e+00,0.000000000000000000e+00,0.000000000000000000e+00,0.000000000000000000e+00,0.000000000000000000e+00,0.000000000000000000e+00,0.000000000000000000e+00,0.000000000000000000e+00,0.000000000000000000e+00,0.000000000000000000e+00,0.000000000000000000e+00,0.000000000000000000e+00,0.000000000000000000e+00,0.000000000000000000e+00,0.000000000000000000e+00,0.000000000000000000e+00,0.000000000000000000e+00,0.000000000000000000e+00,0.000000000000000000e+00,0.000000000000000000e+00,0.000000000000000000e+00,0.000000000000000000e+00,8.223564006966400449e-13,1.323310846132957524e-12,2.636040237256925909e-12,3.034318963613474513e-12,3.039573044234279597e-12,5.145883578404364325e-12,5.216495743862051473e-12,6.983117269071280983e-12,1.516832960479354035e-11,1.685901115154268854e-11,2.835049303034036894e-11,3.802916337166878476e-11,5.479258890716475801e-11,7.907113388329759813e-11,1.179387368818471981e-10,1.894151403608608924e-10,3.030534151243068059e-10,5.476608208149046130e-10,1.066831426901048989e-09,2.839356961075638897e-09,1.066341168401920455e-08,9.422371118422720936e-07,1.747824096679129907e-04,2.294141810792487866e-04,2.948299898656762215e-04,3.746312123918762202e-04,4.769923827958613910e-04,6.153145584186842836e-04,8.034149701008687925e-04,1.045035274294780396e-03,1.334289749426030786e-03,1.681315217497480813e-03,2.130877009758829366e-03,2.722114248465152403e-03,3.440101660275818058e-03,4.313641590025856301e-03,5.444669096197727806e-03,6.825903942200557510e-03,8.534167179481471840e-03,1.067307389736600089e-02,1.328531804977903935e-02,1.653064675579003426e-02,2.051491043862607375e-02,2.539650277653383859e-02,3.140164608173828809e-02,3.874473260341759068e-02,4.770655545154862953e-02,5.863385708339198532e-02,7.193608282118346686e-02,8.809957288140628229e-02,1.077032850090628852e-01,1.314422899167407843e-01,1.601503059721491595e-01,1.947956729747908899e-01,2.365534377732440297e-01,2.867948252553672028e-01,3.471532959383210049e-01,4.195550534611539595e-01,5.037540649036015283e-01,6.000463232016065573e-01,7.141740536858161015e-01,8.669514670108121601e-01,1.067561154702280968e+00,1.313442591782908897e+00,1.536329941364910301e+00,1.773375556366683092e+00,2.041573909175663282e+00,2.351772837291301155e+00,2.763131040463824739e+00,3.241901994112843965e+00,3.799413372100349573e+00,4.449530849595992876e+00,5.216886451603810038e+00,6.116977177892987783e+00,7.127291034471800124e+00,8.243655089423027604e+00,9.699045136708061676e+00,1.132944407140155008e+01
4.686904192314192130e+01,0.000000000000000000e+00,0.000000000000000000e+00,0.000000000000000000e+00,0.000000000000000000e+00,0.000000000000000000e+00,0.000000000000000000e+00,0.000000000000000000e+00,0.000000000000000000e+00,0.000000000000000000e+00,0.000000000000000000e+00,0.000000000000000000e+00,0.000000000000000000e+00,0.000000000000000000e+00,0.000000000000000000e+00,0.000000000000000000e+00,0.000000000000000000e+00,0.000000000000000000e+00,0.000000000000000000e+00,0.000000000000000000e+00,0.000000000000000000e+00,0.000000000000000000e+00,0.000000000000000000e+00,7.535037074337865243e-13,1.212515191471529407e-12,2.415334871881720493e-12,2.780267274240891615e-12,2.785081451188476092e-12,4.715038821447298648e-12,4.779738905762593884e-12,6.398448102589939028e-12,1.389834454149982996e-11,1.544747191800737307e-11,2.597681684953226791e-11,3.484512988150037472e-11,5.020501919419509932e-11,7.245081631466100284e-11,1.080641865439946310e-10,1.735561496026462218e-10,2.776799349444991655e-10,5.018073168162639208e-10,9.775097934373032961e-10,2.601628679591992494e-09,9.770605823697159872e-09,8.633472743124671947e-07,1.601485603655755684e-04,2.102062266854880614e-04,2.701450250016402535e-04,3.432648024853469709e-04,4.370556714216450572e-04,5.637966709004739365e-04,7.361481689277045611e-04,9.575385476578541447e-04,1.222574874022646935e-03,1.540545253464300048e-03,1.952466990684977770e-03,2.494202241922439597e-03,3.152075368746557436e-03,3.952477208022705212e-03,4.988808193454501508e-03,6.254397634259251972e-03,7.819634654939828719e-03,9.779459057614547576e-03,1.217299019800334101e-02,1.514660019209962405e-02,1.879727702013615429e-02,2.327015267560364128e-02,2.877250875906037231e-02,3.550078729304543407e-02,4.371227167586425044e-02,5.372467297153871862e-02,6.591315524279729721e-02,8.072333933710200415e-02,9.868570912608963519e-02,1.204371397631847501e-01,1.467415456296608522e-01,1.784861912112847282e-01,2.167477412680824667e-01,2.627826133774592288e-01,3.180875047799114896e-01,3.844273455982740728e-01,4.615767022888752624e-01,5.498067854538556398e-01,6.543790462984320211e-01,7.943650028192404955e-01,9.781784239765440869e-01,1.203473167560288548e+00,1.407699028887392512e+00,1.624897739304735245e+00,1.870640890325396155e+00,2.154868072334456208e+00,2.531784857941307365e+00,2.970470187417116215e+00,3.481303312682801021e+00,4.076988990018674208e+00,4.780096901069359028e+00,5.604826542270091139e+00,6.530550761062533738e+00,7.553446008839499903e+00,8.886981925216527856e+00,1.038087391760198841e+01
5.115178099293142822e+01,0.000000000000000000e+00,0.000000000000000000e+00,0.000000000000000000e+00,0.000000000000000000e+00,0.000000000000000000e+00,0.000000000000000000e+00,0.000000000000000000e+00,0.000000000000000000e+00,0.000000000000000000e+00,0.000000000000000000e+00,0.000000000000000000e+00,0.000000000000000000e+00,0.000000000000000000e+00,0.000000000000000000e+00,0.000000000000000000e+00,0.000000000000000000e+00,0.000000000000000000e+00,0.000000000000000000e+00,0.000000000000000000e+00,0.000000000000000000e+00,0.000000000000000000e+00,0.000000000000000000e+00,6.904157815704844122e-13,1.110996024740149712e-12,2.213108305736108470e-12,2.547486341715901272e-12,2.551897446408677234e-12,4.320267015183561739e-12,4.379550013846373227e-12,5.862731004513349628e-12,1.273469037310435563e-11,1.415411535781509582e-11,2.380187931518460010e-11,3.192768309394836289e-11,4.600154879631737750e-11,6.638479210893842798e-11,9.901639378344651661e-11,1.590249702717017123e-10,2.544308772734132580e-10,4.597929478242586983e-10,8.956667118829324201e-10,2.383804459694092887e-09,8.952551115055769106e-09,7.910625751148921986e-07,1.467399461759156989e-04,1.926064793792627993e-04,2.475268359449646458e-04,3.145245797140084048e-04,4.004627050901458040e-04,5.165921751231639797e-04,6.745133545962865356e-04,8.773675806009984760e-04,1.120213449315981668e-03,1.411561409349428031e-03,1.788994546497034172e-03,2.285372418559809132e-03,2.888164394962134535e-03,3.621551710754279414e-03,4.571114745698575191e-03,5.730741319927934972e-03,7.164927151151862482e-03,8.960663102235390948e-03,1.115379321785600446e-02,1.387843444776023713e-02,1.722345434696435570e-02,2.132183357333140156e-02,2.636349884764952259e-02,3.252844486826802356e-02,4.005241369826329639e-02,4.922651569371746388e-02,6.039450389397255092e-02,7.396468905138356420e-02,9.042313969253283623e-02,1.103534078988187977e-01,1.344554484805450811e-01,1.635422387294713786e-01,1.986002984655391435e-01,2.407808503239194653e-01,2.914552789240603126e-01,3.522407436749370180e-01,4.229306857040306955e-01,5.037736082078083655e-01,5.995904416079878008e-01,7.278559201009371371e-01,8.962793605955764464e-01,1.102711054216355624e+00,1.289837880898158540e+00,1.488851390625405946e+00,1.714019426301504279e+00,1.974449375184808897e+00,2.319808388756293027e+00,2.721764306989331139e+00,3.189827367532922509e+00,3.735638606987680355e+00,4.379878035602710717e+00,5.135556281371639997e+00,5.983773222749428911e+00,6.921025441937384670e+00,8.142909598411375072e+00,9.511723842228922976e+00
5.582586268862694823e+01,0.000000000000000000e+00,0.000000000000000000e+00,0.000000000000000000e+00,0.000000000000000000e+00,0.000000000000000000e+00,0.000000000000000000e+00,0.000000000000000000e+00,0.000000000000000000e+00,0.000000000000000000e+00,0.000000000000000000e+00,0.000000000000000000e+00,0.000000000000000000e+00,0.000000000000000000e+00,0.000000000000000000e+00,0.000000000000000000e+00,0.000000000000000000e+00,0.000000000000000000e+00,0.000000000000000000e+00,0.000000000000000000e+00,0.000000000000000000e+00,0.000000000000000000e+00,0.000000000000000000e+00,6.326099616218149442e-13,1.017976661793765231e-12,2.027813381049880203e-12,2.334195248548891323e-12,2.338237028654293145e-12,3.958547912178989235e-12,4.012867376637926811e-12,5.371867409125237933e-12,1.166846442859417395e-11,1.296904649677975715e-11,2.180904081574618974e-11,2.925450274440772811e-11,4.215001857632285542e-11,6.082665244525608983e-11,9.072613741359248335e-11,1.457104298972649785e-10,2.331283725021670464e-10,4.212962780419737990e-10,8.206760322618062702e-10,2.184217811954864874e-09,8.202988935783160472e-09,7.248299917848805083e-07,1.344539829428222782e-04,1.764802902550529479e-04,2.268023796201815775e-04,2.881906636742823775e-04,3.669335250735171689e-04,4.733399276236438351e-04,6.180389828197986428e-04,8.039090158537449699e-04,1.026422347368775379e-03,1.293376879311982763e-03,1.639209012324099619e-03,2.094027101622790519e-03,2.646349657446180493e-03,3.318333314369339287e-03,4.188393140822304662e-03,5.250928705913497987e-03,6.565035752518566872e-03,8.210421737922624780e-03,1.021992962477669131e-02,1.271644727384054624e-02,1.578140170643805434e-02,1.953663962873199850e-02,2.415618593811893339e-02,2.980496507904863493e-02,3.669898135133038003e-02,4.510497157660796341e-02,5.533790769328477549e-02,6.777191418731839945e-02,8.285236296380546483e-02,1.011139475649156932e-01,1.231980183153417729e-01,1.498494850897821307e-01,1.819722702522545421e-01,2.206212090578237861e-01,2.670528654417818060e-01,3.227490003646341643e-01,3.875203493224330109e-01,4.615946093084630220e-01,5.493890730475906592e-01,6.669153834141572368e-01,8.212373862877987429e-01,1.010385359530695082e+00,1.181844787031487432e+00,1.364195671978522650e+00,1.570511266450451471e+00,1.809136431700123948e+00,2.125579882375940421e+00,2.493881599681201156e+00,2.922755566167787755e+00,3.422868159855624093e+00,4.013167934412280147e+00,4.705576188706390717e+00,5.482775234636941164e+00,6.341554981910031863e+00,7.461135544763087601e+00,8.715344311948413747e+00
6.092704661368677677e+01,0.000000000000000000e+00,0.000000000000000000e+00,0.000000000000000000e+00,0.000000000000000000e+00,0.000000000000000000e+00,0.000000000000000000e+00,0.000000000000000000e+00,0.000000000000000000e+00,0.000000000000000000e+00,0.000000000000000000e+00,0.000000000000000000e+00,0.000000000000000000e+00,0.000000000000000000e+00,0.000000000000000000e+00,0.000000000000000000e+00,0.000000000000000000e+00,0.000000000000000000e+00,0.000000000000000000e+00,0.000000000000000000e+00,0.000000000000000000e+00,0.000000000000000000e+00,0.000000000000000000e+00,5.796439974660374376e-13,9.327454472207961664e-13,1.858032477537168245e-12,2.138762186523958096e-12,2.142465564148881276e-12,3.627114138534520871e-12,3.676885646144790672e-12,4.922101907627473712e-12,1.069150942286924941e-11,1.188319882830168760e-11,1.998305490942677418e-11,2.680513735695323005e-11,3.862096195610240155e-11,5.573387413226236532e-11,8.312999186773205909e-11,1.335106640458457181e-10,2.136094433503269073e-10,3.860227842377874715e-10,7.519640296925668679e-10,2.001341775605672589e-09,7.516184673597561421e-09,6.641428042712866242e-07,1.231966754813751299e-04,1.617042840349067960e-04,2.078131011734582804e-04,2.640615836909876923e-04,3.362116124960235690e-04,4.337090220720805499e-04,5.662929898749765071e-04,7.366008501570581570e-04,9.404840084908234988e-04,1.185087478914422692e-03,1.501964436585835139e-03,1.918702381598725269e-03,2.424781124537521773e-03,3.040502211401535215e-03,3.837715322853135075e-03,4.811288930230953401e-03,6.015370920403306440e-03,7.522995156210651388e-03,9.364254787167835062e-03,1.165174875286195157e-02,1.446008650778358301e-02,1.790091300873550631e-02,2.213368272735920933e-02,2.730951162777207550e-02,3.362631881243385856e-02,4.132850826950282275e-02,5.070468056574475163e-02,6.209763620343823620e-02,7.591545783554599913e-02,9.264807119989229567e-02,1.128831288605118555e-01,1.373031722943286459e-01,1.667364419721928670e-01,2.021494559083741593e-01,2.446935708419552824e-01,2.957264856688479604e-01,3.550747822636631801e-01,4.229470934387269954e-01,5.033908692317450306e-01,6.110771601236297812e-01,7.524783837359111383e-01,9.257897350811107318e-01,1.082893533612838022e+00,1.249976890348464931e+00,1.439018484971319678e+00,1.657664496056428849e+00,1.947613371112764558e+00,2.285078622442544116e+00,2.678044644833469601e+00,3.136284762085408850e+00,3.677161039389230890e+00,4.311596651766534727e+00,5.023723853581435250e+00,5.810601322877173125e+00,6.836443772897553117e+00,7.985642532911490399e+00
6.649435996665044968e+01,0.000000000000000000e+00,0.000000000000000000e+00,0.000000000000000000e+00,0.000000000000000000e+00,0.000000000000000000e+00,0.000000000000000000e+00,0.000000000000000000e+00,0.000000000000000000e+00,0.000000000000000000e+00,0.000000000000000000e+00,0.000000000000000000e+00,0.000000000000000000e+00,0.000000000000000000e+00,0.000000000000000000e+00,0.000000000000000000e+00,0.000000000000000000e+00,0.000000000000000000e+00,0.000000000000000000e+00,0.000000000000000000e+00,0.000000000000000000e+00,0.000000000000000000e+00,0.000000000000000000e+00,5.311126668588038707e-13,8.546503097409732740e-13,1.702466666728237711e-12,1.959691972361125454e-12,1.963085280625088242e-12,3.323430021771621224e-12,3.369034355217725169e-12,4.509993516950039299e-12,9.796351048487874819e-12,1.088826494900866516e-11,1.830995167952795245e-11,2.456084777795379354e-11,3.538737947917730765e-11,5.106749427952655827e-11,7.616984195442957925e-11,1.223323369955774571e-10,1.957247579893450257e-10,3.537026024612712394e-10,6.890050150399639957e-10,1.833777236346077046e-09,6.886883852931757313e-09,6.085367182160376336e-07,1.128818984567946451e-04,1.481654151715854398e-04,1.904137209303211997e-04,2.419527374426007761e-04,3.080619258066661834e-04,3.973962576347098998e-04,5.188794870485429660e-04,6.749281345923013745e-04,8.617409514654486916e-04,1.085864727554768355e-03,1.376210813757151614e-03,1.758056916407463831e-03,2.221763660508654578e-03,2.785932822813674912e-03,3.516398390522192715e-03,4.408458477848597144e-03,5.511727380334840998e-03,6.893124120404630316e-03,8.580222265562988462e-03,1.067619328545508367e-02,1.324939987601257176e-02,1.640213939735316387e-02,2.028051582026979202e-02,2.502299275873616849e-02,3.081091832088286853e-02,3.786823350240571540e-02,4.645937547050047606e-02,5.689844337871938218e-02,6.955935271150001653e-02,8.489100963593131099e-02,1.034318648594049761e-01,1.258073133237051500e-01,1.527762501561800990e-01,1.852242705883337948e-01,2.242063327511455151e-01,2.709664607086118004e-01,3.253457559584456149e-01,3.875353833015129923e-01,4.612439155737286245e-01,5.599140534337742059e-01,6.894763042258511554e-01,8.482769722431980908e-01,9.922270826154234724e-01,1.145321201715275183e+00,1.318535081107286011e+00,1.518874714663581038e+00,1.784547301556717036e+00,2.093757903908270990e+00,2.453822414278999275e+00,2.873695874194589717e+00,3.369286690860169298e+00,3.950603484466145954e+00,4.603107053815659988e+00,5.324102342364736451e+00,6.264055006049857433e+00,7.317035837129013842e+00
7.257039612324216193e+01,0.000000000000000000e+00,0.000000000000000000e+00,0.000000000000000000e+00,0.000000000000000000e+00,0.000000000000000000e+00,0.000000000000000000e+00,0.000000000000000000e+00,0.000000000000000000e+00,0.000000000000000000e+00,0.000000000000000000e+00,0.000000000000000000e+00,0.000000000000000000e+00,0.000000000000000000e+00,0.000000000000000000e+00,0.000000000000000000e+00,0.000000000000000000e+00,0.000000000000000000e+00,0.000000000000000000e+00,0.000000000000000000e+00,0.000000000000000000e+00,0.000000000000000000e+00,0.000000000000000000e+00,4.866446752334361921e-13,7.830937734584692665e-13,1.559925774366758893e-12,1.795614608643453255e-12,1.798723808444410412e-12,3.045172191376239526e-12,3.086958251894010357e-12,4.132389354111435756e-12,8.976140792611732040e-12,9.976633002004057267e-12,1.677693085597716810e-11,2.250446381000687056e-11,3.242453224822978205e-11,4.679181220743203683e-11,6.979243824050984330e-11,1.120899276604651783e-10,1.793374875621060630e-10,3.240884634177752847e-10,6.313173130692280805e-10,1.680242222257803280e-09,6.310271934959059526e-09,5.575863128163610051e-07,1.034307374725908522e-04,1.357601029805080063e-04,1.744711229166766644e-04,2.216949786398105286e-04,2.822691025665695266e-04,3.641238193007346200e-04,4.754357318447459011e-04,6.184190349048817627e-04,7.895907434132855285e-04,9.949495100797830626e-04,1.260986051179303598e-03,1.610861669308395489e-03,2.035744056733491091e-03,2.552677536009057609e-03,3.221984071417340143e-03,4.039355447726613278e-03,5.050251949067829926e-03,6.315989729180890300e-03,7.861833728333310692e-03,9.782317271508245149e-03,1.214007931280275746e-02,1.502885225345321207e-02,1.858250734875720178e-02,2.292791519446310197e-02,2.823124032908090608e-02,3.469767404237289465e-02,4.256951320914480891e-02,5.213455868618203232e-02,6.373541947312501288e-02,7.778341657496001815e-02,9.477191832194660492e-02,1.152739577771770413e-01,1.399848907395797315e-01,1.697161650067989802e-01,2.054344111810978146e-01,2.482794960447669841e-01,2.981058250472229387e-01,3.550885575063249533e-01,4.226257619222791861e-01,5.130346340701273933e-01,6.317491430501689376e-01,7.772540506457907838e-01,9.091517798530898142e-01,1.049427925609754286e+00,1.208139282620296351e+00,1.391705260221631768e+00,1.635134117853092484e+00,1.918455722758649618e+00,2.248373436355627142e+00,2.633092529478070265e+00,3.087189460457521406e+00,3.619834866761360459e+00,4.217706857788773078e+00,4.878336023566288482e+00,5.739590117653738943e+00,6.704408971623528224e+00
7.920164050192552452e+01,0.000000000000000000e+00,0.000000000000000000e+00,0.000000000000000000e+00,0.000000000000000000e+00,0.000000000000000000e+00,0.000000000000000000e+00,0.000000000000000000e+00,0.000000000000000000e+00,0.000000000000000000e+00,0.000000000000000000e+00,0.000000000000000000e+00,0.000000000000000000e+00,0.000000000000000000e+00,0.000000000000000000e+00,0.000000000000000000e+00,0.000000000000000000e+00,0.000000000000000000e+00,0.000000000000000000e+00,0.000000000000000000e+00,0.000000000000000000e+00,0.000000000000000000e+00,0.000000000000000000e+00,4.458998150688357881e-13,7.175283868033511046e-13,1.429319274843792715e-12,1.645274802493110512e-12,1.648123681124308688e-12,2.790211803583569275e-12,2.828499280269493406e-12,3.786400514722228788e-12,8.224603541665143913e-12,9.141328441473927621e-12,1.537226388537883870e-11,2.062025284935431883e-11,2.970975265730345977e-11,4.287411631499155421e-11,6.394898966010152916e-11,1.027050753014106505e-10,1.643222593579061614e-10,2.969538007060477303e-10,5.784595773338929470e-10,1.539562095930083879e-09,5.781937483406338380e-09,5.109017860936552376e-07,9.477088532683236870e-05,1.243934391837261564e-04,1.598633364396319291e-04,2.031333229522388529e-04,2.586358117936965613e-04,3.336371524264037649e-04,4.356293527818774812e-04,5.666412216816305155e-04,7.234813908097561868e-04,9.116462690865623913e-04,1.155408608458561009e-03,1.475990506012502673e-03,1.865299148684852575e-03,2.338951804395709901e-03,2.952219914685332534e-03,3.701155974376185015e-03,4.627414055358083401e-03,5.787176549024168788e-03,7.203593060756658707e-03,8.963282009030201433e-03,1.112363783268169662e-02,1.377054508465976393e-02,1.702666650231295792e-02,2.100825030135377441e-02,2.586754871172197712e-02,3.179257315697798375e-02,3.900533393984589176e-02,4.776953547413785583e-02,5.839910144453681895e-02,7.127091455292235145e-02,8.683703532398436009e-02,1.056225189979524415e-01,1.282645019454249635e-01,1.555064926055603758e-01,1.882341893713025960e-01,2.274920224260965074e-01,2.731465872830871611e-01,3.253583778537791349e-01,3.872409556193623925e-01,4.700802456043392530e-01,5.788552518751798326e-01,7.121776011999175759e-01,8.330320480986167508e-01,9.615634194147867353e-01,1.106986493665784499e+00,1.275183208088072728e+00,1.498230717131953549e+00,1.757830909349804571e+00,2.060125899858554099e+00,2.412633964175624257e+00,2.828711130641969884e+00,3.316760215026214542e+00,3.864574716656341558e+00,4.469891979622324207e+00,5.259036628326549945e+00,6.143074963593834426e+00
8.643882620598270705e+01,0.000000000000000000e+00,0.000000000000000000e+00,0.000000000000000000e+00,0.000000000000000000e+00,0.000000000000000000e+00,0.000000000000000000e+00,0.000000000000000000e+00,0.000000000000000000e+00,0.000000000000000000e+00,0.000000000000000000e+00,0.000000000000000000e+00,0.000000000000000000e+00,0.000000000000000000e+00,0.000000000000000000e+00,0.000000000000000000e+00,0.000000000000000000e+00,0.000000000000000000e+00,0.000000000000000000e+00,0.000000000000000000e+00,0.000000000000000000e+00,0.000000000000000000e+00,0.000000000000000000e+00,4.085663630924302639e-13,6.574525341899220129e-13,1.309647948005288089e-12,1.507522361807786721e-12,1.510132714945207585e-12,2.556598254412202421e-12,2.591680070041884015e-12,3.469379971087338254e-12,7.535989572851703542e-12,8.375960673116291411e-12,1.408520420035782246e-11,1.889379952177474591e-11,2.722227097065800036e-11,3.928443381595427133e-11,5.859479023293536647e-11,9.410598001830001845e-11,1.505641976340056935e-10,2.720910174457342345e-10,5.300274136036772933e-10,1.410660567760068957e-09,5.297838414349746755e-09,4.681259726682946985e-07,8.683608881752112076e-05,1.139784618031487663e-04,1.464786029365789896e-04,1.861257622828666142e-04,2.369812442593098947e-04,3.057030152352210677e-04,3.991558065457478282e-04,5.191985627645436365e-04,6.629071163946626943e-04,8.353176834800438546e-04,1.058670753139302496e-03,1.352411579061520066e-03,1.709124927849381545e-03,2.143120494505944534e-03,2.705042058395622489e-03,3.391272623549433738e-03,4.239978728918252296e-03,5.302638833441980504e-03,6.600464316355162016e-03,8.212821373868355035e-03,1.019229903236117986e-02,1.261759106621571612e-02,1.560109014031280279e-02,1.924931146076955257e-02,2.370175977227754333e-02,2.913070503537052228e-02,3.573956949622956319e-02,4.376997862685903101e-02,5.350957250649885505e-02,6.530367891869076624e-02,7.956650912396580344e-02,9.677915753562867096e-02,1.175254155815567414e-01,1.424865406398644063e-01,1.724740750323309757e-01,2.084450028776606845e-01,2.502770891262468544e-01,2.981173901605007059e-01,3.548187811053831742e-01,4.307222605116177716e-01,5.303899598592232145e-01,6.525497489906399995e-01,7.632855245265103283e-01,8.810554655475073549e-01,1.014302833114319125e+00,1.168417092805146718e+00,1.372789704067199246e+00,1.610654584939978928e+00,1.887639595203224330e+00,2.210633534495494157e+00,2.591874183009141408e+00,3.039060821529453893e+00,3.541008952065818782e+00,4.095645362060510664e+00,4.818718007930896441e+00,5.628739262186591930e+00
9.433732216299779338e+01,0.000000000000000000e+00,0.000000000000000000e+00,0.000000000000000000e+00,0.000000000000000000e+00,0.000000000000000000e+00,0.000000000000000000e+00,0.000000000000000000e+00,0.000000000000000000e+00,0.000000000000000000e+00,0.000000000000000000e+00,0.000000000000000000e+00,0.000000000000000000e+00,0.000000000000000000e+00,0.000000000000000000e+00,0.000000000000000000e+00,0.000000000000000000e+00,0.000000000000000000e+00,0.000000000000000000e+00,0.000000000000000000e+00,0.000000000000000000e+00,0.000000000000000000e+00,0.000000000000000000e+00,3.743586954051691554e-13,6.024065983485796596e-13,1.199996234502546447e-12,1.381303395582783963e-12,1.383695194035488689e-12,2.342544256342421748e-12,2.374688808410212229e-12,3.178902320814043064e-12,6.905030565233996345e-12,7.674674162159173347e-12,1.290590500170095499e-11,1.731189539609324045e-11,2.494305642149998810e-11,3.599530142853267143e-11,5.368887703606368734e-11,8.622685343655112916e-11,1.379580447454528832e-10,2.493098980333983694e-10,4.856502859995840783e-10,1.292551461674547677e-09,4.854271071783459343e-09,4.289316112245207841e-07,7.956564186479623256e-05,1.044354898478553381e-04,1.342145209533659620e-04,1.705421783186378856e-04,2.171397291860238546e-04,2.801076943747165594e-04,3.657360480457838461e-04,4.757280925958208453e-04,6.074044896646717392e-04,7.653797925741454792e-04,9.700323810532998203e-04,1.239179433559433339e-03,1.566026565259363281e-03,1.963685376218361322e-03,2.478559439725597051e-03,3.107334596773988090e-03,3.884981850902919764e-03,4.858669570512440597e-03,6.047833188803375566e-03,7.525193880000079216e-03,9.338937596463122229e-03,1.156116938984482964e-02,1.429487172566056355e-02,1.763764170735516307e-02,2.171730389158151031e-02,2.669170474713548902e-02,3.274723476911398090e-02,4.010528907137698995e-02,4.902942475146789686e-02,5.983605664480134284e-02,7.290471571898034242e-02,8.867621622892371547e-02,1.076854710237331175e-01,1.305566984589670576e-01,1.580334935837819366e-01,1.909927159699984500e-01,2.293223648318515606e-01,2.731571840945479224e-01,3.251111887784394749e-01,3.946595659677842316e-01,4.859824776715144234e-01,5.979143042273433739e-01,6.993786052787487328e-01,8.072881285808175544e-01,9.293792138843814943e-01,1.070590087840100235e+00,1.257851377657297265e+00,1.475800760010378632e+00,1.729594895935067100e+00,2.025545812750692232e+00,2.374866669055992308e+00,2.784612114892448087e+00,3.244534086653364735e+00,3.752732953780481218e+00,4.415265547854956729e+00,5.157466882537565134e+00
1.029575567312512732e+02,0.000000000000000000e+00,0.000000000000000000e+00,0.000000000000000000e+00,0.000000000000000000e+00,0.000000000000000000e+00,0.000000000000000000e+00,0.000000000000000000e+00,0.000000000000000000e+00,0.000000000000000000e+00,0.000000000000000000e+00,0.000000000000000000e+00,0.000000000000000000e+00,0.000000000000000000e+00,0.000000000000000000e+00,0.000000000000000000e+00,0.000000000000000000e+00,0.000000000000000000e+00,0.000000000000000000e+00,0.000000000000000000e+00,0.000000000000000000e+00,0.000000000000000000e+00,0.000000000000000000e+00,3.430151022827967868e-13,5.519694439706515409e-13,1.099525231199366626e-12,1.265652250995799291e-12,1.267843793494915903e-12,2.146412164465990995e-12,2.175865378591107546e-12,2.912745230990012001e-12,6.326899293833985719e-12,7.032103634913501115e-12,1.182534392427894975e-11,1.586243793154859022e-11,2.285467161489698899e-11,3.298155526438386625e-11,4.919371681227306646e-11,7.900741538553269629e-11,1.264073558592776867e-10,2.284361528760123574e-10,4.449886821662339718e-10,1.184331170275660032e-09,4.447841892370354453e-09,3.930188407598351229e-07,7.290392107203769493e-05,9.569151370544454519e-05,1.229772627101096056e-04,1.562633470452327660e-04,1.989594667643301666e-04,2.566553698776862609e-04,3.351143955482385490e-04,4.358972353078193222e-04,5.565488813445641954e-04,7.012975284328900336e-04,8.888153540670450450e-04,1.135427773860273005e-03,1.434909270315295809e-03,1.799273660374746311e-03,2.271039327165386233e-03,2.847169593284635484e-03,3.559707476574012520e-03,4.451872121960132045e-03,5.541471709643205380e-03,6.895138753628805503e-03,8.557024784468840461e-03,1.059319777913620038e-02,1.309801788306266986e-02,1.616091077496637288e-02,1.989899876003935891e-02,2.445691243803407161e-02,3.000543655503744300e-02,3.674742967573007418e-02,4.492438229006400635e-02,5.482621705367858589e-02,6.680068828688133509e-02,8.125170258672630152e-02,9.866938663625582362e-02,1.196256954233110292e-01,1.448019656844870828e-01,1.750016409604507606e-01,2.101220978542929219e-01,2.502867987080241163e-01,2.978908972621081008e-01,3.616162601507302843e-01,4.452930607254160233e-01,5.478532721108992920e-01,6.408223630666525228e-01,7.396970429580492778e-01,8.515659179895048725e-01,9.809537563591734788e-01,1.152536388921599375e+00,1.352237719751918865e+00,1.584782662774441908e+00,1.855954763885459435e+00,2.176028347658884865e+00,2.551467405809746403e+00,2.972881905117509049e+00,3.438531263679736494e+00,4.045592588317006744e+00,4.725652300714081377e+00
1.123654800138751568e+02,0.000000000000000000e+00,0.000000000000000000e+00,0.000000000000000000e+00,0.000000000000000000e+00,0.000000000000000000e+00,0.000000000000000000e+00,0.000000000000000000e+00,0.000000000000000000e+00,0.000000000000000000e+00,0.000000000000000000e+00,0.000000000000000000e+00,0.000000000000000000e+00,0.000000000000000000e+00,0.000000000000000000e+00,0.000000000000000000e+00,0.000000000000000000e+00,0.000000000000000000e+00,0.000000000000000000e+00,0.000000000000000000e+00,0.000000000000000000e+00,0.000000000000000000e+00,0.000000000000000000e+00,3.142957859352899016e-13,5.057551957639316594e-13,1.007466273046421555e-12,1.159684125568146581e-12,1.161692178763433199e-12,1.966701447494077862e-12,1.993688658903043270e-12,2.668872435967920859e-12,5.797172698389127118e-12,6.443333031125242447e-12,1.083525401039684623e-11,1.453433788590321591e-11,2.094113912096769653e-11,3.022013830936682437e-11,4.507491881755225729e-11,7.239243271813603215e-11,1.158237610921252634e-10,2.093100849682359700e-10,4.077315157932617348e-10,1.085171741687825627e-09,4.075441442592594500e-09,3.601129064636640551e-07,6.679996017262708463e-05,8.767963657353704547e-05,1.126808562608964546e-04,1.431800266099349803e-04,1.823013667905709536e-04,2.351666170188494297e-04,3.070565745534687080e-04,3.994012603128526198e-04,5.099512147117758352e-04,6.425806222711786132e-04,8.143983119074031489e-04,1.040362835872922715e-03,1.314769914963588322e-03,1.648627496097592425e-03,2.080894064054727467e-03,2.608787190584681281e-03,3.261667056650957575e-03,4.079134236781506613e-03,5.077505901721445294e-03,6.317835685024669745e-03,7.840578481833428148e-03,9.706270655152315560e-03,1.200137194355283855e-02,1.480782076254050054e-02,1.823293322360983182e-02,2.240923057062726292e-02,2.749319840915338126e-02,3.367071074763761107e-02,4.116303901940827903e-02,5.023583178719104314e-02,6.120772725870926578e-02,7.444881450736151596e-02,9.040818382109565288e-02,1.096099026279251931e-01,1.326782619975133692e-01,1.603494362772517334e-01,1.925293943269010821e-01,2.293312614682253836e-01,2.729496545629460091e-01,3.313395414215677959e-01,4.080104099231217085e-01,5.019836549160334727e-01,5.871688065760259922e-01,6.777650952488973868e-01,7.802676257955574179e-01,8.988223252249030182e-01,1.056039013339099775e+00,1.239020130811566478e+00,1.452094992956511232e+00,1.700562911935032728e+00,1.993837983206548703e+00,2.337842993677039516e+00,2.723974100975234958e+00,3.150636455331050190e+00,3.706870903517205829e+00,4.329991869236519797e+00
1.226330684177563199e+02,0.000000000000000000e+00,0.000000000000000000e+00,0.000000000000000000e+00,0.000000000000000000e+00,0.000000000000000000e+00,0.000000000000000000e+00,0.000000000000000000e+00,0.000000000000000000e+00,0.000000000000000000e+00,0.000000000000000000e+00,0.000000000000000000e+00,0.000000000000000000e+00,0.000000000000000000e+00,0.000000000000000000e+00,0.000000000000000000e+00,0.000000000000000000e+00,0.000000000000000000e+00,0.000000000000000000e+00,0.000000000000000000e+00,0.000000000000000000e+00,0.000000000000000000e+00,0.000000000000000000e+00,2.879810259060885001e-13,4.634102862690591270e-13,9.231150523202583583e-13,1.062588297880901653e-12,1.064428224615941339e-12,1.802037207768810704e-12,1.826764885248707377e-12,2.445418158679246737e-12,5.311798044217478141e-12,5.903857893086969951e-12,9.928060462476544372e-12,1.331743447591088448e-11,1.918781923770383104e-11,2.768992402318484334e-11,4.130097171072138280e-11,6.633129674318511666e-11,1.061262894262265592e-10,1.917853681119784178e-10,3.735937466134633827e-10,9.943145452160121511e-10,3.734220629670314830e-09,3.299620576738535359e-07,6.120706010662106786e-05,8.033856265803994022e-05,1.032465277554518149e-04,1.311921215541832773e-04,1.670379845412238093e-04,2.154770336052039845e-04,2.813479254517376924e-04,3.659609509265306332e-04,4.672549889198619158e-04,5.887798535966585209e-04,7.462119183728668911e-04,9.532573142769951591e-04,1.204689359149188144e-03,1.510594347456256561e-03,1.906668922031779954e-03,2.390363616488066709e-03,2.988580398376153042e-03,3.737604240608074970e-03,4.652386140878825641e-03,5.788867950186573144e-03,7.184117433125487145e-03,8.893602479189558277e-03,1.099654389033546086e-02,1.356801969819563213e-02,1.670636085490956671e-02,2.053299311758513893e-02,2.519130016250921422e-02,3.085159349253332670e-02,3.771661834709483935e-02,4.602978157110752810e-02,5.608304303822988363e-02,6.821550570753208420e-02,8.283865928913808352e-02,1.004326930897997266e-01,1.215696287233945655e-01,1.469240035311621118e-01,1.764096592334022384e-01,2.101302496100107275e-01,2.500966448144915089e-01,3.035977742364061593e-01,3.738492900258488238e-01,4.599545218228630605e-01,5.380074530577132474e-01,6.210184679132204622e-01,7.149388614589197166e-01,8.235674384092971367e-01,9.676209865596551163e-01,1.135281808910015178e+00,1.330516744092802739e+00,1.558181413535483895e+00,1.826901707210822234e+00,2.142104520183069738e+00,2.495906376237488900e+00,2.886845956153436532e+00,3.396509063968494946e+00,3.967458542140585021e+00
1.338388753173757664e+02,0.000000000000000000e+00,0.000000000000000000e+00,0.000000000000000000e+00,0.000000000000000000e+00,0.000000000000000000e+00,0.000000000000000000e+00,0.000000000000000000e+00,0.000000000000000000e+00,0.000000000000000000e+00,0.000000000000000000e+00,0.000000000000000000e+00,0.000000000000000000e+00,0.000000000000000000e+00,0.000000000000000000e+00,0.000000000000000000e+00,0.000000000000000000e+00,0.000000000000000000e+00,0.000000000000000000e+00,0.000000000000000000e+00,0.000000000000000000e+00,0.000000000000000000e+00,0.000000000000000000e+00,2.638694980752880694e-13,4.246107508507107041e-13,8.458262302354694280e-13,9.736219250567660227e-13,9.753078019041818401e-13,1.651159662449471918e-12,1.673816987961312032e-12,2.240672836290655488e-12,4.867061916301513641e-12,5.409550903762339555e-12,9.096822691190406064e-12,1.220241764106739963e-11,1.758129798823396514e-11,2.537155470834153603e-11,3.784300247226571331e-11,6.077763603778176006e-11,9.724074923124686191e-11,1.757279274308682440e-10,3.423141996692107570e-10,9.110644673537168854e-10,3.421568904247243088e-09,3.023356218290637684e-07,5.608243174418330832e-05,7.361212822257292589e-05,9.460209877067246760e-05,1.202079170216701297e-04,1.530525457422804523e-04,1.974359821980031153e-04,2.577917612450037182e-04,3.353204681881687978e-04,4.281335515474721655e-04,5.394836133963061857e-04,6.837345055609905017e-04,8.734447981892194939e-04,1.103825418828109249e-03,1.384118175857302398e-03,1.747030971465261210e-03,2.190227796138986219e-03,2.738358220636116780e-03,3.424669218641289512e-03,4.262859999139157613e-03,5.304188620183530010e-03,6.582619307047446987e-03,8.148975839228271220e-03,1.007584616999014117e-02,1.243202234027047590e-02,1.530760243519372656e-02,1.881384570692990962e-02,2.308213087591717838e-02,2.826850992729059570e-02,3.455875303253687358e-02,4.217588753102119448e-02,5.138742863517115761e-02,6.250408753619862701e-02,7.590290151609786762e-02,9.202385550427549799e-02,1.113910779764433201e-01,1.346226298937563126e-01,1.616395666731539060e-01,1.925368635679142182e-01,2.291570284183720996e-01,2.781787169917899760e-01,3.425483474286001861e-01,4.214443240800054835e-01,4.929621878817729286e-01,5.690230143050593048e-01,6.550798197003528944e-01,7.546133496832490017e-01,8.866058562270480170e-01,1.040229091998513544e+00,1.219117767706764166e+00,1.427720962539839267e+00,1.673942354354307493e+00,1.962754465462032361e+00,2.286933872356808894e+00,2.645141606375454923e+00,3.112132610465101923e+00,3.635278716211479910e+00
1.460686320364988831e+02,0.000000000000000000e+00,0.000000000000000000e+00,0.000000000000000000e+00,0.000000000000000000e+00,0.000000000000000000e+00,0.000000000000000000e+00,0.000000000000000000e+00,0.000000000000000000e+00,0.000000000000000000e+00,0.000000000000000000e+00,0.000000000000000000e+00,0.000000000000000000e+00,0.000000000000000000e+00,0.000000000000000000e+00,0.000000000000000000e+00,0.000000000000000000e+00,0.000000000000000000e+00,0.000000000000000000e+00,0.000000000000000000e+00,0.000000000000000000e+00,0.000000000000000000e+00,0.000000000000000000e+00,2.417767344061415414e-13,3.890597491686328128e-13,7.750084997055632727e-13,8.921043595545897741e-13,8.936490845104952645e-13,1.512914505397951704e-12,1.533674821435187426e-12,2.053070040995529839e-12,4.459561809376411182e-12,4.956630310269035962e-12,8.335181215678685786e-12,1.118075681591432277e-11,1.610928449563972134e-11,2.324729341183397091e-11,3.467455550795554309e-11,5.568896167736363587e-11,8.909916065262411392e-11,1.610149136148818462e-10,3.136535671631864965e-10,8.347845937365715523e-10,3.135094288080477819e-09,2.770222396816199038e-07,5.138686852239037210e-05,6.744887190129777890e-05,8.668143410124032507e-05,1.101433770832100945e-04,1.402380531741372885e-04,1.809054376435819138e-04,2.362078627702587431e-04,3.072453935351861449e-04,3.922875995061646075e-04,4.943147550739958795e-04,6.264880827876778864e-04,8.003146727097902114e-04,1.011406422740853892e-03,1.268231360698921775e-03,1.600758883721914091e-03,2.006848567260141082e-03,2.509086169674330791e-03,3.137935025245222262e-03,3.905947361632383652e-03,4.860089599656132638e-03,6.031482272508250676e-03,7.466693882901938133e-03,9.232234877953826579e-03,1.139113760938437712e-02,1.402595660114020273e-02,1.723863580225045919e-02,2.114955410542417730e-02,2.590169787186931763e-02,3.166528346133848371e-02,3.864466500414354133e-02,4.708495970760285393e-02,5.727086412703109863e-02,6.954784768369472181e-02,8.431905708532533295e-02,1.020647375750875080e-01,1.233512022810311082e-01,1.481061163420575033e-01,1.764165031040042242e-01,2.099706044137056304e-01,2.548878982457274955e-01,3.138681106441367774e-01,3.861584349586104636e-01,4.516883870289362113e-01,5.213809371834353668e-01,6.002325419868155265e-01,6.914325178033235986e-01,8.123738067018818620e-01,9.531347682554300871e-01,1.117045793025104317e+00,1.308183456155227464e+00,1.533789691389175092e+00,1.798420691144386963e+00,2.095457820984894415e+00,2.423674218870114139e+00,2.851565888007351113e+00,3.330911011211247441e+00
1.594159037455999623e+02,0.000000000000000000e+00,0.000000000000000000e+00,0.000000000000000000e+00,0.000000000000000000e+00,0.000000000000000000e+00,0.000000000000000000e+00,0.000000000000000000e+00,0.000000000000000000e+00,0.000000000000000000e+00,0.000000000000000000e+00,0.000000000000000000e+00,0.000000000000000000e+00,0.000000000000000000e+00,0.000000000000000000e+00,0.000000000000000000e+00,0.000000000000000000e+00,0.000000000000000000e+00,0.000000000000000000e+00,0.000000000000000000e+00,0.000000000000000000e+00,0.000000000000000000e+00,0.000000000000000000e+00,2.215337116509729776e-13,3.564852941662297597e-13,7.101200614795970273e-13,8.174119417965067170e-13,8.188273329581177967e-13,1.386244076025913065e-12,1.405266211791260669e-12,1.881174495876563134e-12,4.086180096669342642e-12,4.541630991140232519e-12,7.637309009604456824e-12,1.024463566595966532e-11,1.476051695017801392e-11,2.130088822653885473e-11,3.177139024725762175e-11,5.102634216926449411e-11,8.163923552381622623e-11,1.475337630474650074e-10,2.873925776063563828e-10,7.648913363552099959e-10,2.872605073933825558e-09,2.538282482691015082e-07,4.708444649088005374e-05,6.180164098777719275e-05,7.942393578457236441e-05,1.009215018101280152e-04,1.284964680769713589e-04,1.657589310959290438e-04,2.164310999119437376e-04,2.815209353567341252e-04,3.594428891874532333e-04,4.529277090467736556e-04,5.740346796640781240e-04,7.333074473423355829e-04,9.267253086520423891e-04,1.162047296477420125e-03,1.466733587250303736e-03,1.838822965818348630e-03,2.299010173106044025e-03,2.875207967258017454e-03,3.578917626880508910e-03,4.453173257603421607e-03,5.526489791781458855e-03,6.841536733068160486e-03,8.459255868312885729e-03,1.043740209632764045e-02,1.285161797282975520e-02,1.579531207769875947e-02,1.937878444857792787e-02,2.373304975646805051e-02,2.901407280936578459e-02,3.540909796347599392e-02,4.314271971859675453e-02,5.247579809812121659e-02,6.372487771641459353e-02,7.725935138012149372e-02,9.351925527172358366e-02,1.130234873303535420e-01,1.357057690106405479e-01,1.616458375331696340e-01,1.923905848410897013e-01,2.335471288913942567e-01,2.875891581986212975e-01,3.538268956764384909e-01,4.138702805046226008e-01,4.777277453184729517e-01,5.499774128666534700e-01,6.335415704963580641e-01,7.443569170902263332e-01,8.733325124679648388e-01,1.023519906581507266e+00,1.198654358841831691e+00,1.405371464132130432e+00,1.647845942653297424e+00,1.920013312410145279e+00,2.220749431734529544e+00,2.612815400701038460e+00,3.052026826754837607e+00
1.739828052930363924e+02,0.000000000000000000e+00,0.000000000000000000e+00,0.000000000000000000e+00,0.000000000000000000e+00,0.000000000000000000e+00,0.000000000000000000e+00,0.000000000000000000e+00,0.000000000000000000e+00,0.000000000000000000e+00,0.000000000000000000e+00,0.000000000000000000e+00,0.000000000000000000e+00,0.000000000000000000e+00,0.000000000000000000e+00,0.000000000000000000e+00,0.000000000000000000e+00,0.000000000000000000e+00,0.000000000000000000e+00,0.000000000000000000e+00,0.000000000000000000e+00,0.000000000000000000e+00,0.000000000000000000e+00,2.029855582192438638e-13,3.266381712020834871e-13,6.506644790442515464e-13,7.489732287880946503e-13,7.502701147694519584e-13,1.270179267539952629e-12,1.287608754086608156e-12,1.723671094153456224e-12,3.744060178134732806e-12,4.161377946011446373e-12,6.997866920813685560e-12,9.386892287905493699e-12,1.352467644950116047e-11,1.951744795411465429e-11,2.911129568804253405e-11,4.675410560282013505e-11,7.480390082346808901e-11,1.351813366245461918e-10,2.633303182560449694e-10,7.008499687476066611e-10,2.632093057667726357e-09,2.325761992734169793e-07,4.314224947150804829e-05,5.662723068773247825e-05,7.277407948908885935e-05,9.247173817738583794e-05,1.177379600938524844e-04,1.518805824521315723e-04,1.983101682548724272e-04,2.579502857055993243e-04,3.293481383303160925e-04,4.150058389247360778e-04,5.259729953533957185e-04,6.719104755470701020e-04,8.491342138888852056e-04,1.064753609709117709e-03,1.343929705994294493e-03,1.684865492485706530e-03,2.106523020184324167e-03,2.634478020888261166e-03,3.279268816014715981e-03,4.080326433413363797e-03,5.063778361394980464e-03,6.268721552533980911e-03,7.750995375612234131e-03,9.563519137076972529e-03,1.177560213655120050e-02,1.447283221792562517e-02,1.775627442699291222e-02,2.174597408746389501e-02,2.658483768240982315e-02,3.244443232856609322e-02,3.953054810444819184e-02,4.808220424135473819e-02,5.838944230799040375e-02,7.079072729237048667e-02,8.568925286408166087e-02,1.035604716621317395e-01,1.243436543851886983e-01,1.481118621674279712e-01,1.762824717243158534e-01,2.139931389007319329e-01,2.635104399222175653e-01,3.242023500469283781e-01,3.792185365040214862e-01,4.377294649090265888e-01,5.039299496529827671e-01,5.804976063638973560e-01,6.820348162990362839e-01,8.002117882339285782e-01,9.378245777477052236e-01,1.098295705552813972e+00,1.287705194059586278e+00,1.509878230432865065e+00,1.759258088096232520e+00,2.034814745377929057e+00,2.394054560286189570e+00,2.796492527083144886e+00
1.898807824465263252e+02,0.000000000000000000e+00,0.000000000000000000e+00,0.000000000000000000e+00,0.000000000000000000e+00,0.000000000000000000e+00,0.000000000000000000e+00,0.000000000000000000e+00,0.000000000000000000e+00,0.000000000000000000e+00,0.000000000000000000e+00,0.000000000000000000e+00,0.000000000000000000e+00,0.000000000000000000e+00,0.000000000000000000e+00,0.000000000000000000e+00,0.000000000000000000e+00,0.000000000000000000e+00,0.000000000000000000e+00,0.000000000000000000e+00,0.000000000000000000e+00,0.000000000000000000e+00,0.000000000000000000e+00,1.859903693145071058e-13,2.992900314044667381e-13,5.961868805787719369e-13,6.862646222275441230e-13,6.874529250050793416e-13,1.163832112677803551e-12,1.179802296311623253e-12,1.579354837806135885e-12,3.430584625704669381e-12,3.812962004912415516e-12,6.411962823533122905e-12,8.600964416677034557e-12,1.239230805269899968e-11,1.788332817816351999e-11,2.667392046873972807e-11,4.283956673728320429e-11,6.854086203164969766e-11,1.238631306768722114e-10,2.412826980097211423e-10,6.421705350123292007e-10,2.411718174240830445e-09,2.131035014318880080e-07,3.953011722931364791e-05,5.188605357575958965e-05,6.668098971888205021e-05,8.472944028949088238e-05,1.078802200131905313e-04,1.391642137982225047e-04,1.817064315122740852e-04,2.363531145962023108e-04,3.017731035571454695e-04,3.802590190476460349e-04,4.819353283723477183e-04,6.156540326790505306e-04,7.780395187927459681e-04,9.756059437728950611e-04,1.231407714634738656e-03,1.543798277778053252e-03,1.930152065648036569e-03,2.413903453795101985e-03,3.004708431096164874e-03,3.738696619266927354e-03,4.639807953950165521e-03,5.743865952405825988e-03,7.102034770907586156e-03,8.762802988822050373e-03,1.078967690850344240e-02,1.326107843756782825e-02,1.626961083979746453e-02,1.992526851226833831e-02,2.435899293572929211e-02,2.972798658154715556e-02,3.622080952778924945e-02,4.405646885797667028e-02,5.350072209177332561e-02,6.486369586416378119e-02,7.851482601171477782e-02,9.488975737880046835e-02,1.139328452915729095e-01,1.357110337604682526e-01,1.615230280780208527e-01,1.960763282081832426e-01,2.414477387914737705e-01,2.970581520520348406e-01,3.474680478455989818e-01,4.010800844774241591e-01,4.617378608943500939e-01,5.318948064137349885e-01,6.249307018768179844e-01,7.332131769822661793e-01,8.593041844835099807e-01,1.006339690785643226e+00,1.179890661741894275e+00,1.383462016518571369e+00,1.611962271577661365e+00,1.864447644943671323e+00,2.193609711611960389e+00,2.562353117435444361e+00
2.072314645219029501e+02,0.000000000000000000e+00,0.000000000000000000e+00,0.000000000000000000e+00,0.000000000000000000e+00,0.000000000000000000e+00,0.000000000000000000e+00,0.000000000000000000e+00,0.000000000000000000e+00,0.000000000000000000e+00,0.000000000000000000e+00,0.000000000000000000e+00,0.000000000000000000e+00,0.000000000000000000e+00,0.000000000000000000e+00,0.000000000000000000e+00,0.000000000000000000e+00,0.000000000000000000e+00,0.000000000000000000e+00,0.000000000000000000e+00,0.000000000000000000e+00,0.000000000000000000e+00,0.000000000000000000e+00,1.704181212753256569e-13,2.742316446618514880e-13,5.462704789054174704e-13,6.288063626562033893e-13,6.298951734779689053e-13,1.066388990211947468e-12,1.081022052672807103e-12,1.447121618597833626e-12,3.143355158352304041e-12,3.493717571325286474e-12,5.875114190595439088e-12,7.880839220053636166e-12,1.135474844417833291e-11,1.638602687604323229e-11,2.444061716788857651e-11,3.925277693960303333e-11,6.280220304457433744e-11,1.134925539587402195e-10,2.210810389946959235e-10,5.884041013441647926e-10,2.209794420079271944e-09,1.952611766139621906e-07,3.622041472814883190e-05,4.754183672714578556e-05,6.109805058484191502e-05,7.763537479958460875e-05,9.884783005257854820e-05,1.275125370827520329e-04,1.664928608728239725e-04,2.165641903691560219e-04,2.765068188701193751e-04,3.484214148449648750e-04,4.415847634483756638e-04,5.641077223053729550e-04,7.128973051631880015e-04,8.939222641236486359e-04,1.128306750642201319e-03,1.414542070628052855e-03,1.768547963078704113e-03,2.211796734701652195e-03,2.753135916094983163e-03,3.425670136696614115e-03,4.251334934732157837e-03,5.262954464115684496e-03,6.507409105917104537e-03,8.029127679915752658e-03,9.886299353519799674e-03,1.215078007395927785e-02,1.490741979500275968e-02,1.825700351196795496e-02,2.231950948624802922e-02,2.723897823955876221e-02,3.318818245023934937e-02,4.036779259309560691e-02,4.902131534744021829e-02,5.943291165497301132e-02,7.194108593090388359e-02,8.694500817632026812e-02,1.043936926288351469e-01,1.243484783380520708e-01,1.479993350688558751e-01,1.796596221780629166e-01,2.212322615556475969e-01,2.721866318606162571e-01,3.183759037378998125e-01,3.674992136932123676e-01,4.230783511281794307e-01,4.873613292947074904e-01,5.726076921812481846e-01,6.718240980764825787e-01,7.873579974244576674e-01,9.220827943971651175e-01,1.081103019610331728e+00,1.267630139021821423e+00,1.476998959147420409e+00,1.708344717194573370e+00,2.009947328144053191e+00,2.347817287135534947e+00
2.261675949222864404e+02,0.000000000000000000e+00,0.000000000000000000e+00,0.000000000000000000e+00,0.000000000000000000e+00,0.000000000000000000e+00,0.000000000000000000e+00,0.000000000000000000e+00,0.000000000000000000e+00,0.000000000000000000e+00,0.000000000000000000e+00,0.000000000000000000e+00,0.000000000000000000e+00,0.000000000000000000e+00,0.000000000000000000e+00,0.000000000000000000e+00,0.000000000000000000e+00,0.000000000000000000e+00,0.000000000000000000e+00,0.000000000000000000e+00,0.000000000000000000e+00,0.000000000000000000e+00,0.000000000000000000e+00,1.561496768141870802e-13,2.512712988837006205e-13,5.005333828108716626e-13,5.761588590032591445e-13,5.771565079425747470e-13,9.771044002461509185e-13,9.905122934735002374e-13,1.325959770967104358e-12,2.880174293765005664e-12,3.201202228729636822e-12,5.383213799345817076e-12,7.221007296799245018e-12,1.040405965396329716e-11,1.501408877069458064e-11,2.239429963988012881e-11,3.596629505893886095e-11,5.754401958689529701e-11,1.039902651716408936e-10,2.025707860785152142e-10,5.391393214140333401e-10,2.024776954110996625e-09,1.789127200467656672e-07,3.318782070563261011e-05,4.356134420765680793e-05,5.598254916439599871e-05,7.113526773786020508e-05,9.057168686631112634e-05,1.168364098032785553e-04,1.525530631520054497e-04,1.984321155673130573e-04,2.533559816313942013e-04,3.192494490376731123e-04,4.046125939103206032e-04,5.168771834074007082e-04,6.532091949487664126e-04,8.190776403079871653e-04,1.033838028148445195e-03,1.296107981449869844e-03,1.620474341569405792e-03,2.026611622741451499e-03,2.522626586343001964e-03,3.138852140336542001e-03,3.895387245906727428e-03,4.822307818613621837e-03,5.962569128109360822e-03,7.356880142418367567e-03,9.058558076968644540e-03,1.113344266085226388e-02,1.365927969222443042e-02,1.672841583192618761e-02,2.045078402958207947e-02,2.495836485595388787e-02,3.040946540704226458e-02,3.698795480165094351e-02,4.491695185479923497e-02,5.445682582110387970e-02,6.591773946165886688e-02,7.966544183059806605e-02,9.565321600451402728e-02,1.139372653536822044e-01,1.356079281168701967e-01,1.646174228991767741e-01,2.027093473643861443e-01,2.493975070263320937e-01,2.917195313623949793e-01,3.367299382144495201e-01,3.876556512966883306e-01,4.465564664813592710e-01,5.246654839655551239e-01,6.155748872571006336e-01,7.214355839322091901e-01,8.448803992412438069e-01,9.905864813652133227e-01,1.161496412745864459e+00,1.353335598349616697e+00,1.565311678598932277e+00,1.841662279542301661e+00,2.151243704961884440e+00
2.468340467068648536e+02,0.000000000000000000e+00,0.000000000000000000e+00,0.000000000000000000e+00,0.000000000000000000e+00,0.000000000000000000e+00,0.000000000000000000e+00,0.000000000000000000e+00,0.000000000000000000e+00,0.000000000000000000e+00,0.000000000000000000e+00,0.000000000000000000e+00,0.000000000000000000e+00,0.000000000000000000e+00,0.000000000000000000e+00,0.000000000000000000e+00,0.000000000000000000e+00,0.000000000000000000e+00,0.000000000000000000e+00,0.000000000000000000e+00,0.000000000000000000e+00,0.000000000000000000e+00,0.000000000000000000e+00,1.430758735438858050e-13,2.302333332849137074e-13,4.586256753432814315e-13,5.279193254433313977e-13,5.288334451289748542e-13,8.952952606821603638e-13,9.075805633163047603e-13,1.214942332163269398e-12,2.639028536251395784e-12,2.933178054611982576e-12,4.932498308859296275e-12,6.616420526350125663e-12,9.532968327336636761e-12,1.375701769071738418e-11,2.051931229542108139e-11,3.295497748495684246e-11,5.272608331696202279e-11,9.528356595446410450e-11,1.856103244270174887e-10,4.939992893162507389e-10,1.855250278780203471e-09,1.639330559695270708e-07,3.040913394990024034e-05,3.991412279817235797e-05,5.129534872134786203e-05,6.517938928227000068e-05,8.298847286223387857e-05,1.070541530113286731e-04,1.397803903125702078e-04,1.818181686519837492e-04,2.321434736788835550e-04,2.925199381220834702e-04,3.707359598922782052e-04,4.736010732761129142e-04,5.985185373480191940e-04,7.504994648614128844e-04,9.472788032487821242e-04,1.187589916524849683e-03,1.484798346725947280e-03,1.856931337763619190e-03,2.311416903510769838e-03,2.876048295880582594e-03,3.569241668447561532e-03,4.418554797693747746e-03,5.463346476119914329e-03,6.740917268671165093e-03,8.300120348328233685e-03,1.020128294051951545e-02,1.251564149102170863e-02,1.532781083502538465e-02,1.873851966515220277e-02,2.286869833385516554e-02,2.786339950157264503e-02,3.389109764309904821e-02,4.115623070550074314e-02,4.989736824145496463e-02,6.039870429407277058e-02,7.299536517604146568e-02,8.764454538969897179e-02,1.043977426163875399e-01,1.242540053277579187e-01,1.508346482834544700e-01,1.857372845169761588e-01,2.285164267097470336e-01,2.672949930543533914e-01,3.085368541347748295e-01,3.551987559314527809e-01,4.091680356439044153e-01,4.807372898121629046e-01,5.640352034208416798e-01,6.610325969458942241e-01,7.741418594506188633e-01,9.076485397452657145e-01,1.064248849323303547e+00,1.240026088317311759e+00,1.434254238326035713e+00,1.687467081548251091e+00,1.971128461953002287e+00
2.693889309590172729e+02,0.000000000000000000e+00,0.000000000000000000e+00,0.000000000000000000e+00,0.000000000000000000e+00,0.000000000000000000e+00,0.000000000000000000e+00,0.000000000000000000e+00,0.000000000000000000e+00,0.000000000000000000e+00,0.000000000000000000e+00,0.000000000000000000e+00,0.000000000000000000e+00,0.000000000000000000e+00,0.000000000000000000e+00,0.000000000000000000e+00,0.000000000000000000e+00,0.000000000000000000e+00,0.000000000000000000e+00,0.000000000000000000e+00,0.000000000000000000e+00,0.000000000000000000e+00,0.000000000000000000e+00,1.310966888180335190e-13,2.109567944726398402e-13,4.202267367320782678e-13,4.837186998368540122e-13,4.845562838473718431e-13,8.203356812209730966e-13,8.315923833928441481e-13,1.113219950410503472e-12,2.418072972259299524e-12,2.687594498980323831e-12,4.519519468065039531e-12,6.062453447583642917e-12,8.734810079196799853e-12,1.260519626819520749e-11,1.880131032663417787e-11,3.019578578372628785e-11,4.831153405523179878e-11,8.730584469626504910e-11,1.700698960636385510e-10,4.526386560062330126e-10,1.699917410619310228e-09,1.502075807269796615e-07,2.786309579604401404e-05,3.657226900880513519e-05,4.700058928574281933e-05,5.972217329476071142e-05,7.604017178316935135e-05,9.809092641813925515e-05,1.280771235413740849e-04,1.665952426977332346e-04,2.127070062632406805e-04,2.680283848785906570e-04,3.396956842814251895e-04,4.339483030178465728e-04,5.484069151496080924e-04,6.876630725085781676e-04,8.679668445660990942e-04,1.088157645826554748e-03,1.360481973633075829e-03,1.701457721092172921e-03,2.117890983453255341e-03,2.635247992073536452e-03,3.270402987833615199e-03,4.048606442098778326e-03,5.005921789219783258e-03,6.176526563355422966e-03,7.605183651898198352e-03,9.347169317039273964e-03,1.146775565485728260e-02,1.404447303049072282e-02,1.716961651608967659e-02,2.095399143746837917e-02,2.553050576168449520e-02,3.105352825300861097e-02,3.771038006675021814e-02,4.571965625764574936e-02,5.534175641027111459e-02,6.688374801854332641e-02,8.030640952212719785e-02,9.565692690240840124e-02,1.138507021999829172e-01,1.382058516171021934e-01,1.701862262805602655e-01,2.093836377870353926e-01,2.449154260541116235e-01,2.827042669985507239e-01,3.254593497946756120e-01,3.749099922611462965e-01,4.404870319830602177e-01,5.168107362461613619e-01,6.056869164164943031e-01,7.093259816322718958e-01,8.316546684205969875e-01,9.751434450050194824e-01,1.136203541518233218e+00,1.314169726247385483e+00,1.546182045937680716e+00,1.806093565577706395e+00
2.940048064334710602e+02,0.000000000000000000e+00,0.000000000000000000e+00,0.000000000000000000e+00,0.000000000000000000e+00,0.000000000000000000e+00,0.000000000000000000e+00,0.000000000000000000e+00,0.000000000000000000e+00,0.000000000000000000e+00,0.000000000000000000e+00,0.000000000000000000e+00,0.000000000000000000e+00,0.000000000000000000e+00,0.000000000000000000e+00,0.000000000000000000e+00,0.000000000000000000e+00,0.000000000000000000e+00,0.000000000000000000e+00,0.000000000000000000e+00,0.000000000000000000e+00,0.000000000000000000e+00,0.000000000000000000e+00,1.201204744962170869e-13,1.932942050537028447e-13,3.850427914492868825e-13,4.432188201774270496e-13,4.439862765463175025e-13,7.516521749166088211e-13,7.619663973301480275e-13,1.020014386843693294e-12,2.215617155650918863e-12,2.462572696393918661e-12,4.141117734502111602e-12,5.554867871192185650e-12,8.003478507407794654e-12,1.154981235990812910e-11,1.722714996044398820e-11,2.766761043951236618e-11,4.426659778119667891e-11,7.999606691641920828e-11,1.558306071409822996e-10,4.147409871676290188e-10,1.557589957526703109e-09,1.376312859808221966e-07,2.553022748423497214e-05,3.351021560001949577e-05,4.306541330301412245e-05,5.472186871225639975e-05,6.967362484682145549e-05,8.987815582035955421e-05,1.173537256402784959e-04,1.526468729461258550e-04,1.948978784389830677e-04,2.455874138420054966e-04,3.112542898534972815e-04,3.976155045203667621e-04,5.024909435829770206e-04,6.300877261508243529e-04,7.952953667730023853e-04,9.970504512497797064e-04,1.246574125477643976e-03,1.559001303812714749e-03,1.940568233701030253e-03,2.414608958296837228e-03,2.996584904121400196e-03,3.709632419079441756e-03,4.586795486853794540e-03,5.659390090001142209e-03,6.968431293981083158e-03,8.564567295194641661e-03,1.050760521175454938e-02,1.286858409378684176e-02,1.573207150711096458e-02,1.919959547988320941e-02,2.339293611357854893e-02,2.845353747805688671e-02,3.455303705906880019e-02,4.189172780019820297e-02,5.070820704467238205e-02,6.128383272307088431e-02,7.358266714329469993e-02,8.764794558858948759e-02,1.043184270578482176e-01,1.266344148283051474e-01,1.559371974826672669e-01,1.918527626402030395e-01,2.244096128918868782e-01,2.590345416054463668e-01,2.982099081146963870e-01,3.435202412037358100e-01,4.036067712181384826e-01,4.735401894764607045e-01,5.549751138038789833e-01,6.499368844046869986e-01,7.620234674755128612e-01,8.934984885733117110e-01,1.041073651531298383e+00,1.204139421892742590e+00,1.416726255179203031e+00,1.654876397243645769e+00
3.208699997370450205e+02,0.000000000000000000e+00,0.000000000000000000e+00,0.000000000000000000e+00,0.000000000000000000e+00,0.000000000000000000e+00,0.000000000000000000e+00,0.000000000000000000e+00,0.000000000000000000e+00,0.000000000000000000e+00,0.000000000000000000e+00,0.000000000000000000e+00,0.000000000000000000e+00,0.000000000000000000e+00,0.000000000000000000e+00,0.000000000000000000e+00,0.000000000000000000e+00,0.000000000000000000e+00,0.000000000000000000e+00,0.000000000000000000e+00,0.000000000000000000e+00,0.000000000000000000e+00,0.000000000000000000e+00,1.100632557792834658e-13,1.771104353417198456e-13,3.528046606458151698e-13,4.061098374442124942e-13,4.068130376853278339e-13,6.887192706477927444e-13,6.981699234563741462e-13,9.346125615018442830e-13,2.030112174748821198e-12,2.256391091485568301e-12,3.794398101873853057e-12,5.089780454924889989e-12,7.333378475062246884e-12,1.058279162901018828e-11,1.578478790061832784e-11,2.535110935398048099e-11,4.056032824132699239e-11,7.329830831325766710e-11,1.427835183296675069e-10,3.800163422949252680e-10,1.427179026835293467e-09,1.261079553312620148e-07,2.339268113521428361e-05,3.070453597750343071e-05,3.945971425345538110e-05,5.014022012531361804e-05,6.384012404835323954e-05,8.235300846516439008e-05,1.075281560114433113e-04,1.398663457785986441e-04,1.785798394106829969e-04,2.250253377638517535e-04,2.851941824257743095e-04,3.643247094999793470e-04,4.604193371887523945e-04,5.773329389313168730e-04,7.287083883103763699e-04,9.135713066485637041e-04,1.142203337072260566e-03,1.428472206602705505e-03,1.778092026016057578e-03,2.212443170063763554e-03,2.745692540342404165e-03,3.399039368605898375e-03,4.202760994694130711e-03,5.185551436113868158e-03,6.384991726901287010e-03,7.847489487560926555e-03,9.627844419524786423e-03,1.179114775038858816e-02,1.441488653359974774e-02,1.759208825159701978e-02,2.143433683304604015e-02,2.607123378763732957e-02,3.166004606402979954e-02,3.838429685902164379e-02,4.646260669110496844e-02,5.615277648896228879e-02,6.742187748325431662e-02,8.030952503562953371e-02,9.558425212616071531e-02,1.160318092994760408e-01,1.428811842778722196e-01,1.757896792781635520e-01,2.056206714686893700e-01,2.373465899794422740e-01,2.732419558813689031e-01,3.147586315450213723e-01,3.698143508102084698e-01,4.338925167812206496e-01,5.085092125877086477e-01,5.955202045998949645e-01,6.982222153411089538e-01,8.186893458312521910e-01,9.539086161133210062e-01,1.103321525672738224e+00,1.298109292749469290e+00,1.516320052487493575e+00
3.501900461431712870e+02,0.000000000000000000e+00,0.000000000000000000e+00,0.000000000000000000e+00,0.000000000000000000e+00,0.000000000000000000e+00,0.000000000000000000e+00,0.000000000000000000e+00,0.000000000000000000e+00,0.000000000000000000e+00,0.000000000000000000e+00,0.000000000000000000e+00,0.000000000000000000e+00,0.000000000000000000e+00,0.000000000000000000e+00,0.000000000000000000e+00,0.000000000000000000e+00,0.000000000000000000e+00,0.000000000000000000e+00,0.000000000000000000e+00,0.000000000000000000e+00,0.000000000000000000e+00,0.000000000000000000e+00,1.008480887504108506e-13,1.622816695317819024e-13,3.232657027674870143e-13,3.721078450661064880e-13,3.727521690943500705e-13,6.310554929402707201e-13,6.397148794579692416e-13,8.563610978272336456e-13,1.860138802207723954e-12,2.067472268002850093e-12,3.476707951466852208e-12,4.663632993627888575e-12,6.719383304238328740e-12,9.696735771379998866e-12,1.446318918913532055e-11,2.322855986723236052e-11,3.716437019117379547e-11,6.716132690871874616e-11,1.308288113653688503e-10,3.481990564700213639e-10,1.307686894613028348e-09,1.155494282023024130e-07,2.143410320302547301e-05,2.813376496429503964e-05,3.615590631880385541e-05,4.594217510067992883e-05,5.849503951415345254e-05,7.545791234099999520e-05,9.852524299622944385e-05,1.281558822915604716e-04,1.636280461304732742e-04,2.061848440991833351e-04,2.613159861275783321e-04,3.338212228729761926e-04,4.218702222686413427e-04,5.289951042393197444e-04,6.676964777860590469e-04,8.370815451569131463e-04,1.046571107609921237e-03,1.308871801483453470e-03,1.629219317350204818e-03,2.027203934592559584e-03,2.515806415404173504e-03,3.114451062566411105e-03,3.850880212371979479e-03,4.751385444182580804e-03,5.850401278665246126e-03,7.190449807304551133e-03,8.821742566315573034e-03,1.080392094874059981e-02,1.320798431933351176e-02,1.611917133234622851e-02,1.963972342940716737e-02,2.388839109140040301e-02,2.900927391890168600e-02,3.517052942739989224e-02,4.257247389225370798e-02,5.145132357611707785e-02,6.177690670704619191e-02,7.358552180700568546e-02,8.758135558783902708e-02,1.063169185688110779e-01,1.309183001247437028e-01,1.610714952209085782e-01,1.884048548116505073e-01,2.174744859342920000e-01,2.503644728838452238e-01,2.884051192585648793e-01,3.388512379324262747e-01,3.975643890477008613e-01,4.659337200081202224e-01,5.456596211054225432e-01,6.397627931471957519e-01,7.501436807664043638e-01,8.740415690636410551e-01,1.010944718593598468e+00,1.189423665836825572e+00,1.389364489943329506e+00
3.821892620633119009e+02,0.000000000000000000e+00,0.000000000000000000e+00,0.000000000000000000e+00,0.000000000000000000e+00,0.000000000000000000e+00,0.000000000000000000e+00,0.000000000000000000e+00,0.000000000000000000e+00,0.000000000000000000e+00,0.000000000000000000e+00,0.000000000000000000e+00,0.000000000000000000e+00,0.000000000000000000e+00,0.000000000000000000e+00,0.000000000000000000e+00,0.000000000000000000e+00,0.000000000000000000e+00,0.000000000000000000e+00,0.000000000000000000e+00,0.000000000000000000e+00,0.000000000000000000e+00,0.000000000000000000e+00,9.240447170676056535e-14,1.486944584332969485e-13,2.961999265952636003e-13,3.409527068616320805e-13,3.415430841526203785e-13,5.782196783829235886e-13,5.861540482493958228e-13,7.846613239323749554e-13,1.704396637051298305e-12,1.894370880602366895e-12,3.185616757984215513e-12,4.273165196783639164e-12,6.156795553756495788e-12,8.884865914038116448e-12,1.325224278195887266e-11,2.128372316854365935e-11,3.405274246028688228e-11,6.153817101565958789e-11,1.198750253776236349e-10,3.190457078620017978e-10,1.198199372460381879e-09,1.058749253590441962e-07,1.963950936031680285e-05,2.577823457895984653e-05,3.312871333374263201e-05,4.209561600859315709e-05,5.359747805581901336e-05,6.914011571624105164e-05,9.027610876571721824e-05,1.174258902275646197e-04,1.499281081718490467e-04,1.889217914687372449e-04,2.394370180520816172e-04,3.058716741813956460e-04,3.865486743534209363e-04,4.847044078710707120e-04,6.117928565109690287e-04,7.669959729939678644e-04,9.589457916410940421e-04,1.199285071701091266e-03,1.492811139800420293e-03,1.857474057654154038e-03,2.305167758877874930e-03,2.853690225158936073e-03,3.528461035200342738e-03,4.353570476992254037e-03,5.360570003121810367e-03,6.588421496240289867e-03,8.083132476520153015e-03,9.899350795836587072e-03,1.210213131911454763e-02,1.476957600061751252e-02,1.799536600492950694e-02,2.188830929843821327e-02,2.658044058432289594e-02,3.222583820531475796e-02,3.900804673650826865e-02,4.714350497440959048e-02,5.660456731183396983e-02,6.742449313710933978e-02,8.024851035586171022e-02,9.741541773940309845e-02,1.199570215922885624e-01,1.475856072963547261e-01,1.726304513211567304e-01,1.992661956360151088e-01,2.294024322883268519e-01,2.642580837458299858e-01,3.104805457029557458e-01,3.642778737264285582e-01,4.269229073271915698e-01,4.999736697513991746e-01,5.861979503123436741e-01,6.873370768278646015e-01,8.008614782870120408e-01,9.263022611918426685e-01,1.089837862462441853e+00,1.273038421373386520e+00
4.171124612056520391e+02,0.000000000000000000e+00,0.000000000000000000e+00,0.000000000000000000e+00,0.000000000000000000e+00,0.000000000000000000e+00,0.000000000000000000e+00,0.000000000000000000e+00,0.000000000000000000e+00,0.000000000000000000e+00,0.000000000000000000e+00,0.000000000000000000e+00,0.000000000000000000e+00,0.000000000000000000e+00,0.000000000000000000e+00,0.000000000000000000e+00,0.000000000000000000e+00,0.000000000000000000e+00,0.000000000000000000e+00,0.000000000000000000e+00,0.000000000000000000e+00,0.000000000000000000e+00,0.000000000000000000e+00,8.466780577803188147e-14,1.362448515138140360e-13,2.714002622732408698e-13,3.124060668369457438e-13,3.129470141405328458e-13,5.298076004559813630e-13,5.370776564870076722e-13,7.189646923913864203e-13,1.561694155803848503e-12,1.735762597067753330e-12,2.918897494530211031e-12,3.915389745280609668e-12,5.641311080861542514e-12,8.140970752593972388e-12,1.214268419332489451e-11,1.950172005946124970e-11,3.120163918026024169e-11,5.638582002853416003e-11,1.098383571578464500e-10,2.923332554002181936e-10,1.097878813406094234e-09,9.701043089679102876e-08,1.799516985900894141e-05,2.361992356342029926e-05,3.035497540766957970e-05,3.857111430313402243e-05,4.910997031207959971e-05,6.335128355595648993e-05,8.271764236289670799e-05,1.075942785393635306e-04,1.373752125724575393e-04,1.731041068886128847e-04,2.193898906195636224e-04,2.802622321652981975e-04,3.541844618491190710e-04,4.441219987233718650e-04,5.605698273546678686e-04,7.027783923711852787e-04,8.786570015354458430e-04,1.098873611284896827e-03,1.367823886802841228e-03,1.701955001163526311e-03,2.112165055321381640e-03,2.614761875390361930e-03,3.233036757915242615e-03,3.989063005053525464e-03,4.911750389355399801e-03,6.036798667035406414e-03,7.406363328085982869e-03,9.070516772936387459e-03,1.108886707646271168e-02,1.353297702098841052e-02,1.648868421265478959e-02,2.005568655130429354e-02,2.435496398951127531e-02,2.952769449145874886e-02,3.574205516101052610e-02,4.319636321860990252e-02,5.186528771591096543e-02,6.177930336240810422e-02,7.352961564834507857e-02,8.925920484800715926e-02,1.099134881493401550e-01,1.352288401567304787e-01,1.581767770959976449e-01,1.825824144504369639e-01,2.101954615749957178e-01,2.421327853144347730e-01,2.844852208544354499e-01,3.337783084760296282e-01,3.911783178034962671e-01,4.581128248747318721e-01,5.371178828014950835e-01,6.297890248166863048e-01,7.338084710217686046e-01,8.487465865421390809e-01,9.985899899015864278e-01,1.166451880714862721e+00
4.552268275507309454e+02,0.000000000000000000e+00,0.000000000000000000e+00,0.000000000000000000e+00,0.000000000000000000e+00,0.000000000000000000e+00,0.000000000000000000e+00,0.000000000000000000e+00,0.000000000000000000e+00,0.000000000000000000e+00,0.000000000000000000e+00,0.000000000000000000e+00,0.000000000000000000e+00,0.000000000000000000e+00,0.000000000000000000e+00,0.000000000000000000e+00,0.000000000000000000e+00,0.000000000000000000e+00,0.000000000000000000e+00,0.000000000000000000e+00,0.000000000000000000e+00,0.000000000000000000e+00,0.000000000000000000e+00,7.757890070532224410e-14,1.248376016134340148e-13,2.486769770967317290e-13,2.862495256156979803e-13,2.867451815118931469e-13,4.854488769492124134e-13,4.921102395506211748e-13,6.587685835143706953e-13,1.430939596601945205e-12,1.590433966352654878e-12,2.674509594483042823e-12,3.587569436582393671e-12,5.168986111879901255e-12,7.459359030942174792e-12,1.112602461671984748e-11,1.786891711877198240e-11,2.858924765517843360e-11,5.166485528926746782e-11,1.006420200131748842e-10,2.678573323727429684e-10,1.005957703391994515e-09,8.888812597379699812e-08,1.648850448926696642e-05,2.164231950923340566e-05,2.781347173727167146e-05,3.534170537572687589e-05,4.499818408510914054e-05,5.804712772912615324e-05,7.579201686498091050e-05,9.858582934284347002e-05,1.258733219503890702e-04,1.586107753306105603e-04,2.010212309593440556e-04,2.567969688219436759e-04,3.245299785989034591e-04,4.069373963739752651e-04,5.136355025989230083e-04,6.439374992490506542e-04,8.050904786036258655e-04,1.006869210725299052e-03,1.253301328899894583e-03,1.559456948563678639e-03,1.935321715193714194e-03,2.395838064243340643e-03,2.962347202861382364e-03,3.655074321727809668e-03,4.500508690919661180e-03,5.531361065335119523e-03,6.786257420246076186e-03,8.311077789335728772e-03,1.016043949591313549e-02,1.239991364971773299e-02,1.510815100899730486e-02,1.837650215738080919e-02,2.231581786797917286e-02,2.705545582479622693e-02,3.274951231887990311e-02,3.957970024347864935e-02,4.752280951173076112e-02,5.660676330459225164e-02,6.737326778301291896e-02,8.178587984308254011e-02,1.007108605798510137e-01,1.239066569236270676e-01,1.449332526272010813e-01,1.672955011769492184e-01,1.925966155894753562e-01,2.218599518057368380e-01,2.606663831428150946e-01,3.058323528394883972e-01,3.584264833142324913e-01,4.197568252325344917e-01,4.921470978727270351e-01,5.770592466945957399e-01,6.723695504684119584e-01,7.776843459715363505e-01,9.149819457350854002e-01,1.068789415291473199e+00
4.968239594734387765e+02,0.000000000000000000e+00,0.000000000000000000e+00,0.000000000000000000e+00,0.000000000000000000e+00,0.000000000000000000e+00,0.000000000000000000e+00,0.000000000000000000e+00,0.000000000000000000e+00,0.000000000000000000e+00,0.000000000000000000e+00,0.000000000000000000e+00,0.000000000000000000e+00,0.000000000000000000e+00,0.000000000000000000e+00,0.000000000000000000e+00,0.000000000000000000e+00,0.000000000000000000e+00,0.000000000000000000e+00,0.000000000000000000e+00,0.000000000000000000e+00,0.000000000000000000e+00,0.000000000000000000e+00,7.108352199919430979e-14,1.143854362453785738e-13,2.278562239402287021e-13,2.622829695493025119e-13,2.627371261109565293e-13,4.448041363099149452e-13,4.509077690079400663e-13,6.036124599972486311e-13,1.311132606543810452e-12,1.457273134932922015e-12,2.450583339903513576e-12,3.287196243442599430e-12,4.736207069922267798e-12,6.834815999648346725e-12,1.019448598028310706e-11,1.637282239843426814e-11,2.619558148105946653e-11,4.733915851024535279e-11,9.221565630098025665e-11,2.454306828951642271e-10,9.217327893177808261e-10,8.144586995536119670e-08,1.510798633314759242e-05,1.983029252749701882e-05,2.548475825431081271e-05,3.238268225927796583e-05,4.123066167806901532e-05,5.318706817716361234e-05,6.944624697183374336e-05,9.033162245388792527e-05,1.153344397590608218e-04,1.453309138827386829e-04,1.841905075128674350e-04,2.352963604359083790e-04,2.973583495434938212e-04,3.728661157151437022e-04,4.706308057553200354e-04,5.900231245586059006e-04,7.376833936400000900e-04,9.225679796980298464e-04,1.148367297996054663e-03,1.428889701996225500e-03,1.773284778035698556e-03,2.195243889740564579e-03,2.714321428241152617e-03,3.349049207904083048e-03,4.123698655562486534e-03,5.068241782217743942e-03,6.218070560919451532e-03,7.615223669117179156e-03,9.309745534711803827e-03,1.136171725422954401e-02,1.384320446476154653e-02,1.683790932194538167e-02,2.044740149610917157e-02,2.479020805702384853e-02,3.000752341444659285e-02,3.626584634997045281e-02,4.354391006675971398e-02,5.186729984676256150e-02,6.173236690737038401e-02,7.493826718596928449e-02,9.227873311556862579e-02,1.135324359226582841e-01,1.327985567966890046e-01,1.532885015147175123e-01,1.764712523219038043e-01,2.032844835585734811e-01,2.388418037910085556e-01,2.802262030459487518e-01,3.284168321556686365e-01,3.846122238063863774e-01,4.509415413265272510e-01,5.287443271858541793e-01,6.160746710481662669e-01,7.125718695767013777e-01,8.383740769358893896e-01,9.793038470982791122e-01
5.422221006501586089e+02,0.000000000000000000e+00,0.000000000000000000e+00,0.000000000000000000e+00,0.000000000000000000e+00,0.000000000000000000e+00,0.000000000000000000e+00,0.000000000000000000e+00,0.000000000000000000e+00,0.000000000000000000e+00,0.000000000000000000e+00,0.000000000000000000e+00,0.000000000000000000e+00,0.000000000000000000e+00,0.000000000000000000e+00,0.000000000000000000e+00,0.000000000000000000e+00,0.000000000000000000e+00,0.000000000000000000e+00,0.000000000000000000e+00,0.000000000000000000e+00,0.000000000000000000e+00,0.000000000000000000e+00,6.513197601243271931e-14,1.048083899077213831e-13,2.087787112198335028e-13,2.403230397242896430e-13,2.407391715287868147e-13,4.075624212415445585e-13,4.131550205851868054e-13,5.530743435277716159e-13,1.201356588373572087e-12,1.335261340442437618e-12,2.245405557041362926e-12,3.011972125951905306e-12,4.339662928795055962e-12,6.262563519904558884e-12,9.340941439767246727e-12,1.500198985248266941e-11,2.400232763755614269e-11,4.337563544717153561e-11,8.449479914957311999e-11,2.248817292877525470e-10,8.445596987217213361e-10,7.462672499970421891e-08,1.384305357657831663e-05,1.816997949588230630e-05,2.335101886652763393e-05,2.967140660466188767e-05,3.777857922435466062e-05,4.873392245147769317e-05,6.363178363579426319e-05,8.276850810652632679e-05,1.056779370594447938e-04,1.331629234266522115e-04,1.687689548807368395e-04,2.155959141121061441e-04,2.724616949872424982e-04,3.416474904673823016e-04,4.312267244089962163e-04,5.406227901308448009e-04,6.759200409326233863e-04,8.453249618696673023e-04,1.052218984132341755e-03,1.309254341616403715e-03,1.624814561489261585e-03,2.011444682913186757e-03,2.487061884134534294e-03,3.068646382999113287e-03,3.778437454458730138e-03,4.643897669960091873e-03,5.697455770720114172e-03,6.977630699726327518e-03,8.530276860164224401e-03,1.041044499273557390e-02,1.268416695987953542e-02,1.542813686228003758e-02,1.873542033801108356e-02,2.271462064768814404e-02,2.749511054396546264e-02,3.322944851499646385e-02,3.989814834987871067e-02,4.752465317471585293e-02,5.656375665582687173e-02,6.866397842280728969e-02,8.455259478855055300e-02,1.040268079743072865e-01,1.216798517083279713e-01,1.404542532902561813e-01,1.616960028126416538e-01,1.862642668013390068e-01,2.188445113265272690e-01,2.567639562802009889e-01,3.009197720153005129e-01,3.524101427519291119e-01,4.131859652792908566e-01,4.844746274019633425e-01,5.644931422648324926e-01,6.529110068143512136e-01,7.681802861295010665e-01,8.973105564298170522e-01
5.917685748188824846e+02,0.000000000000000000e+00,0.000000000000000000e+00,0.000000000000000000e+00,0.000000000000000000e+00,0.000000000000000000e+00,0.000000000000000000e+00,0.000000000000000000e+00,0.000000000000000000e+00,0.000000000000000000e+00,0.000000000000000000e+00,0.000000000000000000e+00,0.000000000000000000e+00,0.000000000000000000e+00,0.000000000000000000e+00,0.000000000000000000e+00,0.000000000000000000e+00,0.000000000000000000e+00,0.000000000000000000e+00,0.000000000000000000e+00,0.000000000000000000e+00,0.000000000000000000e+00,0.000000000000000000e+00,5.967872975303878153e-14,9.603319229805141732e-14,1.912984842145402254e-13,2.202017291536953441e-13,2.205830198656105818e-13,3.734388096888913554e-13,3.785631625072756073e-13,5.067675863915555541e-13,1.100771687947767778e-12,1.223465117513609186e-12,2.057406509501015311e-12,2.759791450117493499e-12,3.976319881610907925e-12,5.738223507824818160e-12,8.558860853790476630e-12,1.374593176772718167e-11,2.199270638207227370e-11,3.974396270771754964e-11,7.742037924693273039e-11,2.060532594005440939e-10,7.738480099344819157e-10,6.837852044841327225e-08,1.268402870497522626e-05,1.664867799721027854e-05,2.139592915356357906e-05,2.718713548340890790e-05,3.461552616726480089e-05,4.465362124484172383e-05,5.830414263156277277e-05,7.583862381833318623e-05,9.682993565902851796e-05,1.220137113418271564e-04,1.546385886881078832e-04,1.975449093038375938e-04,2.496495401904389919e-04,3.130426789218683525e-04,3.951217930710436920e-04,4.953585529846943813e-04,6.193278927969423069e-04,7.745492005844863311e-04,9.641207934957232890e-04,1.199635583241069918e-03,1.488775176963928878e-03,1.843034266638078926e-03,2.278829895073601185e-03,2.811720592719108361e-03,3.462083626794299970e-03,4.255082234775321888e-03,5.220430025887636515e-03,6.393420902292092090e-03,7.816070056882137504e-03,9.538819046603912166e-03,1.162217114365729151e-02,1.413639915087410402e-02,1.716677668351902428e-02,2.081281407487799856e-02,2.519305220173305090e-02,3.044727642518396671e-02,3.655763203874778239e-02,4.354559936703554512e-02,5.182789397692125904e-02,6.291501138060050236e-02,7.747333588253028924e-02,9.531704917082348127e-02,1.114920724208488811e-01,1.286945666008050548e-01,1.481578273037538473e-01,1.706690863941107139e-01,2.005215141468858764e-01,2.352661119054976213e-01,2.757249334492654635e-01,3.229042163177672786e-01,3.785915163228634750e-01,4.439114568765257229e-01,5.172303336572506849e-01,5.982453153428098913e-01,7.038635475881089842e-01,8.221822441177273344e-01
6.458424430196978392e+02,0.000000000000000000e+00,0.000000000000000000e+00,0.000000000000000000e+00,0.000000000000000000e+00,0.000000000000000000e+00,0.000000000000000000e+00,0.000000000000000000e+00,0.000000000000000000e+00,0.000000000000000000e+00,0.000000000000000000e+00,0.000000000000000000e+00,0.000000000000000000e+00,0.000000000000000000e+00,0.000000000000000000e+00,0.000000000000000000e+00,0.000000000000000000e+00,0.000000000000000000e+00,0.000000000000000000e+00,0.000000000000000000e+00,0.000000000000000000e+00,0.000000000000000000e+00,0.000000000000000000e+00,5.468206252880145491e-14,8.799270775053771203e-14,1.752818084227367902e-13,2.017650974201482274e-13,2.021144641482418206e-13,3.421722350088953246e-13,3.468675457568634162e-13,4.643379133789590948e-13,1.008608368833943028e-12,1.121029156192454238e-12,1.885147888791467934e-12,2.528724878466304133e-12,3.643398130297713911e-12,5.257784439407204626e-12,7.842260824233626270e-12,1.259503852628871183e-11,2.015134287439841360e-11,3.641635575889754252e-11,7.093827292409372678e-11,1.888012238435783810e-10,7.090567349897596729e-10,6.265345368877715024e-08,1.162204446429677684e-05,1.525474913813790457e-05,1.960453147509219108e-05,2.491086269152810819e-05,3.171730320297835095e-05,4.091494774021258427e-05,5.342256422448291524e-05,6.948895170680446519e-05,8.872274289814636951e-05,1.117979792896847446e-04,1.416913029315634018e-04,1.810052447077900887e-04,2.287473581202522407e-04,2.868328366542938538e-04,3.620397867818692366e-04,4.538841138304624645e-04,5.674739844480152732e-04,7.096992176821161980e-04,8.833987206734463492e-04,1.099194775861045501e-03,1.364125839389597646e-03,1.688724197516879759e-03,2.088032358104465434e-03,2.576306196543268635e-03,3.172216870964246743e-03,3.898820799136205884e-03,4.783343785702555764e-03,5.858124712084388126e-03,7.161661002983378890e-03,8.740170940564596924e-03,1.064909209408130240e-02,1.295281359873167587e-02,1.572946944264274477e-02,1.907023834710300930e-02,2.308373622373186343e-02,2.789804475067326345e-02,3.349680412636349414e-02,3.989969621163272362e-02,4.748854660462663302e-02,5.764738292103265688e-02,7.098679570718652299e-02,8.733652449354312175e-02,1.021572761486613801e-01,1.179194726011053018e-01,1.357531504152483803e-01,1.563796296026387089e-01,1.837326300396270595e-01,2.155681981731414898e-01,2.526395604265460615e-01,2.958687059957521570e-01,3.468935256180857296e-01,4.067444823746021454e-01,4.739246556332485927e-01,5.481565689570050415e-01,6.449317986530566094e-01,7.533441323058088779e-01
7.048574036451902884e+02,0.000000000000000000e+00,0.000000000000000000e+00,0.000000000000000000e+00,0.000000000000000000e+00,0.000000000000000000e+00,0.000000000000000000e+00,0.000000000000000000e+00,0.000000000000000000e+00,0.000000000000000000e+00,0.000000000000000000e+00,0.000000000000000000e+00,0.000000000000000000e+00,0.000000000000000000e+00,0.000000000000000000e+00,0.000000000000000000e+00,0.000000000000000000e+00,0.000000000000000000e+00,0.000000000000000000e+00,0.000000000000000000e+00,0.000000000000000000e+00,0.000000000000000000e+00,0.000000000000000000e+00,5.010374675830787116e-14,8.062542160673999940e-14,1.606061464109066736e-13,1.848720929368719116e-13,1.851922085517677608e-13,3.135234886500480320e-13,3.178256793463819032e-13,4.254607113615470355e-13,9.241615248830212365e-13,1.027169758290706487e-12,1.727311810380549886e-12,2.317004609425173934e-12,3.338350618431404159e-12,4.817570659904739829e-12,7.185658919559644102e-12,1.154050508610419659e-11,1.846414954971560777e-11,3.336735635827966194e-11,6.499888807574619489e-11,1.729936339203515084e-10,6.496901807331702256e-10,5.740772443435971129e-08,1.064897602108943331e-05,1.397752850445617008e-05,1.796312053565885406e-05,2.282517334034183187e-05,2.906173714097697329e-05,3.748929878285528174e-05,4.894970133346940322e-05,6.367091286990503914e-05,8.129433375944422006e-05,1.024375706287699390e-04,1.298280429016096646e-04,1.658503817040172634e-04,2.095952342114460560e-04,2.628174422302432980e-04,3.317276078201388152e-04,4.158821676670017157e-04,5.199616015532634644e-04,6.502788708561419839e-04,8.094351920965418574e-04,1.007163485444409652e-03,1.249912904569780133e-03,1.547333908490503007e-03,1.913209554568563514e-03,2.360602129363253456e-03,2.906619527774936644e-03,3.572387743660072109e-03,4.382853071252278306e-03,5.367646783591336138e-03,6.562043066194367738e-03,8.008390524766997864e-03,9.757485157161332329e-03,1.186832504747957137e-02,1.441250232983829448e-02,1.747356168689790865e-02,2.115102504372908324e-02,2.556225029923557546e-02,3.069224739421592615e-02,3.655905030407564232e-02,4.351251585920136444e-02,5.282079244237188748e-02,6.504334823550715627e-02,8.002417801395886321e-02,9.360404595154257767e-02,1.080465351863256207e-01,1.243870687296323857e-01,1.432865732824495086e-01,1.683494137020642989e-01,1.975195139123173682e-01,2.314870356266228724e-01,2.710967734823723774e-01,3.178494840151763201e-01,3.726893536523442352e-01,4.342447930865752093e-01,5.022615579004329200e-01,5.909341751524641584e-01,6.902695670454395138e-01
7.692649574879145575e+02,0.000000000000000000e+00,0.000000000000000000e+00,0.000000000000000000e+00,0.000000000000000000e+00,0.000000000000000000e+00,0.000000000000000000e+00,0.000000000000000000e+00,0.000000000000000000e+00,0.000000000000000000e+00,0.000000000000000000e+00,0.000000000000000000e+00,0.000000000000000000e+00,0.000000000000000000e+00,0.000000000000000000e+00,0.000000000000000000e+00,0.000000000000000000e+00,0.000000000000000000e+00,0.000000000000000000e+00,0.000000000000000000e+00,0.000000000000000000e+00,0.000000000000000000e+00,0.000000000000000000e+00,4.590875550640408974e-14,7.387496959058918594e-14,1.471592203268006525e-13,1.693934738161825765e-13,1.696867873994746045e-13,2.872733900596621736e-13,2.912153751126495907e-13,3.898385458017526959e-13,8.467850857330388758e-13,9.411688416120520012e-13,1.582690731066655914e-12,2.123010852550142034e-12,3.058843544685762352e-12,4.414214262803007473e-12,6.584031730836100871e-12,1.057426361693241569e-11,1.691821834004899990e-11,3.057363778275357878e-11,5.955678475008989058e-11,1.585095518330056538e-10,5.952941564643559978e-10,5.260119962583508698e-08,9.757378802508247649e-06,1.280724457175393298e-05,1.645913853073050609e-05,2.091411062186270697e-05,2.662851126548272893e-05,3.435046604859458123e-05,4.485133380283840585e-05,5.833999572755197739e-05,7.448787633830000212e-05,9.386087246831326580e-05,1.189580473531483208e-04,1.519643762575704398e-04,1.920466429214753054e-04,2.408127630927337480e-04,3.039533493493447899e-04,3.810619762030454587e-04,4.764272451235191633e-04,5.958335578599225756e-04,7.416643412217013452e-04,9.228376159429304768e-04,1.145262573216218171e-03,1.417781676774110397e-03,1.753023982355981104e-03,2.162958122225956768e-03,2.663259613985519830e-03,3.273285654442015247e-03,4.015893881933081666e-03,4.918234658604066743e-03,6.012628800029994405e-03,7.337879228370662067e-03,8.940528990742786092e-03,1.087463649182934984e-02,1.320579973565177284e-02,1.601056853451487960e-02,1.938013223095697360e-02,2.342202280484190907e-02,2.812250525614611030e-02,3.349810364586833233e-02,3.986938265684444177e-02,4.839831355504926880e-02,5.959752243412153733e-02,7.332406577826693084e-02,8.576694435106374526e-02,9.900022030509381121e-02,1.139726247223238759e-01,1.312897474894667016e-01,1.542541740556163110e-01,1.809819755733294289e-01,2.121055292082070776e-01,2.483988982383553701e-01,2.912371867093924149e-01,3.414855280025185236e-01,3.978871706323044433e-01,4.602091570745303062e-01,5.414575620126589328e-01,6.324759890685413000e-01
8.395578619995112604e+02,0.000000000000000000e+00,0.000000000000000000e+00,0.000000000000000000e+00,0.000000000000000000e+00,0.000000000000000000e+00,0.000000000000000000e+00,0.000000000000000000e+00,0.000000000000000000e+00,0.000000000000000000e+00,0.000000000000000000e+00,0.000000000000000000e+00,0.000000000000000000e+00,0.000000000000000000e+00,0.000000000000000000e+00,0.000000000000000000e+00,0.000000000000000000e+00,0.000000000000000000e+00,0.000000000000000000e+00,0.000000000000000000e+00,0.000000000000000000e+00,0.000000000000000000e+00,0.000000000000000000e+00,4.206499450656989196e-14,6.768970658696381067e-14,1.348381529047212608e-13,1.552108190894550972e-13,1.554795746706897419e-13,2.632211098176622893e-13,2.668330478405905138e-13,3.571988851954915213e-13,7.758870739729972766e-13,8.623684461811001783e-13,1.450178210529599199e-12,1.945259436132011502e-12,2.802738507815015598e-12,4.044629323261197606e-12,6.032776439563211834e-12,9.688921776484123267e-12,1.550172191959847123e-11,2.801382636473306485e-11,5.457032750521898980e-11,1.452381654336964057e-10,5.454524990984163360e-10,4.819710638836813880e-08,8.940431540749904150e-06,1.173494394723844522e-05,1.508107907175726133e-05,1.916305372938562841e-05,2.439900990007041258e-05,3.147443553399485266e-05,4.109610659704218856e-05,5.345541548061463007e-05,6.825129704375366990e-05,8.600226778551399930e-05,1.089981541260562261e-04,1.392409918752275969e-04,1.759673267198484322e-04,2.206504498950030843e-04,2.785045211876880614e-04,3.491571435302301320e-04,4.365378505218995707e-04,5.459467385194386986e-04,6.795676793037361534e-04,8.455720225236841451e-04,1.049374205846203634e-03,1.299076348011633754e-03,1.606250123190620287e-03,1.981862076759706263e-03,2.440275276384754055e-03,2.999226216300507689e-03,3.679658753958552856e-03,4.506450057600494205e-03,5.509214847002859468e-03,6.723507227030523815e-03,8.191973377038331075e-03,9.964145602377193905e-03,1.210012964210201158e-02,1.467006609136858007e-02,1.775750936481130735e-02,2.146098820912258412e-02,2.576791760224798541e-02,3.069343811002232109e-02,3.653127478497091712e-02,4.434611157203767473e-02,5.460765438189205817e-02,6.718492780166758493e-02,7.858601269358107821e-02,9.071131807748648856e-02,1.044301414830364066e-01,1.202973691182495780e-01,1.413390738365762900e-01,1.658290608034078406e-01,1.943467607112921436e-01,2.276014275398263176e-01,2.668530332374292602e-01,3.128942769423418424e-01,3.645736300681851616e-01,4.216776397154311518e-01,4.961234326734473843e-01,5.795212419119973868e-01
9.162739011886741309e+02,0.000000000000000000e+00,0.000000000000000000e+00,0.000000000000000000e+00,0.000000000000000000e+00,0.000000000000000000e+00,0.000000000000000000e+00,0.000000000000000000e+00,0.000000000000000000e+00,0.000000000000000000e+00,0.000000000000000000e+00,0.000000000000000000e+00,0.000000000000000000e+00,0.000000000000000000e+00,0.000000000000000000e+00,0.000000000000000000e+00,0.000000000000000000e+00,0.000000000000000000e+00,0.000000000000000000e+00,0.000000000000000000e+00,0.000000000000000000e+00,0.000000000000000000e+00,0.000000000000000000e+00,3.854305662001490100e-14,6.202231152475396372e-14,1.235486803910837628e-13,1.422156227137844115e-13,1.424618764386684558e-13,2.411826331678415677e-13,2.444921577109617470e-13,3.272920160383179932e-13,7.109250761511027687e-13,7.901657004443709734e-13,1.328760446380764673e-12,1.782390452368756386e-12,2.568076146567384532e-12,3.705988288886639721e-12,5.527675603277697537e-12,8.877706154450995810e-12,1.420382321841245739e-11,2.566833797043606783e-11,5.000136687235055023e-11,1.330779404434188987e-10,4.997838892620171309e-10,4.416175069647558881e-08,8.191884086153172729e-06,1.075242287076657743e-05,1.381839915521387849e-05,1.755860599931232240e-05,2.235617598627857332e-05,2.883920383444486010e-05,3.765528991533741480e-05,4.897980208208415400e-05,6.253688220346713780e-05,7.880163341490586005e-05,9.987216390344581026e-05,1.275828868308950955e-04,1.612342689353373599e-04,2.021762485243303303e-04,2.551864241273263780e-04,3.199235780303374683e-04,3.999882393142187710e-04,5.002367479444386287e-04,6.226701286373674408e-04,7.747755758137726476e-04,9.615141973974666552e-04,1.190309753334553881e-03,1.471765066660656474e-03,1.815928496690501518e-03,2.235960547467326191e-03,2.748112705757009295e-03,3.371575281532655181e-03,4.129142574789524713e-03,5.047949780349868416e-03,6.160574196581495264e-03,7.506091404612661409e-03,9.129886563102113800e-03,1.108703299205751266e-02,1.344179868823395727e-02,1.627074238109004964e-02,1.966414338973686629e-02,2.361047038692004260e-02,2.812359627796324688e-02,3.347265366262070635e-02,4.063318465265912394e-02,5.003556851525897686e-02,6.155979589791329976e-02,7.200631242961011425e-02,8.311641329682514789e-02,9.568661313834685156e-02,1.102253397047123495e-01,1.295053045746336617e-01,1.519448404727921920e-01,1.780748646203171859e-01,2.085452479280277549e-01,2.445104698084899220e-01,2.866968597935686258e-01,3.340493022930921541e-01,3.863722159860898397e-01,4.545849531268156274e-01,5.310001891484107395e-01
1.000000000000000000e+03,0.000000000000000000e+00,0.000000000000000000e+00,0.000000000000000000e+00,0.000000000000000000e+00,0.000000000000000000e+00,0.000000000000000000e+00,0.000000000000000000e+00,0.000000000000000000e+00,0.000000000000000000e+00,0.000000000000000000e+00,0.000000000000000000e+00,0.000000000000000000e+00,0.000000000000000000e+00,0.000000000000000000e+00,0.000000000000000000e+00,0.000000000000000000e+00,0.000000000000000000e+00,0.000000000000000000e+00,0.000000000000000000e+00,0.000000000000000000e+00,0.000000000000000000e+00,0.000000000000000000e+00,3.531599685295700501e-14,5.682942534152557674e-14,1.132044313686509614e-13,1.303084634339358569e-13,1.305340992951176362e-13,2.209893521916551236e-13,2.240217831558595046e-13,2.998891323633357290e-13,6.514020929778263207e-13,7.240082089316450636e-13,1.217508517950507403e-12,1.633157853233366267e-12,2.353061149364875064e-12,3.395700347217701229e-12,5.064864889520714069e-12,8.134410451745517627e-12,1.301459251212905314e-11,2.351922816920083170e-11,4.581494748889477489e-11,1.219358436522454634e-10,4.579389339653568384e-10,4.046425959398133553e-08,7.506009589704986113e-06,9.852164451027616018e-06,1.266143850213009889e-05,1.608849241842476036e-05,2.048438058660802778e-05,2.642460980456216201e-05,3.450255939111675712e-05,4.487891433320039284e-05,5.730091302474740359e-05,7.220388006911557808e-05,9.151025723996497542e-05,1.169008694414573829e-04,1.477347526026854185e-04,1.852488199630790693e-04,2.338206603655329616e-04,2.931376249240965292e-04,3.664987844660282557e-04,4.583538765569862236e-04,5.705363879202143568e-04,7.099066393965868405e-04,8.810103646976737493e-04,1.090649761310780435e-03,1.348539919262368861e-03,1.663887887942290403e-03,2.048752293731850947e-03,2.518023949810137968e-03,3.089286436361228516e-03,3.783425575566645108e-03,4.625304638245684823e-03,5.644773352664009605e-03,6.877635653983218272e-03,8.365476778583630021e-03,1.015875897224007528e-02,1.231636932306093279e-02,1.490845659675727949e-02,1.801774137724767785e-02,2.163365781032289617e-02,2.576891727706465823e-02,3.067011895458683635e-02,3.723112661941173351e-02,4.584628556166954472e-02,5.640563434375956559e-02,6.597750480008938989e-02,7.615740026429217158e-02,8.767514631180452211e-02,1.009966020210836535e-01,1.186623306472270600e-01,1.392230917454960748e-01,1.631653509093030641e-01,1.910845678933732750e-01,2.240385620529006250e-01,2.626928501815954387e-01,3.060806574014462988e-01,3.540227776524875747e-01,4.165243284231779364e-01,4.865416148429381193e-01
