distance_kpc\alpha,0.1,0.10202020202,0.10404040404,0.106060606061,0.108080808081,0.110101010101,0.112121212121,0.114141414141,0.116161616162,0.118181818182,0.120202020202,0.122222222222,0.124242424242,0.126262626263,0.128282828283,0.130303030303,0.132323232323,0.134343434343,0.136363636364,0.138383838384,0.140404040404,0.142424242424,0.144444444444,0.146464646465,0.148484848485,0.150505050505,0.152525252525,0.154545454545,0.156565656566,0.158585858586,0.160606060606,0.162626262626,0.164646464646,0.166666666667,0.168686868687,0.170707070707,0.172727272727,0.174747474747,0.176767676768,0.178787878788,0.180808080808,0.182828282828,0.184848484848,0.186868686869,0.188888888889,0.190909090909,0.192929292929,0.194949494949,0.19696969697,0.19898989899,0.20101010101,0.20303030303,0.205050505051,0.207070707071,0.209090909091,0.211111111111,0.213131313131,0.215151515152,0.217171717172,0.219191919192,0.221212121212,0.223232323232,0.225252525253,0.227272727273,0.229292929293,0.231313131313,0.233333333333,0.235353535354,0.237373737374,0.239393939394,0.241414141414,0.243434343434,0.245454545455,0.247474747475,0.249494949495,0.251515151515,0.253535353535,0.255555555556,0.257575757576,0.259595959596,0.261616161616,0.263636363636,0.265656565657,0.267676767677,0.269696969697,0.271717171717,0.273737373737,0.275757575758,0.277777777778,0.279797979798,0.281818181818,0.283838383838,0.285858585859,0.287878787879,0.289898989899,0.291919191919,0.293939393939,0.29595959596,0.29797979798,0.3
1.000000000000000000e+00,0.000000000000000000e+00,0.000000000000000000e+00,0.000000000000000000e+00,0.000000000000000000e+00,0.000000000000000000e+00,0.000000000000000000e+00,0.000000000000000000e+00,0.000000000000000000e+00,0.000000000000000000e+00,0.000000000000000000e+00,0.000000000000000000e+00,0.000000000000000000e+00,0.000000000000000000e+00,0.000000000000000000e+00,0.000000000000000000e+00,0.000000000000000000e+00,0.000000000000000000e+00,0.000000000000000000e+00,0.000000000000000000e+00,0.000000000000000000e+00,0.000000000000000000e+00,0.000000000000000000e+00,2.011922163374495960e-11,2.995579837898214553e-11,5.545654189822196132e-11,5.907006244715896885e-11,5.456732954980253974e-11,8.437391879351336811e-11,7.783874078632906610e-11,9.407489599337273259e-11,1.866223378809485634e-10,1.876704587651916483e-10,2.859326850329411049e-10,3.386652209469606420e-10,4.424230093475605954e-10,5.885878475327029036e-10,8.325848015383246526e-10,1.198973801519631513e-09,1.843028231708636648e-09,3.092419649771214509e-09,5.759921020134483948e-09,1.517383761780830384e-08,5.929190178814998684e-08,5.698909581473159914e-06,1.118166864407033664e-03,1.486549417842883761e-03,1.968740833484081739e-03,2.597675946700589260e-03,3.415186991781186867e-03,4.474233429513535185e-03,5.841644359967462959e-03,7.601479455863850536e-03,9.859133095186467174e-03,1.274632804453649897e-02,1.642716928631813081e-02,2.110545634460903042e-02,2.703348338678640550e-02,3.452259142329945629e-02,4.395577612756489810e-02,5.580269904392195363e-02,7.063750001547391966e-02,8.915986550792323606e-02,1.122198724001718106e-01,1.408472013612099838e-01,1.762853996368348719e-01,2.200319715115993946e-01,2.738851878457674860e-01,3.399986350141398495e-01,4.209446699429861272e-01,5.197881128682670937e-01,6.401716939352892766e-01,7.864149755939647823e-01,9.636287006953678791e-01,1.177846769363455559e+00,1.436178327715542657e+00,1.746982761331335343e+00,2.120070731270941700e+00,2.566934770359525331e+00,3.101013381478571862e+00,3.737993047783362943e+00,4.450166829317676154e+00,5.224473526203177620e+00,6.130993008685163836e+00,7.338571686214559797e+00,8.914546836533867591e+00,1.082525259999674638e+01,1.234943295598428925e+01,1.388662235009660506e+01,1.559900115762893691e+01,1.753839357010186717e+01,2.011842726504612600e+01,2.303756347903572532e+01,2.634541298307814117e+01,3.008079462557925154e+01,3.430823673156948672e+01,3.907120035487481147e+01,4.439809965829147842e+01,5.041880549669563294e+01,5.718098585801138256e+01,6.479879973519406633e+01
1.091376714651273394e+00,0.000000000000000000e+00,0.000000000000000000e+00,0.000000000000000000e+00,0.000000000000000000e+00,0.000000000000000000e+00,0.000000000000000000e+00,0.000000000000000000e+00,0.000000000000000000e+00,0.000000000000000000e+00,0.000000000000000000e+00,0.000000000000000000e+00,0.000000000000000000e+00,0.000000000000000000e+00,0.000000000000000000e+00,0.000000000000000000e+00,0.000000000000000000e+00,0.000000000000000000e+00,0.000000000000000000e+00,0.000000000000000000e+00,0.000000000000000000e+00,0.000000000000000000e+00,0.000000000000000000e+00,1.843471769523105246e-11,2.744771624393131305e-11,5.081338199151696319e-11,5.412435656191690577e-11,4.999861992404555557e-11,7.730961973150883398e-11,7.132160668390365252e-11,8.619837195576634945e-11,1.709971775791275222e-10,1.719575433906502389e-10,2.619926567924852195e-10,3.103101031939957226e-10,4.053806567505223383e-10,5.393076832510339195e-10,7.628757241759182523e-10,1.098588402541407106e-09,1.688718667868534859e-09,2.833503416608382597e-09,5.277665303657267601e-09,1.390339139007266253e-08,5.432762216032388206e-08,5.221762114737923377e-06,1.024547115030139061e-03,1.362086434396650577e-03,1.803905843925900261e-03,2.380182673707329725e-03,3.129246708248158496e-03,4.099623319289144759e-03,5.352546267064199441e-03,6.965037235829926211e-03,9.033666343464863413e-03,1.167912772319805448e-02,1.505178648746147152e-02,1.933837882124215743e-02,2.477007528552997370e-02,3.163214952256923618e-02,4.027553047217985460e-02,5.113055674983182919e-02,6.472329770939327931e-02,8.169485779840228445e-02,1.028241402750005723e-01,1.290546146627425117e-01,1.615257108478470871e-01,2.016095529231682337e-01,2.509538495452340312e-01,3.115318757032298769e-01,3.857006149132384265e-01,4.762682819693056513e-01,5.865726154326489361e-01,7.205715176406776168e-01,8.829478288835175270e-01,1.079230254367129271e+00,1.315932719138545481e+00,1.600714710034424115e+00,1.942565479737549783e+00,2.352015336134174461e+00,2.841377628685651580e+00,3.425025472508601787e+00,4.077571721639337454e+00,4.787048739511130968e+00,5.617668882228437077e+00,6.724141708080556334e+00,8.168166607240033628e+00,9.918896431151850379e+00,1.131546311204769673e+01,1.272394963505684373e+01,1.429295764534730040e+01,1.606997229705958574e+01,1.843398983592438967e+01,2.110871816281777669e+01,2.413961433243173715e+01,2.756224704243478385e+01,3.143574191293971865e+01,3.579992117328543344e+01,4.068081997926625348e+01,4.619743560573024155e+01,5.239344498593445820e+01,5.937344902570986704e+01
1.191103133283006876e+00,0.000000000000000000e+00,0.000000000000000000e+00,0.000000000000000000e+00,0.000000000000000000e+00,0.000000000000000000e+00,0.000000000000000000e+00,0.000000000000000000e+00,0.000000000000000000e+00,0.000000000000000000e+00,0.000000000000000000e+00,0.000000000000000000e+00,0.000000000000000000e+00,0.000000000000000000e+00,0.000000000000000000e+00,0.000000000000000000e+00,0.000000000000000000e+00,0.000000000000000000e+00,0.000000000000000000e+00,0.000000000000000000e+00,0.000000000000000000e+00,0.000000000000000000e+00,0.000000000000000000e+00,1.689125069992122796e-11,2.514962604154667043e-11,4.655897574995753304e-11,4.959273533631437827e-11,4.581243053185496328e-11,7.083678687080243819e-11,6.535012679530458167e-11,7.898131854802237445e-11,1.566802509926795210e-10,1.575602091213717018e-10,2.400570337220355999e-10,2.843290488318222930e-10,3.714397158272276932e-10,4.941535548734502695e-10,6.990031159128030971e-10,1.006607881397248021e-09,1.547328841818042353e-09,2.596265229567197824e-09,4.835786976950150025e-09,1.273931466873489410e-08,4.977898229914419025e-08,4.784564343950134474e-06,9.387657820402662461e-04,1.248044251000789183e-03,1.652871844991030906e-03,2.180899263979502786e-03,2.867247089148355216e-03,3.756377852169123441e-03,4.904398449415785753e-03,6.381881839998260891e-03,8.277312702563370539e-03,1.070127992141547101e-02,1.379155912472528403e-02,1.771925180520397478e-02,2.269617351460969518e-02,2.898371304602794657e-02,3.690341742818753490e-02,4.684959470311727409e-02,5.930426848998171518e-02,7.485486606199598381e-02,9.421507614614617332e-02,1.182493752434320700e-01,1.480017932208304854e-01,1.847295715738156985e-01,2.299424627411270072e-01,2.854485270952233367e-01,3.534074071174233000e-01,4.363921967324428386e-01,5.374611786729167617e-01,6.602408755540668528e-01,8.090220517171698988e-01,9.888705154498138583e-01,1.205754806266894130e+00,1.466693112053337966e+00,1.779922050433571767e+00,2.155090267695249029e+00,2.603480164586024159e+00,3.138261451366036514e+00,3.736172548763091239e+00,4.386247823732186468e+00,5.147323382305665440e+00,6.161155555008441809e+00,7.484277882774878599e+00,9.088425928457917635e+00,1.036806352943247056e+01,1.165862297064173170e+01,1.309626406122684905e+01,1.472449620862069430e+01,1.689058378143479544e+01,1.934136754013725223e+01,2.211849859756724612e+01,2.525456762309769942e+01,2.880374987932956898e+01,3.280253343569323476e+01,3.727477362595642063e+01,4.232950454737498092e+01,4.800674623397631535e+01,5.440234176581402892e+01
1.299942224413245695e+00,0.000000000000000000e+00,0.000000000000000000e+00,0.000000000000000000e+00,0.000000000000000000e+00,0.000000000000000000e+00,0.000000000000000000e+00,0.000000000000000000e+00,0.000000000000000000e+00,0.000000000000000000e+00,0.000000000000000000e+00,0.000000000000000000e+00,0.000000000000000000e+00,0.000000000000000000e+00,0.000000000000000000e+00,0.000000000000000000e+00,0.000000000000000000e+00,0.000000000000000000e+00,0.000000000000000000e+00,0.000000000000000000e+00,0.000000000000000000e+00,0.000000000000000000e+00,0.000000000000000000e+00,1.547701217477273793e-11,2.304394596652422546e-11,4.266077434576244487e-11,4.544052907722216530e-11,4.197673444635784656e-11,6.490589905378076610e-11,5.987861562190820796e-11,7.236852086702180866e-11,1.435620248162830235e-10,1.443683074837424858e-10,2.199579947962705801e-10,2.605232867943987138e-10,3.403405174774262565e-10,4.527800055101475990e-10,6.404783119604627856e-10,9.223285304551221406e-10,1.417777034314369806e-09,2.378890070416043666e-09,4.430905398687496533e-09,1.167270154999181557e-08,4.561118230843877829e-08,4.383971436919417010e-06,8.601665854124708769e-04,1.143550374720589315e-03,1.514483333574852698e-03,1.998301076706005767e-03,2.627183676045832111e-03,3.441870988945733550e-03,4.493772300229884401e-03,5.847551770460357283e-03,7.584285601336303306e-03,9.805303501307377143e-03,1.263684568268628496e-02,1.623568797769869496e-02,2.079591144828647764e-02,2.655701982361708194e-02,3.381363825411948243e-02,4.292706090773348859e-02,5.433895344645607584e-02,6.858756014958071467e-02,8.632681537121730808e-02,1.083488163674228705e-01,1.356101804573697223e-01,1.692628852108524207e-01,2.106902773847436905e-01,2.615490355101011688e-01,3.238179836284552637e-01,3.998547805483305684e-01,4.924616509200963055e-01,6.049614827681503160e-01,7.412857914745560883e-01,9.060762449616555081e-01,1.104801660215160464e+00,1.343892619627668594e+00,1.630896120962512130e+00,1.974652966994868919e+00,2.385500927072566224e+00,2.875507062993186924e+00,3.423357396769187933e+00,4.019004405031420646e+00,4.716358076184890891e+00,5.645306036217853318e+00,6.857648493230244391e+00,8.327487481132429537e+00,9.499986017885099443e+00,1.068249195179778432e+01,1.199976496237734658e+01,1.349167158411071732e+01,1.547640109476940040e+01,1.772199029032553952e+01,2.026660299842914625e+01,2.314010119884889605e+01,2.639212427079609213e+01,3.005610527999454717e+01,3.415390224617976855e+01,3.878542026700697676e+01,4.398732865518014279e+01,4.984744592356192783e+01
1.418726674116596476e+00,0.000000000000000000e+00,0.000000000000000000e+00,0.000000000000000000e+00,0.000000000000000000e+00,0.000000000000000000e+00,0.000000000000000000e+00,0.000000000000000000e+00,0.000000000000000000e+00,0.000000000000000000e+00,0.000000000000000000e+00,0.000000000000000000e+00,0.000000000000000000e+00,0.000000000000000000e+00,0.000000000000000000e+00,0.000000000000000000e+00,0.000000000000000000e+00,0.000000000000000000e+00,0.000000000000000000e+00,0.000000000000000000e+00,0.000000000000000000e+00,0.000000000000000000e+00,0.000000000000000000e+00,1.418118232412361152e-11,2.111456626952815384e-11,3.908895413752143412e-11,4.163597084966371557e-11,3.846218623032527888e-11,5.947158133616594638e-11,5.486521273366288342e-11,6.630938693808000254e-11,1.315421365409608283e-10,1.322809123061347020e-10,2.015417699896167994e-10,2.387106883415993609e-10,3.118451336816132805e-10,4.148705020290120450e-10,5.868535615267494174e-10,8.451055607777309921e-10,1.299072094246935461e-09,2.179714885319106696e-09,4.059922975453347392e-09,1.069539178662207741e-08,4.179233595158101181e-08,4.016918611205869972e-06,7.881481928880250138e-04,1.047805363051003934e-03,1.387681552339857429e-03,1.830991123302938952e-03,2.407219835989714892e-03,3.153696558429425201e-03,4.117526276585234575e-03,5.357959073122447145e-03,6.949282955665500063e-03,8.984343691481870564e-03,1.157881189239420849e-02,1.487633716180802868e-02,1.905475091149564856e-02,2.433350415773056358e-02,3.098255423648462598e-02,3.933294556449275919e-02,4.978936486089402536e-02,6.284499131126912441e-02,7.909900789737962790e-02,9.927719266215376259e-02,1.242560690885741725e-01,1.550911641585983880e-01,1.930500024018428629e-01,2.396505551189752892e-01,2.967059671342947014e-01,3.663764996819597886e-01,4.512297580743713232e-01,5.543104178848576868e-01,6.792208240501250716e-01,8.302140157454004354e-01,1.012300927245068261e+00,1.231373733364910183e+00,1.494347551187795720e+00,1.809322977562177526e+00,2.185772240737977601e+00,2.634752074504352670e+00,3.136733037100805532e+00,3.682508845092603345e+00,4.321475813868637772e+00,5.172646585209299985e+00,6.283484337872704550e+00,7.630259441437051038e+00,8.704589249845431809e+00,9.788088575090363008e+00,1.099507145542464848e+01,1.236206655592949666e+01,1.418062240746501779e+01,1.623819718014437896e+01,1.856975939321274538e+01,2.120267079936998300e+01,2.418241466625861236e+01,2.753962483943809403e+01,3.129432925192373816e+01,3.553806833729272796e+01,4.030444122975023902e+01,4.567391374067353382e+01
1.548365256585498617e+00,0.000000000000000000e+00,0.000000000000000000e+00,0.000000000000000000e+00,0.000000000000000000e+00,0.000000000000000000e+00,0.000000000000000000e+00,0.000000000000000000e+00,0.000000000000000000e+00,0.000000000000000000e+00,0.000000000000000000e+00,0.000000000000000000e+00,0.000000000000000000e+00,0.000000000000000000e+00,0.000000000000000000e+00,0.000000000000000000e+00,0.000000000000000000e+00,0.000000000000000000e+00,0.000000000000000000e+00,0.000000000000000000e+00,0.000000000000000000e+00,0.000000000000000000e+00,0.000000000000000000e+00,1.299384725159260504e-11,1.934672600768733841e-11,3.581618850097191038e-11,3.814995344019926946e-11,3.524189742550543163e-11,5.449225784074828238e-11,5.027156251101978912e-11,6.075756065518385470e-11,1.205286266190793587e-10,1.212055475715388761e-10,1.846674638408565541e-10,2.187243736621908891e-10,2.857355572051552427e-10,3.801350133822263853e-10,5.377186022465820620e-10,7.743481690900533856e-10,1.190305855720979969e-09,1.997215861450360308e-09,3.720001463244166242e-09,9.799908357069508840e-09,3.829322670214279018e-08,3.680597686646990698e-06,7.221596194123139703e-04,9.600767076891578459e-04,1.271496389569995618e-03,1.677689379590615454e-03,2.205672710141055436e-03,2.889649848757423062e-03,3.772781864693626822e-03,4.909358062339154623e-03,6.367446604251583361e-03,8.232119643813942678e-03,1.060936314377385059e-02,1.363079948664788418e-02,1.745937095385455273e-02,2.229615478419459326e-02,2.838850583905343575e-02,3.603975147761952214e-02,4.562069557879763759e-02,5.758322535894485478e-02,7.247635654628574453e-02,9.096510061961118887e-02,1.138525931701572236e-01,1.421059860234919481e-01,1.768866788252193845e-01,2.195855490608947524e-01,2.718639340120985737e-01,3.357012246674401790e-01,4.134500507632256627e-01,5.079001690648824452e-01,6.223523142209939074e-01,7.607034350285528657e-01,9.275449197837505322e-01,1.128275614491527801e+00,1.369231660458582800e+00,1.657835423161203359e+00,2.002766058130895921e+00,2.414154561971054047e+00,2.874106616891751731e+00,3.374186745654796926e+00,3.959655502865914389e+00,4.739561066099995834e+00,5.757392707320552638e+00,6.991407585487237064e+00,7.975787950200864174e+00,8.968570103878333200e+00,1.007449701631017192e+01,1.132703894995555238e+01,1.299333421457149207e+01,1.487863627852180670e+01,1.701498588335405771e+01,1.942745388895790626e+01,2.215771542641497405e+01,2.523383948890444373e+01,2.867417714874299151e+01,3.256260451612088502e+01,3.692990760081287505e+01,4.184981512572191065e+01
1.689849786812457344e+00,0.000000000000000000e+00,0.000000000000000000e+00,0.000000000000000000e+00,0.000000000000000000e+00,0.000000000000000000e+00,0.000000000000000000e+00,0.000000000000000000e+00,0.000000000000000000e+00,0.000000000000000000e+00,0.000000000000000000e+00,0.000000000000000000e+00,0.000000000000000000e+00,0.000000000000000000e+00,0.000000000000000000e+00,0.000000000000000000e+00,0.000000000000000000e+00,0.000000000000000000e+00,0.000000000000000000e+00,0.000000000000000000e+00,0.000000000000000000e+00,0.000000000000000000e+00,0.000000000000000000e+00,1.190592311266648060e-11,1.772690011429205286e-11,3.281743876349444281e-11,3.495580666881763753e-11,3.229123083935893253e-11,4.992983367632151555e-11,4.606252070082236445e-11,5.567056712823276108e-11,1.104372349171768565e-10,1.110574799190832876e-10,1.692059775160799235e-10,2.004114351405047862e-10,2.618120337086869664e-10,3.483077916901412207e-10,4.926975214221963184e-10,7.095150177704498345e-10,1.090646190029184729e-09,1.829996768887019152e-09,3.408540253154306416e-09,8.979400261623563379e-09,3.508708421947466272e-08,3.372435601050045214e-06,6.616960117598486577e-04,8.796932303947224739e-04,1.165038957218613586e-03,1.537222992820298827e-03,2.021000338866338862e-03,2.647710739990224646e-03,3.456901557496708157e-03,4.498316664111564819e-03,5.834325140688171631e-03,7.542876381089315060e-03,9.721082556872996314e-03,1.248954582195142479e-02,1.599756593618852432e-02,2.042938472562048913e-02,2.601164699406693231e-02,3.302228368426870370e-02,4.180105271292578611e-02,5.276200654266696016e-02,6.640819395660649271e-02,8.334894761675137875e-02,1.043201597044668971e-01,1.302080061960080859e-01,1.620766472754917031e-01,2.012005076826828831e-01,2.491018274097657192e-01,3.075942707598507964e-01,3.788334909594758826e-01,4.653756693234666897e-01,5.702451828650692001e-01,6.970127040612368319e-01,8.498852021779923493e-01,1.033809498906200108e+00,1.254591235159430829e+00,1.519031330708691341e+00,1.835082269251857578e+00,2.212026818569650999e+00,2.633468882291586155e+00,3.091679252780235032e+00,3.628128994974150867e+00,4.342736107957392733e+00,5.275348676611822718e+00,6.406044303154475372e+00,7.308006340184159733e+00,8.217666717164705759e+00,9.230998683648172332e+00,1.037867016759182981e+01,1.190545303023369250e+01,1.363290610728850361e+01,1.559038749401103097e+01,1.780086896499852855e+01,2.030253635518970157e+01,2.312110855046728020e+01,2.627340015945386043e+01,2.983626467285000317e+01,3.383791050793406185e+01,3.834589336926997305e+01
1.844262708585534538e+00,0.000000000000000000e+00,0.000000000000000000e+00,0.000000000000000000e+00,0.000000000000000000e+00,0.000000000000000000e+00,0.000000000000000000e+00,0.000000000000000000e+00,0.000000000000000000e+00,0.000000000000000000e+00,0.000000000000000000e+00,0.000000000000000000e+00,0.000000000000000000e+00,0.000000000000000000e+00,0.000000000000000000e+00,0.000000000000000000e+00,0.000000000000000000e+00,0.000000000000000000e+00,0.000000000000000000e+00,0.000000000000000000e+00,0.000000000000000000e+00,0.000000000000000000e+00,0.000000000000000000e+00,1.090908661769530815e-11,1.624269592370432004e-11,3.006976264284745610e-11,3.202909334563458654e-11,2.958761205536341420e-11,4.574940348830472447e-11,4.220588554112654303e-11,5.100948772397176368e-11,1.011907560740516239e-10,1.017590703816412166e-10,1.550390211231015217e-10,1.836317675190111495e-10,2.398915335043991353e-10,3.191453391063375400e-10,4.514458800595059020e-10,6.501100932844810223e-10,9.993306393546043820e-10,1.676778278590776297e-09,3.123156475116325076e-09,8.227590108052418957e-09,3.214937953911359171e-08,3.090074724681693882e-06,6.062947860961828911e-04,8.060399480630389213e-04,1.067494790367483045e-03,1.408517308628383239e-03,1.851789864796691458e-03,2.426028248949992777e-03,3.167468676112710196e-03,4.121690158607522851e-03,5.345839857461506979e-03,6.911340767884609389e-03,8.907174238163185695e-03,1.144384487435413066e-02,1.465815214987449197e-02,1.871891204142858353e-02,2.383379326759633987e-02,3.025745669754396558e-02,3.830121364306588588e-02,4.834444956939177446e-02,6.084809494751392683e-02,7.637046539277117518e-02,9.558583970503732596e-02,1.193061978032152887e-01,1.485066018906953667e-01,1.843547740955535086e-01,2.282455031939736589e-01,2.818406024524136022e-01,3.471152406623629894e-01,4.264115800493029074e-01,5.225007783378254889e-01,6.386545495282558438e-01,7.787276297621535948e-01,9.472526626486916790e-01,1.149549205436648291e+00,1.391848763416274615e+00,1.681437989849563275e+00,2.026822442584784500e+00,2.412978806436286483e+00,2.832825010169028879e+00,3.324359908240706041e+00,3.979135755471035818e+00,4.833664312049620548e+00,5.869691204838828114e+00,6.696135479232100174e+00,7.529633541604825453e+00,8.458123175733819110e+00,9.509704603609868911e+00,1.090865589343073871e+01,1.249147606346413042e+01,1.428506517018059441e+01,1.631047165110758357e+01,1.860268419019454100e+01,2.118526833134344756e+01,2.407363086159390164e+01,2.733819062869007155e+01,3.100479426917794967e+01,3.513534131202587929e+01
2.012785375849939218e+00,0.000000000000000000e+00,0.000000000000000000e+00,0.000000000000000000e+00,0.000000000000000000e+00,0.000000000000000000e+00,0.000000000000000000e+00,0.000000000000000000e+00,0.000000000000000000e+00,0.000000000000000000e+00,0.000000000000000000e+00,0.000000000000000000e+00,0.000000000000000000e+00,0.000000000000000000e+00,0.000000000000000000e+00,0.000000000000000000e+00,0.000000000000000000e+00,0.000000000000000000e+00,0.000000000000000000e+00,0.000000000000000000e+00,0.000000000000000000e+00,0.000000000000000000e+00,0.000000000000000000e+00,9.995711353600833930e-12,1.488275835983392272e-11,2.755213872457927268e-11,2.934742231134078421e-11,2.711035672482486282e-11,4.191898441128367826e-11,3.867215139789064598e-11,4.673866231447936203e-11,9.271844883220274903e-11,9.323918039991919275e-11,1.420582087209374035e-10,1.682569960068158844e-10,2.198063512662091924e-10,2.924245449091460390e-10,4.136480776976774833e-10,5.956789113759040639e-10,9.156605834988147782e-10,1.536388174752799083e-09,2.861666767477501956e-09,7.538726085686528801e-09,2.945763741109892916e-08,2.831354822948612024e-06,5.555320889267019056e-04,7.385533677256364820e-04,9.781176160685990488e-04,1.290587649268699726e-03,1.696746723598910886e-03,2.222906368059336234e-03,2.902268880754716070e-03,3.776597121118277760e-03,4.898253541326157492e-03,6.332681167833954794e-03,8.161411287769032921e-03,1.048569638762246459e-02,1.343088225458264479e-02,1.715165056220740655e-02,2.183828273742484047e-02,2.772411788830596996e-02,3.509440244499283101e-02,4.429675740776568837e-02,5.575352133745740263e-02,6.997626426102902808e-02,8.758281024492978184e-02,1.093171552971396454e-01,1.360727234666606889e-01,1.689194680632894741e-01,2.091353976403141079e-01,2.582431883224390323e-01,3.180526357237487001e-01,3.907098019638011732e-01,4.787538265417177197e-01,5.851824956081499440e-01,7.135278032855774111e-01,8.679428926164752811e-01,1.053301935073777562e+00,1.275314696320061003e+00,1.540657746566300723e+00,1.857124506483916582e+00,2.210949504458965986e+00,2.595643623452420279e+00,3.046024222078932642e+00,3.645978242024786375e+00,4.428960456238171695e+00,5.378244859030519187e+00,6.135494178443885005e+00,6.899206699687342237e+00,7.749957518963960013e+00,8.713494136301504156e+00,9.995316692198599640e+00,1.144561350427521518e+01,1.308903239221581671e+01,1.494485948998761238e+01,1.704515401553041443e+01,1.941150846168892130e+01,2.205803966532869254e+01,2.504927057878949270e+01,2.840888380057191043e+01,3.219359625356552357e+01
2.196707090793235118e+00,0.000000000000000000e+00,0.000000000000000000e+00,0.000000000000000000e+00,0.000000000000000000e+00,0.000000000000000000e+00,0.000000000000000000e+00,0.000000000000000000e+00,0.000000000000000000e+00,0.000000000000000000e+00,0.000000000000000000e+00,0.000000000000000000e+00,0.000000000000000000e+00,0.000000000000000000e+00,0.000000000000000000e+00,0.000000000000000000e+00,0.000000000000000000e+00,0.000000000000000000e+00,0.000000000000000000e+00,0.000000000000000000e+00,0.000000000000000000e+00,0.000000000000000000e+00,0.000000000000000000e+00,9.158809437119752490e-12,1.363668306281337237e-11,2.524530563526177356e-11,2.689027713104374462e-11,2.484051231887186724e-11,3.840927138039408674e-11,3.543428302870427682e-11,4.282541645522803781e-11,8.495549482364482237e-11,8.543262756866846703e-11,1.301642291006081406e-10,1.541694941334522805e-10,2.014028229807374241e-10,2.679409785672257054e-10,3.790149378712465062e-10,5.458050399822217493e-10,8.389958950071562625e-10,1.407752386620892669e-09,2.622070572938591055e-09,6.907537960524815000e-09,2.699126435046903525e-08,2.594296529272490809e-06,5.090195543563622331e-04,6.767171754820019416e-04,8.962236438965403900e-04,1.182531780221351188e-03,1.554684739761074200e-03,2.036791089838873789e-03,2.659273229667608908e-03,3.460397377384957958e-03,4.488141881322154324e-03,5.802470478635263045e-03,7.478088159849408806e-03,9.607769935766816843e-03,1.230636687981216670e-02,1.571560977245868573e-02,2.000984851908152451e-02,2.540288565453279954e-02,3.215608503815890751e-02,4.058796272002174188e-02,5.108549650087804844e-02,6.411742464506262063e-02,8.024984322018911820e-02,1.001644563509582059e-01,1.246798851761647536e-01,1.547764999890657855e-01,1.916253066725351339e-01,2.366214936196025242e-01,2.914233293179392392e-01,3.579971944780261373e-01,4.386696363543852173e-01,5.361874481582034058e-01,6.537869039230604917e-01,7.952734202266796837e-01,9.651130731796291329e-01,1.168537572040430739e+00,1.411664483842854922e+00,1.701634716549108362e+00,2.025835327781781103e+00,2.378320508956253576e+00,2.790992497079458179e+00,3.340714707469072398e+00,4.058140875447716844e+00,4.927945398531821120e+00,5.621793186603174064e+00,6.321563037829554865e+00,7.101083809947601466e+00,7.983947265253609871e+00,9.158447819177077065e+00,1.048731693706001344e+01,1.199313877280050100e+01,1.369358470760752056e+01,1.561802976617183525e+01,1.778625858614865507e+01,2.021120605672522430e+01,2.295199287515810838e+01,2.603031878836573654e+01,2.949815203254754792e+01
2.397434967801077121e+00,0.000000000000000000e+00,0.000000000000000000e+00,0.000000000000000000e+00,0.000000000000000000e+00,0.000000000000000000e+00,0.000000000000000000e+00,0.000000000000000000e+00,0.000000000000000000e+00,0.000000000000000000e+00,0.000000000000000000e+00,0.000000000000000000e+00,0.000000000000000000e+00,0.000000000000000000e+00,0.000000000000000000e+00,0.000000000000000000e+00,0.000000000000000000e+00,0.000000000000000000e+00,0.000000000000000000e+00,0.000000000000000000e+00,0.000000000000000000e+00,0.000000000000000000e+00,0.000000000000000000e+00,8.391978053193355834e-12,1.249493678923751937e-11,2.313161468112171259e-11,2.463885913090602251e-11,2.276071312993803041e-11,3.519341292952816283e-11,3.246750874653447850e-11,3.923981140546141414e-11,7.784250266947521292e-11,7.827968695114288118e-11,1.192660859932305038e-10,1.412614838339426284e-10,1.845401503229721138e-10,2.455073257201026906e-10,3.472814957320697883e-10,5.001069132729502286e-10,7.687500417994898877e-10,1.289886771196791239e-09,2.402534833058463696e-09,6.329196754698925842e-09,2.473139108441903292e-08,2.377086201716740959e-06,4.664013328514241257e-04,6.200582863802742498e-04,8.211863345306116618e-04,1.083523007543004714e-03,1.424517051619377320e-03,1.866258517792994875e-03,2.436622656474143542e-03,3.170671804639570157e-03,4.112367270687322836e-03,5.316652261991242773e-03,6.851977011658047338e-03,8.803348840768313380e-03,1.127600279042457847e-02,1.439980307576956345e-02,1.833450196477322963e-02,2.327600114012856256e-02,2.946378148486859805e-02,3.718969094277476545e-02,4.680830717301986271e-02,5.874912281370232858e-02,7.353083691714212833e-02,9.177807718113507873e-02,1.142409247901203656e-01,1.418176674573100038e-01,1.755812673113197331e-01,2.168100990639240389e-01,2.670235908515398160e-01,3.280234859989812901e-01,4.019415390354493800e-01,4.912945648923167097e-01,5.990478770036472556e-01,7.286882792627592531e-01,8.843079206504886880e-01,1.070700479819026274e+00,1.293471323780188031e+00,1.559163480130534518e+00,1.856220038952448137e+00,2.179193011018377923e+00,2.557313583487312858e+00,3.061009697771065685e+00,3.718368571519699017e+00,4.515347755157524290e+00,5.151102374764795044e+00,5.792283226282208375e+00,6.506537765208418200e+00,7.315482507618567887e+00,8.391646712110281570e+00,9.609254802922031047e+00,1.098900005085105747e+01,1.254707428129710678e+01,1.431039306273109624e+01,1.629708454228097381e+01,1.851900062132377300e+01,2.103031205177576268e+01,2.385090174540070151e+01,2.702838684071894448e+01
2.616504698748820967e+00,0.000000000000000000e+00,0.000000000000000000e+00,0.000000000000000000e+00,0.000000000000000000e+00,0.000000000000000000e+00,0.000000000000000000e+00,0.000000000000000000e+00,0.000000000000000000e+00,0.000000000000000000e+00,0.000000000000000000e+00,0.000000000000000000e+00,0.000000000000000000e+00,0.000000000000000000e+00,0.000000000000000000e+00,0.000000000000000000e+00,0.000000000000000000e+00,0.000000000000000000e+00,0.000000000000000000e+00,0.000000000000000000e+00,0.000000000000000000e+00,0.000000000000000000e+00,0.000000000000000000e+00,7.689350469489205244e-12,1.144878447698053875e-11,2.119489482466458546e-11,2.257594357671343322e-11,2.085504741340458157e-11,3.224680576108266719e-11,2.974913090106452308e-11,3.595441507838993415e-11,7.132505359924977481e-11,7.172563414655177722e-11,1.092804018925211360e-10,1.294342108802273430e-10,1.690893234623738884e-10,2.249519551079568218e-10,3.182049709050612280e-10,4.582349124360316863e-10,7.043855998385742848e-10,1.181889583936145904e-09,2.201379964228156789e-09,5.799277801818676908e-09,2.266072819074340188e-08,2.178062047508764434e-06,4.273513687713713718e-04,5.681432250260174711e-04,7.524316063431906289e-04,9.928038531491132062e-04,1.305247796197073597e-03,1.710003972724778634e-03,2.232613747172272015e-03,2.905203823826030263e-03,3.768054802233290496e-03,4.871509709358300827e-03,6.278287707327027262e-03,8.066278785855567762e-03,1.033190706659669472e-02,1.319416374058403688e-02,1.679942564161416782e-02,2.132719236873760818e-02,2.699689400491115526e-02,3.407594320413730865e-02,4.288923022146067660e-02,5.383028795192352361e-02,6.737438679973793698e-02,8.409385682235381854e-02,1.046759778328454210e-01,1.299438274185874265e-01,1.608805327749942282e-01,1.986574352864044490e-01,2.446667472989485226e-01,3.005593591977948065e-01,3.682885420217906769e-01,4.501603876066748722e-01,5.488919352609245017e-01,6.676780523905498921e-01,8.102682683064670321e-01,9.810549056483637287e-01,1.185174015915750889e+00,1.428620804530113420e+00,1.700805976555550991e+00,1.996737681648901086e+00,2.343199693704706377e+00,2.804723297353056477e+00,3.407044077083709155e+00,4.137295302841703659e+00,4.719820668347979087e+00,5.307317948535315466e+00,5.961770741358950687e+00,6.702985696333164434e+00,7.689046870302392200e+00,8.804709385789365683e+00,1.006893394675583053e+01,1.149655670022817056e+01,1.311223967913195132e+01,1.493259323155741214e+01,1.696847694541580154e+01,1.926952606689575376e+01,2.185395878912603962e+01,2.476540545338215082e+01
2.855592301990107718e+00,0.000000000000000000e+00,0.000000000000000000e+00,0.000000000000000000e+00,0.000000000000000000e+00,0.000000000000000000e+00,0.000000000000000000e+00,0.000000000000000000e+00,0.000000000000000000e+00,0.000000000000000000e+00,0.000000000000000000e+00,0.000000000000000000e+00,0.000000000000000000e+00,0.000000000000000000e+00,0.000000000000000000e+00,0.000000000000000000e+00,0.000000000000000000e+00,0.000000000000000000e+00,0.000000000000000000e+00,0.000000000000000000e+00,0.000000000000000000e+00,0.000000000000000000e+00,0.000000000000000000e+00,7.045551152285833511e-12,1.049022241659128810e-11,1.942032896627905027e-11,2.068574789405059673e-11,1.910893565295497377e-11,2.954690651558061747e-11,2.725835222769091480e-11,3.294409216883321917e-11,6.535328511387585027e-11,6.572032661469255792e-11,1.001307801655264585e-10,1.185971893505033950e-10,1.549321340582228708e-10,2.061176054867869906e-10,2.915629100688088759e-10,4.198686908786130227e-10,6.454101415052145126e-10,1.082934579847430914e-09,2.017067007821916052e-09,5.313726895549275570e-09,2.076343382310861524e-08,1.995701409301846265e-06,3.915709058424640199e-04,5.205748092285035359e-04,6.894334433217356962e-04,9.096802596400850984e-04,1.195964490239411664e-03,1.566832011136663413e-03,2.045685707969001343e-03,2.661962441405329310e-03,3.452570273535013941e-03,4.463637206072232529e-03,5.752631170377429416e-03,7.390920731191320640e-03,9.466856794629380581e-03,1.208946788350707957e-02,1.539287527037084928e-02,1.954154975310452153e-02,2.473654938985706334e-02,3.122289741633857071e-02,3.929828229399693479e-02,4.932328794381863474e-02,6.173339223319056907e-02,7.705300625661989922e-02,9.591186656964040269e-02,1.190641376842168364e-01,1.474106333910562561e-01,1.820246232300102851e-01,2.241817550387509572e-01,2.753946965909313538e-01,3.374531791613949450e-01,4.124702145129734987e-01,5.029353548525281603e-01,6.117759738019449278e-01,7.424276672105576402e-01,8.989150056787125198e-01,1.085944019150572037e+00,1.309007957886108686e+00,1.558404127303566478e+00,1.829558625214866785e+00,2.147012724614916657e+00,2.569894757420445597e+00,3.121785568031254954e+00,3.790895707504343459e+00,4.324648496698136668e+00,4.862956921553121425e+00,5.462614935177457554e+00,6.141770853591067336e+00,7.045272972274535306e+00,8.067525417749754624e+00,9.225901388205032916e+00,1.053399485795485013e+01,1.201440300411915629e+01,1.368234545514269485e+01,1.554777256800620400e+01,1.765616382337141488e+01,2.002421207612901810e+01,2.269189466928971655e+01
3.116526944929430609e+00,0.000000000000000000e+00,0.000000000000000000e+00,0.000000000000000000e+00,0.000000000000000000e+00,0.000000000000000000e+00,0.000000000000000000e+00,0.000000000000000000e+00,0.000000000000000000e+00,0.000000000000000000e+00,0.000000000000000000e+00,0.000000000000000000e+00,0.000000000000000000e+00,0.000000000000000000e+00,0.000000000000000000e+00,0.000000000000000000e+00,0.000000000000000000e+00,0.000000000000000000e+00,0.000000000000000000e+00,0.000000000000000000e+00,0.000000000000000000e+00,0.000000000000000000e+00,0.000000000000000000e+00,6.455654640329295064e-12,9.611917017986974149e-12,1.779434058429990420e-11,1.895381092188712722e-11,1.750901901829638724e-11,2.707305930108809001e-11,2.497611673564132692e-11,3.018581185265604348e-11,5.988150950678669369e-11,6.021782005463815680e-11,9.174722057133238662e-11,1.086675093561975568e-10,1.419602708930144515e-10,1.888601824830462804e-10,2.671514850506698796e-10,3.847147233783280375e-10,5.913724682237167340e-10,9.922646922089223914e-10,1.848185856215951826e-09,4.868829272436113371e-09,1.902499251117258548e-08,1.828609115908736207e-06,3.587862014882572752e-04,4.769891113123504874e-04,6.317098707223470265e-04,8.335162803347462681e-04,1.095831049154788982e-03,1.435647279351485919e-03,1.874408424246670497e-03,2.439086711004186982e-03,3.163500033659972892e-03,4.089914276298715727e-03,5.270985804581292816e-03,6.772107771744914802e-03,8.674233807209564759e-03,1.107726390091620834e-02,1.410408987449335814e-02,1.790541202754963868e-02,2.266545461139063411e-02,2.860872602208229878e-02,3.600799042753435181e-02,4.519364146373496677e-02,5.656469613511607569e-02,7.060165864106839051e-02,8.788154015205193459e-02,1.090953619275827208e-01,1.350685161339164608e-01,1.667844116393600029e-01,2.054118912646799300e-01,2.523369730120437748e-01,3.091995409387316984e-01,3.779356925759312924e-01,4.608265396364358835e-01,5.605543581690077826e-01,6.802670949854239257e-01,8.236523590902725678e-01,9.950221628996024359e-01,1.199409828259323740e+00,1.427925029352969277e+00,1.676376818979012251e+00,1.967251725084633085e+00,2.354727495025951800e+00,2.860410641094497386e+00,3.473498798914401497e+00,3.962562549339333717e+00,4.455800509823941269e+00,5.005251497346561607e+00,5.627544340226777742e+00,6.455399751245110451e+00,7.392062987460350953e+00,8.453452656952624267e+00,9.652024563599718832e+00,1.100848391103717816e+01,1.253677604759471365e+01,1.424601822568128640e+01,1.617788210646684988e+01,1.834766291722408482e+01,2.079199085399255509e+01
3.401304938279252177e+00,0.000000000000000000e+00,0.000000000000000000e+00,0.000000000000000000e+00,0.000000000000000000e+00,0.000000000000000000e+00,0.000000000000000000e+00,0.000000000000000000e+00,0.000000000000000000e+00,0.000000000000000000e+00,0.000000000000000000e+00,0.000000000000000000e+00,0.000000000000000000e+00,0.000000000000000000e+00,0.000000000000000000e+00,0.000000000000000000e+00,0.000000000000000000e+00,0.000000000000000000e+00,0.000000000000000000e+00,0.000000000000000000e+00,0.000000000000000000e+00,0.000000000000000000e+00,0.000000000000000000e+00,5.915147862021285247e-12,8.807148703972725679e-12,1.630448986625641260e-11,1.736688227579000728e-11,1.604305716188110783e-11,2.480633766292028344e-11,2.288496391790979361e-11,2.765847158678045292e-11,5.486786432485007442e-11,5.517601690254084199e-11,8.406558371611243815e-11,9.956920273025979860e-11,1.300744912249432219e-10,1.730476561829455750e-10,2.447839334157249193e-10,3.525040604345819938e-10,5.418591585149197460e-10,9.091862405420476724e-10,1.693444464596718880e-09,4.461181191676649009e-09,1.743210410829740103e-08,1.675506808382868859e-06,3.287464325303109244e-04,4.370526738466857554e-04,5.788192676661574158e-04,7.637292138865898550e-04,1.004081390452735449e-03,1.315446133382291169e-03,1.717471519305410668e-03,2.234871496029256985e-03,2.898632517252123023e-03,3.747481709471474180e-03,4.829666726273818683e-03,6.205105607286847368e-03,7.947974050354586831e-03,1.014980780898895769e-02,1.292320945201769558e-02,1.640626173087350245e-02,2.076776451899370324e-02,2.621342900029126691e-02,3.299318186300131267e-02,4.140975417289862598e-02,5.182875479727468843e-02,6.469045719344275469e-02,8.052356163758966900e-02,9.996123287497649113e-02,1.237597562057888984e-01,1.528202035102539658e-01,1.882135549596318513e-01,2.312097826758863217e-01,2.833114696216786355e-01,3.462926114349917373e-01,4.222433312439539121e-01,5.136213285878297174e-01,6.233109849725801954e-01,7.546911602868981994e-01,9.117128389692104040e-01,1.098987922463207312e+00,1.308370437250196083e+00,1.536020327788158113e+00,1.802541412763444262e+00,2.157575348103661472e+00,2.620919617117249523e+00,3.182676295255470134e+00,3.630792645787286332e+00,4.082733716054861794e+00,4.586181315904183542e+00,5.156372006731828606e+00,5.914914313805748947e+00,6.773154391352695924e+00,7.745678044499738846e+00,8.843898201258417302e+00,1.008678649933878013e+01,1.148712069745832665e+01,1.305325469604993494e+01,1.482337115066281363e+01,1.681148467885966724e+01,1.905115857326697437e+01
3.712105009066362094e+00,0.000000000000000000e+00,0.000000000000000000e+00,0.000000000000000000e+00,0.000000000000000000e+00,0.000000000000000000e+00,0.000000000000000000e+00,0.000000000000000000e+00,0.000000000000000000e+00,0.000000000000000000e+00,0.000000000000000000e+00,0.000000000000000000e+00,0.000000000000000000e+00,0.000000000000000000e+00,0.000000000000000000e+00,0.000000000000000000e+00,0.000000000000000000e+00,0.000000000000000000e+00,0.000000000000000000e+00,0.000000000000000000e+00,0.000000000000000000e+00,0.000000000000000000e+00,0.000000000000000000e+00,5.419895607642084433e-12,8.069760501337859652e-12,1.493937853664595466e-11,1.591282097432253645e-11,1.469983457270968935e-11,2.272939978460749151e-11,2.096889516762523498e-11,2.534273566173540585e-11,5.027399209482122770e-11,5.055634425934328842e-11,7.702710034726535970e-11,9.123266182390107013e-11,1.191838615198106060e-10,1.585590510223038342e-10,2.242891296191347266e-10,3.229902706392423355e-10,4.964914050672773517e-10,8.330636235285257545e-10,1.551658966022400238e-09,4.087663894407098037e-09,1.597258203723676207e-08,1.535223159785154626e-06,3.012217762364070286e-04,4.004599584904437347e-04,5.303569884676411286e-04,6.997851462596244975e-04,9.200135727410756106e-04,1.205308960437748199e-03,1.573674329174407083e-03,2.047754424322094109e-03,2.655941324694947783e-03,3.433719685570626751e-03,4.425297572724041714e-03,5.685576322076432709e-03,7.282521189664739776e-03,9.300003997457575999e-03,1.184119954047859434e-02,1.503262944006990287e-02,1.902896061478607723e-02,2.401868085362918875e-02,3.023079145823959549e-02,3.794267700326577758e-02,4.748933535185005661e-02,5.927417758231467299e-02,7.378163795928090185e-02,9.159186881398419244e-02,1.133978346288373601e-01,1.400251640507874096e-01,1.724551682594507029e-01,2.118514895654197427e-01,2.595909055217519024e-01,3.172988820323532910e-01,3.868905443697990276e-01,4.706178184788802898e-01,5.711235878545807276e-01,6.915038136286827397e-01,8.353786797261193442e-01,1.006973951074598306e+00,1.198825684739167841e+00,1.407415338047560915e+00,1.651621652326904055e+00,1.976929981315451945e+00,2.401480242277946875e+00,2.916203225274444755e+00,3.326800541962663171e+00,3.740902349524119153e+00,4.202198245882129868e+00,4.724649094588241560e+00,5.419681613507519202e+00,6.206064597517930714e+00,7.097162639185230937e+00,8.103433106582542678e+00,9.242259216206388572e+00,1.052534889488529757e+01,1.196035660355904895e+01,1.358226811298545478e+01,1.540392465147236400e+01,1.745607938809137494e+01
4.051304969235380860e+00,0.000000000000000000e+00,0.000000000000000000e+00,0.000000000000000000e+00,0.000000000000000000e+00,0.000000000000000000e+00,0.000000000000000000e+00,0.000000000000000000e+00,0.000000000000000000e+00,0.000000000000000000e+00,0.000000000000000000e+00,0.000000000000000000e+00,0.000000000000000000e+00,0.000000000000000000e+00,0.000000000000000000e+00,0.000000000000000000e+00,0.000000000000000000e+00,0.000000000000000000e+00,0.000000000000000000e+00,0.000000000000000000e+00,0.000000000000000000e+00,0.000000000000000000e+00,0.000000000000000000e+00,4.966108892449569990e-12,7.394110936219107611e-12,1.368856265310692986e-11,1.458050255305946379e-11,1.346907477076484941e-11,2.082635581231930802e-11,1.921325137885630423e-11,2.322088727157162158e-11,4.606474686505038866e-11,4.632345878434608625e-11,7.057792173244028122e-11,8.359410696521280767e-11,1.092050617534875205e-10,1.452835202489802828e-10,2.055102757903367022e-10,2.959475553246041421e-10,4.549221166276402708e-10,7.633144562688548558e-10,1.421744614111728249e-09,3.745419743276478699e-09,1.463526005531506164e-08,1.406684913811546106e-06,2.760016520351143803e-04,3.669310084358931795e-04,4.859522668459219851e-04,6.411948659571927670e-04,8.429844254419949657e-04,1.104393143317960319e-03,1.441916716793102855e-03,1.876303935049972085e-03,2.433569718906453475e-03,3.146227731886144276e-03,4.054784670880625871e-03,5.209545197134925025e-03,6.672784100943292968e-03,8.521350943820711274e-03,1.084978209770785101e-02,1.377400602217655756e-02,1.743573997807566084e-02,2.200769040716052047e-02,2.769968522546242817e-02,3.476588467932411469e-02,4.351323856769685056e-02,5.431138193309769518e-02,6.760418924904064431e-02,8.392323895535051814e-02,1.039034763217128732e-01,1.283014033293990164e-01,1.580161698012360338e-01,1.941139908167387462e-01,2.378563717155160184e-01,2.907326844825891543e-01,3.544977084227253772e-01,4.312148245065467456e-01,5.233056379043888873e-01,6.336068970003987388e-01,7.654356818424949971e-01,9.226639505464949709e-01,1.098452687001140404e+00,1.289577942385614406e+00,1.513337814665255854e+00,1.811409346356761096e+00,2.200413670219535600e+00,2.672040905881207795e+00,3.048260511060723044e+00,3.427691189764340063e+00,3.850364580322620967e+00,4.329072657645903099e+00,4.965912815209059694e+00,5.686455019796669674e+00,6.502944898776755522e+00,7.424964265589840018e+00,8.468440907830400377e+00,9.644102493288446709e+00,1.095896260475076467e+01,1.244507779087570754e+01,1.411421413402096370e+01,1.599454996038568133e+01
4.421499907374488281e+00,0.000000000000000000e+00,0.000000000000000000e+00,0.000000000000000000e+00,0.000000000000000000e+00,0.000000000000000000e+00,0.000000000000000000e+00,0.000000000000000000e+00,0.000000000000000000e+00,0.000000000000000000e+00,0.000000000000000000e+00,0.000000000000000000e+00,0.000000000000000000e+00,0.000000000000000000e+00,0.000000000000000000e+00,0.000000000000000000e+00,0.000000000000000000e+00,0.000000000000000000e+00,0.000000000000000000e+00,0.000000000000000000e+00,0.000000000000000000e+00,0.000000000000000000e+00,0.000000000000000000e+00,4.550315968612530334e-12,6.775030873351317322e-12,1.254247270382786584e-11,1.335973395558320854e-11,1.234136168561064758e-11,1.908264628769721629e-11,1.760460079542332517e-11,2.127669296938534477e-11,4.220792531730843441e-11,4.244497629688551417e-11,6.466870768357191687e-11,7.659509850539881095e-11,1.000617479624180205e-10,1.331194978769568153e-10,1.883037021327720169e-10,2.711690210645258548e-10,4.168332625394167099e-10,6.994051146791749193e-10,1.302707484066138531e-09,3.431830359761019330e-09,1.340990682579429304e-08,1.288908673721358321e-06,2.528931104447330771e-04,3.362093065666499608e-04,4.452653793343922125e-04,5.875101212527456549e-04,7.724046281410292892e-04,1.011926613873969250e-03,1.321190655285180149e-03,1.719208326383897404e-03,2.229816420157040152e-03,2.882806357923309391e-03,3.715293368867823159e-03,4.773370301197535533e-03,6.114097919961066288e-03,7.807891472692389534e-03,9.941372169713804177e-03,1.262076223293599753e-02,1.597591348982270454e-02,2.016507234552151681e-02,2.538049864323272189e-02,3.185507278339984316e-02,3.987004485577703983e-02,4.976410180278746653e-02,6.194395421991585188e-02,7.689667355800827719e-02,9.520404359636082392e-02,1.175592273566099105e-01,1.447860923546703815e-01,1.778615836409555562e-01,2.179415856343591140e-01,2.663907710139176710e-01,3.248169982589355076e-01,3.951108895010028155e-01,4.794912983566818609e-01,5.805574633346053393e-01,7.013487383108352180e-01,8.454128974533903218e-01,1.006483528789715809e+00,1.181606612156529401e+00,1.386631943259675870e+00,1.659747108435934759e+00,2.016181617840941076e+00,2.448321344967491875e+00,2.793041550308988263e+00,3.140703978515417827e+00,3.527988575010897687e+00,3.966616292550430689e+00,4.550136308154434595e+00,5.210350324923011200e+00,5.958478691617161260e+00,6.803300973818497077e+00,7.759411387603513788e+00,8.836639414988820107e+00,1.004141141883576971e+01,1.140309997804220288e+01,1.293248604679170377e+01,1.465538868995973232e+01
4.825522042741277495e+00,0.000000000000000000e+00,0.000000000000000000e+00,0.000000000000000000e+00,0.000000000000000000e+00,0.000000000000000000e+00,0.000000000000000000e+00,0.000000000000000000e+00,0.000000000000000000e+00,0.000000000000000000e+00,0.000000000000000000e+00,0.000000000000000000e+00,0.000000000000000000e+00,0.000000000000000000e+00,0.000000000000000000e+00,0.000000000000000000e+00,0.000000000000000000e+00,0.000000000000000000e+00,0.000000000000000000e+00,0.000000000000000000e+00,0.000000000000000000e+00,0.000000000000000000e+00,0.000000000000000000e+00,4.169335764201722224e-12,6.207783968999318314e-12,1.149234039488881314e-11,1.224117555032501857e-11,1.130806761765489561e-11,1.748493075903189012e-11,1.613063624969176281e-11,1.949527847145233831e-11,3.867402039157039772e-11,3.889122401740807722e-11,5.925424907405640033e-11,7.018208971947252765e-11,9.168396816528258035e-11,1.219739216439966077e-10,1.725377677614650061e-10,2.484650968123067505e-10,3.819334396121939619e-10,6.408466529383992547e-10,1.193636868532962862e-09,3.144496591955959090e-09,1.228714764184716332e-08,1.180993378746588512e-06,2.317193568909337118e-04,3.080598129437631550e-04,4.079850461869782645e-04,5.383201907880840170e-04,7.077342019229677234e-04,9.272019462109466195e-04,1.210572515932172239e-03,1.575265720171824474e-03,2.043122590231853924e-03,2.641440227945903146e-03,3.404226349152931173e-03,4.373714627696419915e-03,5.602188353372281222e-03,7.154167179741635109e-03,9.109019861112177541e-03,1.156407504714694438e-02,1.463831257837260903e-02,1.847672950578283999e-02,2.325548850594868697e-02,2.918797181189491594e-02,3.653188154057024351e-02,4.559754769799038293e-02,5.675762858813490630e-02,7.045841506942818189e-02,8.723298043497411391e-02,1.077164518707672269e-01,1.326637176796774398e-01,1.629699271142939498e-01,1.996941869004396630e-01,2.440869109975810358e-01,2.976213381671094504e-01,3.620297961252108010e-01,4.393453625312991884e-01,5.319496517937992719e-01,6.426275445458232705e-01,7.746297736648380949e-01,9.222145894062957483e-01,1.082675300190995227e+00,1.270534660163374907e+00,1.520782958033214616e+00,1.847374596484010922e+00,2.243332950116864399e+00,2.559191077483678356e+00,2.877745086873110480e+00,3.232603854974305246e+00,3.634506984893736803e+00,4.169171146012893736e+00,4.774108018776880513e+00,5.459598515917640782e+00,6.233687124241376942e+00,7.109746143047292577e+00,8.096782070169405543e+00,9.200683214177146851e+00,1.044836290252521138e+01,1.184969944216192417e+01,1.342835016838577111e+01
5.266462393484277804e+00,0.000000000000000000e+00,0.000000000000000000e+00,0.000000000000000000e+00,0.000000000000000000e+00,0.000000000000000000e+00,0.000000000000000000e+00,0.000000000000000000e+00,0.000000000000000000e+00,0.000000000000000000e+00,0.000000000000000000e+00,0.000000000000000000e+00,0.000000000000000000e+00,0.000000000000000000e+00,0.000000000000000000e+00,0.000000000000000000e+00,0.000000000000000000e+00,0.000000000000000000e+00,0.000000000000000000e+00,0.000000000000000000e+00,0.000000000000000000e+00,0.000000000000000000e+00,0.000000000000000000e+00,3.820253546030570704e-12,5.688030435011512145e-12,1.053013156741294976e-11,1.121626967663170952e-11,1.036128723093395722e-11,1.602098571859197996e-11,1.478008100516049988e-11,1.786301485979718918e-11,3.543599553883450235e-11,3.563501355243312397e-11,5.429312196109100073e-11,6.430601714083457248e-11,8.400762718726160230e-11,1.117615210280263166e-10,1.580918535691828474e-10,2.276620835654336922e-10,3.499556427078735649e-10,5.871910627515708983e-10,1.093698310133329289e-09,2.881220159585974176e-09,1.125839270427650729e-08,1.082113410422128956e-06,2.123183991193863264e-04,2.822671666054347973e-04,3.738260498963836371e-04,4.932487413020286097e-04,6.484783782006099022e-04,8.495709444444344552e-04,1.109216001844958973e-03,1.443374866830622345e-03,1.872059906358448066e-03,2.420282742416691221e-03,3.119203757467630365e-03,4.007520564605364724e-03,5.133138977738170572e-03,6.555176671537836855e-03,8.346357164146361862e-03,1.059586015708792288e-02,1.341270377300469822e-02,1.692974502547150983e-02,2.130839717739395345e-02,2.674417679986998420e-02,3.347320961694078001e-02,4.177984291387425858e-02,5.200553376866814265e-02,6.455920684723576164e-02,7.992930329546894808e-02,9.869777357782985594e-02,1.215563021445508346e-01,1.493250908934478649e-01,1.829745716759658969e-01,2.236504661688460405e-01,2.727026645993708143e-01,3.317184536421869945e-01,4.025606892957054872e-01,4.874115826850607958e-01,5.888228472522992751e-01,7.097730446927803527e-01,8.450011595684171484e-01,9.920271210266213835e-01,1.164157749663320640e+00,1.393453733818343920e+00,1.692701128477255956e+00,2.055507433868674738e+00,2.344919992453213808e+00,2.636802717375762661e+00,2.961950545194850903e+00,3.330203893946066529e+00,3.820102710680485014e+00,4.374390579060820627e+00,5.002487631103748278e+00,5.711764820118248487e+00,6.514474834951065496e+00,7.418870094508623225e+00,8.430345902255234947e+00,9.573562237731783497e+00,1.085757033578295250e+01,1.230404679531440948e+01
5.747694424835352756e+00,0.000000000000000000e+00,0.000000000000000000e+00,0.000000000000000000e+00,0.000000000000000000e+00,0.000000000000000000e+00,0.000000000000000000e+00,0.000000000000000000e+00,0.000000000000000000e+00,0.000000000000000000e+00,0.000000000000000000e+00,0.000000000000000000e+00,0.000000000000000000e+00,0.000000000000000000e+00,0.000000000000000000e+00,0.000000000000000000e+00,0.000000000000000000e+00,0.000000000000000000e+00,0.000000000000000000e+00,0.000000000000000000e+00,0.000000000000000000e+00,0.000000000000000000e+00,0.000000000000000000e+00,3.500398620151294969e-12,5.211793836767906529e-12,9.648484731303467255e-12,1.027717517339155950e-11,9.493777072424247916e-12,1.467961108526230046e-11,1.354260248248302306e-11,1.636741431257761815e-11,3.246907787487232702e-11,3.265143288659915224e-11,4.974737066700129705e-11,5.892192519553820231e-11,7.697399629247586504e-11,1.024041648751296518e-10,1.448554394159836904e-10,2.086008254612417129e-10,3.206552219869329266e-10,5.380278458105050316e-10,1.002127217349325530e-09,2.639986835807293293e-09,1.031577140426153636e-08,9.915122760960643492e-07,1.945418078552539447e-04,2.586340379230350371e-04,3.425270531045111538e-04,4.519509484492126219e-04,5.941838134303769562e-04,7.784396836026478148e-04,1.016345673271383619e-03,1.322526720108576801e-03,1.715319633657958224e-03,2.217641910373763150e-03,2.858044995457235428e-03,3.671986501824793005e-03,4.703361276475793301e-03,6.006337301810957784e-03,7.647549239506420786e-03,9.708710122584581978e-03,1.228971041157905439e-02,1.551228352061832100e-02,1.952432820980848013e-02,2.450499121049648510e-02,3.067062836102055212e-02,3.828177965774553354e-02,4.765131330961686756e-02,5.915391631556324997e-02,7.323713454983202253e-02,9.043419403479453778e-02,1.113788671800567398e-01,1.368226835782927753e-01,1.676548246078638504e-01,2.049250851391940242e-01,2.498703343570118640e-01,3.039449616150008415e-01,3.688558532461775341e-01,4.466025123513864270e-01,5.395230073608867638e-01,6.503465166192166080e-01,7.742525089867065002e-01,9.089685602680307452e-01,1.066687362883038226e+00,1.276785288811657537e+00,1.550977866536325411e+00,1.883407815353169923e+00,2.148588989460421761e+00,2.416033512514785375e+00,2.713957981173604761e+00,3.051378913659674286e+00,3.500260413656635539e+00,4.008139921199038724e+00,4.583648857399517773e+00,5.233541034401970826e+00,5.969043271216053270e+00,6.797717043907399947e+00,7.724505928229353557e+00,8.772005219839069667e+00,9.948508328998263650e+00,1.127387695755072983e+01
6.272899858196247180e+00,0.000000000000000000e+00,0.000000000000000000e+00,0.000000000000000000e+00,0.000000000000000000e+00,0.000000000000000000e+00,0.000000000000000000e+00,0.000000000000000000e+00,0.000000000000000000e+00,0.000000000000000000e+00,0.000000000000000000e+00,0.000000000000000000e+00,0.000000000000000000e+00,0.000000000000000000e+00,0.000000000000000000e+00,0.000000000000000000e+00,0.000000000000000000e+00,0.000000000000000000e+00,0.000000000000000000e+00,0.000000000000000000e+00,0.000000000000000000e+00,0.000000000000000000e+00,0.000000000000000000e+00,3.207323899401476604e-12,4.775430671006413972e-12,8.840654745310777947e-12,9.416707389322866434e-12,8.698900155165749092e-12,1.345054451702578618e-11,1.240873320887213367e-11,1.499703456455682677e-11,2.975056865240811436e-11,2.991765579040435832e-11,4.558221739493225832e-11,5.398862226446299160e-11,7.052926387298935348e-11,9.383026364810317406e-11,1.327272585820829101e-10,1.911354921365495609e-10,2.938080111864871066e-10,4.929808732289295434e-10,9.182230149280162087e-10,2.418951037131890903e-09,9.452072108353277482e-09,9.084968212950021713e-07,1.782535812278308548e-04,2.369796189079186575e-04,3.138485992107303856e-04,4.141108586814811485e-04,5.444351207550145091e-04,7.132639657346748511e-04,9.312510150045994698e-04,1.211796717260146469e-03,1.571702612517303713e-03,2.031967404657670628e-03,2.618752037760365380e-03,3.364545397139153630e-03,4.309567185496214134e-03,5.503450111385376625e-03,7.007249776215022062e-03,8.895837699530539586e-03,1.126074090329659896e-02,1.421350053778172064e-02,1.788963237688928620e-02,2.245328389503577216e-02,2.810269630026027490e-02,3.507659559144769151e-02,4.366165474296641175e-02,5.420118967304946023e-02,6.710527498585437678e-02,8.286249176911465730e-02,1.020535491410456963e-01,1.253670540533857458e-01,1.536177401965502509e-01,1.877675072119104061e-01,2.289496660526174898e-01,2.784968357256184524e-01,3.379729916301519865e-01,4.092102262728676276e-01,4.943508507356051962e-01,5.958955399071540482e-01,7.094273669143680294e-01,8.328641687746405342e-01,9.773777913374996906e-01,1.169885037559764918e+00,1.421120540428524537e+00,1.725717426502886065e+00,1.968696015423930135e+00,2.213748451914496318e+00,2.486728867072075744e+00,2.795898861223806264e+00,3.207197264397445569e+00,3.672554002107105919e+00,4.199877820248461013e+00,4.795357060622500001e+00,5.469278564481134808e+00,6.228570714997770708e+00,7.077763181613744514e+00,8.037559444029351852e+00,9.115558537619248725e+00,1.032995922141610201e+01
6.846096838574657895e+00,0.000000000000000000e+00,0.000000000000000000e+00,0.000000000000000000e+00,0.000000000000000000e+00,0.000000000000000000e+00,0.000000000000000000e+00,0.000000000000000000e+00,0.000000000000000000e+00,0.000000000000000000e+00,0.000000000000000000e+00,0.000000000000000000e+00,0.000000000000000000e+00,0.000000000000000000e+00,0.000000000000000000e+00,0.000000000000000000e+00,0.000000000000000000e+00,0.000000000000000000e+00,0.000000000000000000e+00,0.000000000000000000e+00,0.000000000000000000e+00,0.000000000000000000e+00,0.000000000000000000e+00,2.938787181680260369e-12,4.375602490779092862e-12,8.100461212548067647e-12,8.628283215967073316e-12,7.970575181224478566e-12,1.232438289772714123e-11,1.136979838610271964e-11,1.374139136672786294e-11,2.725966960172344179e-11,2.741276718549371757e-11,4.176579615728480498e-11,4.946836554206119206e-11,6.462412375686934365e-11,8.597422172240929754e-11,1.216145230150829801e-10,1.751324630355733163e-10,2.692086126103280226e-10,4.517055079248703402e-10,8.413437840493191703e-10,2.216421703577225905e-09,8.660686985037510483e-09,8.324319266654809065e-07,1.633291042724767286e-04,2.171382399189638126e-04,2.875712803814164638e-04,3.794389720086722355e-04,4.988516920383236986e-04,6.535451564610149930e-04,8.532810005041764579e-04,1.110337705571582800e-03,1.440110084279660162e-03,1.861838700953908190e-03,2.399494145884479256e-03,3.082845136763087690e-03,3.948743937489309491e-03,5.042667703556320651e-03,6.420560089055999189e-03,8.151023913290124379e-03,1.031792299773844589e-02,1.302345958730056867e-02,1.639180324880355408e-02,2.057335802900124230e-02,2.574976717295998987e-02,3.213976908299321505e-02,4.000603472369079067e-02,4.966313551079228755e-02,6.148681210162751376e-02,7.592473859550105675e-02,9.350900360161594482e-02,1.148705596980271054e-01,1.407559261016812224e-01,1.720464663495295532e-01,2.097806036898759163e-01,2.551793821390136441e-01,3.096758315373662751e-01,3.749486504333403025e-01,4.529607825594527126e-01,5.460035310516589968e-01,6.500297810926365383e-01,7.631317010834017811e-01,8.955457618039803780e-01,1.071935127307143576e+00,1.302135661637800590e+00,1.581229838731077697e+00,1.803864778307081806e+00,2.028399930286082675e+00,2.278524760230621116e+00,2.561809156902507212e+00,2.938671149331089527e+00,3.365065382836754271e+00,3.848238434874841296e+00,4.393860521529228791e+00,5.011357206964718536e+00,5.707076787860534850e+00,6.485169682106785238e+00,7.364605947816642129e+00,8.352348382778110647e+00,9.465072034926844680e+00
7.471670675868078426e+00,0.000000000000000000e+00,0.000000000000000000e+00,0.000000000000000000e+00,0.000000000000000000e+00,0.000000000000000000e+00,0.000000000000000000e+00,0.000000000000000000e+00,0.000000000000000000e+00,0.000000000000000000e+00,0.000000000000000000e+00,0.000000000000000000e+00,0.000000000000000000e+00,0.000000000000000000e+00,0.000000000000000000e+00,0.000000000000000000e+00,0.000000000000000000e+00,0.000000000000000000e+00,0.000000000000000000e+00,0.000000000000000000e+00,0.000000000000000000e+00,0.000000000000000000e+00,0.000000000000000000e+00,2.692733995721439649e-12,4.009250364277036708e-12,7.422241196648950755e-12,7.905870722854905931e-12,7.303230016018173406e-12,1.129251039744341792e-11,1.041784952296302393e-11,1.259087827535210023e-11,2.497732381108543858e-11,2.511760313142918509e-11,3.826890898128626425e-11,4.532657228065175646e-11,5.921339798560631272e-11,7.877593553925197653e-11,1.114322134442298399e-10,1.604693051303859165e-10,2.466688257100556893e-10,4.138859679347322481e-10,7.709013512517107046e-10,2.030849361015950585e-09,7.935561450754291827e-09,7.627356489197841324e-07,1.496541955493939119e-04,1.989581021877911624e-04,2.634940589449023666e-04,3.476700271454060505e-04,4.570847859785256615e-04,5.988263701134962768e-04,7.818391111421363945e-04,1.017373461120954807e-03,1.319535285064073844e-03,1.705954209907089734e-03,2.198593861928956148e-03,2.824730540222444592e-03,3.618131012398453049e-03,4.620464809135679807e-03,5.882991640615638403e-03,7.468570479712510930e-03,9.454043557302138981e-03,1.193305612302892650e-02,1.501938151029840601e-02,1.885083102178429157e-02,2.359383962226809309e-02,2.944883160097731128e-02,3.665648550736569367e-02,4.550503491973539871e-02,5.633876119601319288e-02,6.956785642963002336e-02,8.567985952631838875e-02,1.052528958662377195e-01,1.289709815246121161e-01,1.576416869078093030e-01,1.922164921366376622e-01,2.338142079754293445e-01,2.837478822665891465e-01,3.435556626779849854e-01,4.150361433212242379e-01,5.002887854594947337e-01,5.956053234105697092e-01,6.992376608724373277e-01,8.205652088611157247e-01,9.821861809188940917e-01,1.193112922565762402e+00,1.448839633010061689e+00,1.652834217636271807e+00,1.858569917294062401e+00,2.087752771011498698e+00,2.347318870295927340e+00,2.692627678308200601e+00,3.083321586086790411e+00,3.526040443426966320e+00,4.025979721340486428e+00,4.591775818275537269e+00,5.229245512796295792e+00,5.942191724494494842e+00,6.747996222523263476e+00,7.653038836775008846e+00,8.672598478474238703e+00
8.154407395185161889e+00,0.000000000000000000e+00,0.000000000000000000e+00,0.000000000000000000e+00,0.000000000000000000e+00,0.000000000000000000e+00,0.000000000000000000e+00,0.000000000000000000e+00,0.000000000000000000e+00,0.000000000000000000e+00,0.000000000000000000e+00,0.000000000000000000e+00,0.000000000000000000e+00,0.000000000000000000e+00,0.000000000000000000e+00,0.000000000000000000e+00,0.000000000000000000e+00,0.000000000000000000e+00,0.000000000000000000e+00,0.000000000000000000e+00,0.000000000000000000e+00,0.000000000000000000e+00,0.000000000000000000e+00,2.467281883123048351e-12,3.673571472118230892e-12,6.800805896816822437e-12,7.243943009523582872e-12,6.691759058055189829e-12,1.034703255607913899e-11,9.545603624401893195e-12,1.153669315674858735e-11,2.288606992963599837e-11,2.301460420974345909e-11,3.506480252651742934e-11,4.153155521110317796e-11,5.425569117490904254e-11,7.218033377633787359e-11,1.021024289306334236e-10,1.470338362328543664e-10,2.260162072349816683e-10,3.792329104868073499e-10,7.063567885430248512e-10,1.860814266744609921e-09,7.271147848605085006e-09,6.988747686114050524e-07,1.371242335852957696e-04,1.823001164647021532e-04,2.414327293294839607e-04,3.185609720988932564e-04,4.188148600225335950e-04,5.486889742785458360e-04,7.163787724680901895e-04,9.321927501871206303e-04,1.209055743401767340e-03,1.563121319160810409e-03,2.014514174999116128e-03,2.588226871896408265e-03,3.315199017742055231e-03,4.233611315971729655e-03,5.390431701207245262e-03,6.843256209748745100e-03,8.662493372256874907e-03,1.093394788695110226e-02,1.376186728988215181e-02,1.727252448097876120e-02,2.161841947471548203e-02,2.698319581647577042e-02,3.358738097970004333e-02,4.169507586963277362e-02,5.162173650920806600e-02,6.374321120811063390e-02,7.850621914147727642e-02,9.644048150676284847e-02,1.181727443816886769e-01,1.444429634529818818e-01,1.761229551228389589e-01,2.142378564949865005e-01,2.599907790384320405e-01,3.147910873174172286e-01,3.802867861752395884e-01,4.584015571739146200e-01,5.457376132501442489e-01,6.406932193856308411e-01,7.518624851028732348e-01,8.999515636841592947e-01,1.093218232117950661e+00,1.327533942734895334e+00,1.514448856611715799e+00,1.702959108750941031e+00,1.912953376212169099e+00,2.150787018619838786e+00,2.467184467252055313e+00,2.825167098302991953e+00,3.230818832847866862e+00,3.688900145379136131e+00,4.207324342395140526e+00,4.791421186283227662e+00,5.444675193013623016e+00,6.183012824017822595e+00,7.012279750920265897e+00,7.946475641314544092e+00
8.899530352885230755e+00,0.000000000000000000e+00,0.000000000000000000e+00,0.000000000000000000e+00,0.000000000000000000e+00,0.000000000000000000e+00,0.000000000000000000e+00,0.000000000000000000e+00,0.000000000000000000e+00,0.000000000000000000e+00,0.000000000000000000e+00,0.000000000000000000e+00,0.000000000000000000e+00,0.000000000000000000e+00,0.000000000000000000e+00,0.000000000000000000e+00,0.000000000000000000e+00,0.000000000000000000e+00,0.000000000000000000e+00,0.000000000000000000e+00,0.000000000000000000e+00,0.000000000000000000e+00,0.000000000000000000e+00,2.260705996381292100e-12,3.365997664053189786e-12,6.231400950303284506e-12,6.637435921324593099e-12,6.131484177938872175e-12,9.480715885884845101e-12,8.746387472131462046e-12,1.057077084555069998e-11,2.096990857730436953e-11,2.108768118357490798e-11,3.212896340538258622e-11,3.805428011571029175e-11,4.971307381452178826e-11,6.613695601834568121e-11,9.355379087711077858e-11,1.347232667318139898e-10,2.070927519350643230e-10,3.474812183508819932e-10,6.472162902694202535e-10,1.705015547577624530e-09,6.662363005361011588e-09,6.403607106779035818e-07,1.256433564547058837e-04,1.670368389002621818e-04,2.212185087773553376e-04,2.918891046715090735e-04,3.837491256686351268e-04,5.027493870014148897e-04,6.563991725780900580e-04,8.541438878737515417e-04,1.107826222761309088e-03,1.432247269138661218e-03,1.845846762126322500e-03,2.371524733073879232e-03,3.037630337203371493e-03,3.879147556601930235e-03,4.939111883956260989e-03,6.270297064140097944e-03,7.937216596218835130e-03,1.001849108577033791e-02,1.260963982934111723e-02,1.582636338956327701e-02,1.980839354963075116e-02,2.472399809730015108e-02,3.077524060098000766e-02,3.820410982742614148e-02,4.729964989742584808e-02,5.840624080794910855e-02,7.193319968033429213e-02,8.836589622271570632e-02,1.082786015087817827e-01,1.323493176223166923e-01,1.613768671792813192e-01,1.963005565529604979e-01,2.382227653826265168e-01,2.884348576357542715e-01,3.484468571392896896e-01,4.200213831027054812e-01,5.000451319181051790e-01,5.870504755916026163e-01,6.889119723826204744e-01,8.246021301377316481e-01,1.001687334393299489e+00,1.216384704670083750e+00,1.387649961998342896e+00,1.560376986140011191e+00,1.752789252813968579e+00,1.970710012176756010e+00,2.260616736761140277e+00,2.588626878671967280e+00,2.960314976007351717e+00,3.380042927302006284e+00,3.855061488772465683e+00,4.390254182593794852e+00,4.988813779807785842e+00,5.665333281362408435e+00,6.425168923602051052e+00,7.281148236568044219e+00
9.712740198471170316e+00,0.000000000000000000e+00,0.000000000000000000e+00,0.000000000000000000e+00,0.000000000000000000e+00,0.000000000000000000e+00,0.000000000000000000e+00,0.000000000000000000e+00,0.000000000000000000e+00,0.000000000000000000e+00,0.000000000000000000e+00,0.000000000000000000e+00,0.000000000000000000e+00,0.000000000000000000e+00,0.000000000000000000e+00,0.000000000000000000e+00,0.000000000000000000e+00,0.000000000000000000e+00,0.000000000000000000e+00,0.000000000000000000e+00,0.000000000000000000e+00,0.000000000000000000e+00,0.000000000000000000e+00,2.071425902744913889e-12,3.084175811033978568e-12,5.709670058605199366e-12,6.081709305521922881e-12,5.618118927796677942e-12,8.686932530821138427e-12,8.014086570397636013e-12,9.685721441224233763e-12,1.921417993969650096e-11,1.932209190509716772e-11,2.943893064059802486e-11,3.486814369854843637e-11,4.555079208411237633e-11,6.059956670367332952e-11,8.572089693795962832e-11,1.234434131892414385e-10,1.897536837234396306e-10,3.183879715281559814e-10,5.930273951980227428e-10,1.562261247366292835e-09,6.104549342057229961e-09,5.867458065407941835e-07,1.151237283771924791e-04,1.530514960213672046e-04,2.026967460525682058e-04,2.674503686518327162e-04,3.516193084541428251e-04,4.606561421480006072e-04,6.014414305951440443e-04,7.826297523185433633e-04,1.015072254968617292e-03,1.312330792760505252e-03,1.691301213729966973e-03,2.172966218939031101e-03,2.783301399438399635e-03,3.554361664974161478e-03,4.525579314319942530e-03,5.745309552571534195e-03,7.272664415196917510e-03,9.179681911182738935e-03,1.155388387901446455e-02,1.450128372458474486e-02,1.814991403400072548e-02,2.265395418959455232e-02,2.819854976548001255e-02,3.500542875301629331e-02,4.333943473637282690e-02,5.351611411886464387e-02,6.591051349608374743e-02,8.096736446402121035e-02,9.921285661970527525e-02,1.212682255774589768e-01,1.478654116519665107e-01,1.798650767582889443e-01,2.182773025890933083e-01,2.642853322447122344e-01,3.192727611479493355e-01,3.848546312781783718e-01,4.581783037930071689e-01,5.378990294649840243e-01,6.312320605106074289e-01,7.555614107097897714e-01,9.178199616558320173e-01,1.114541558694290169e+00,1.271467444164536165e+00,1.429732708415532905e+00,1.606035046637435126e+00,1.805710150968774963e+00,2.071344116484538311e+00,2.371891248842622257e+00,2.712459351813510722e+00,3.097045119184193229e+00,3.532292229639763192e+00,4.022675327095107889e+00,4.571119864328292870e+00,5.190997027247963302e+00,5.887214595425081853e+00,6.671526099853233305e+00
1.060025848806882465e+01,0.000000000000000000e+00,0.000000000000000000e+00,0.000000000000000000e+00,0.000000000000000000e+00,0.000000000000000000e+00,0.000000000000000000e+00,0.000000000000000000e+00,0.000000000000000000e+00,0.000000000000000000e+00,0.000000000000000000e+00,0.000000000000000000e+00,0.000000000000000000e+00,0.000000000000000000e+00,0.000000000000000000e+00,0.000000000000000000e+00,0.000000000000000000e+00,0.000000000000000000e+00,0.000000000000000000e+00,0.000000000000000000e+00,0.000000000000000000e+00,0.000000000000000000e+00,0.000000000000000000e+00,1.897993492931351577e-12,2.825949802327844143e-12,5.231621659098346986e-12,5.572511511266030012e-12,5.147735747314188581e-12,7.959609559378278123e-12,7.343098366321998064e-12,8.874773770777308724e-12,1.760545161148686247e-11,1.770432852900946833e-11,2.697412382488352582e-11,3.194877005387623562e-11,4.173700196514378263e-11,5.552580139391798728e-11,7.854382065073647632e-11,1.131079777789515880e-10,1.738663480501976896e-10,2.917305887636516815e-10,5.433755249098493690e-10,1.431459207800196017e-09,5.593439240645526370e-09,5.376198691652280904e-07,1.054848677195553290e-04,1.402370913422608552e-04,1.857257382638364857e-04,2.450577926589636623e-04,3.221795954905409039e-04,4.220872004724725247e-04,5.510850859479093661e-04,7.171032163432369128e-04,9.300842150484786661e-04,1.202454455132692755e-03,1.549695161189495150e-03,1.991032234578467112e-03,2.550266431447316059e-03,3.256768829001342996e-03,4.146670213470694984e-03,5.264277197271270865e-03,6.663752595748521045e-03,8.411102956430504402e-03,1.058652225570550463e-02,1.328714781056907802e-02,1.663029253817289652e-02,2.075722698264928848e-02,2.583759520147931726e-02,3.207456076630839370e-02,3.971079294120823805e-02,4.903541866015034140e-02,6.039208333040536891e-02,7.418828290641385492e-02,9.090615118300984787e-02,1.111149101400863981e-01,1.354852175852164775e-01,1.648056755689175923e-01,2.000017955842490203e-01,2.421577524028071526e-01,2.925412984003110117e-01,3.526322543917849717e-01,4.198168218564277687e-01,4.928628421734819742e-01,5.783814626394190306e-01,6.923012013786764562e-01,8.409744768552276373e-01,1.021225342021722104e+00,1.165012435299031202e+00,1.310026766396948261e+00,1.471567997628215663e+00,1.654525084444147698e+00,1.897918554315493944e+00,2.173302047772304402e+00,2.485355712101866121e+00,2.837741613512240413e+00,3.236547181390462935e+00,3.685872415172856797e+00,4.188397830889123874e+00,4.756375097215296499e+00,5.394301084485037201e+00,6.112945246394576593e+00
1.156887528316282676e+01,0.000000000000000000e+00,0.000000000000000000e+00,0.000000000000000000e+00,0.000000000000000000e+00,0.000000000000000000e+00,0.000000000000000000e+00,0.000000000000000000e+00,0.000000000000000000e+00,0.000000000000000000e+00,0.000000000000000000e+00,0.000000000000000000e+00,0.000000000000000000e+00,0.000000000000000000e+00,0.000000000000000000e+00,0.000000000000000000e+00,0.000000000000000000e+00,0.000000000000000000e+00,0.000000000000000000e+00,0.000000000000000000e+00,0.000000000000000000e+00,0.000000000000000000e+00,0.000000000000000000e+00,1.739081902198926962e-12,2.589344049942294728e-12,4.793598387125202737e-12,5.105946861846515880e-12,4.716735915479963410e-12,7.293182502910195938e-12,6.728289386922033245e-12,8.131723585117040138e-12,1.613141583024548745e-11,1.622201416920143508e-11,2.471568566817237489e-11,2.927382417544504998e-11,3.824252561452163317e-11,5.087684265983272931e-11,7.196765296191380673e-11,1.036378880550817882e-10,1.593091970133823724e-10,2.673051246625398066e-10,4.978808120195909658e-10,1.311608712723533758e-09,5.125122394088088587e-09,4.926070548765679496e-07,9.665303126176814203e-05,1.284955867755257196e-04,1.701756467501519716e-04,2.245400596963136898e-04,2.952047548435067395e-04,3.867474858187182102e-04,5.049448815883863942e-04,6.570629615937629816e-04,8.522118921564747441e-04,1.101777634606133016e-03,1.419945230996309034e-03,1.824330872969614223e-03,2.336742572212749131e-03,2.984092280218729118e-03,3.799485693439663345e-03,4.823519804482324577e-03,6.105822587462647437e-03,7.706874119188165256e-03,9.700154047256000223e-03,1.217466676006067304e-02,1.523790302186056773e-02,1.901930534525086633e-02,2.367431415259320729e-02,2.938908292225856853e-02,3.638596316753650584e-02,4.492987435215583386e-02,5.533568979406199018e-02,6.797678740114881935e-02,8.329493378650379420e-02,1.018116921942858744e-01,1.241415688702025844e-01,1.510071392915670052e-01,1.832564254847194873e-01,2.218828284972010068e-01,2.680479567440529065e-01,3.231077314165175518e-01,3.846671971470195239e-01,4.515973591492338235e-01,5.299558391478315089e-01,6.343375225848454368e-01,7.705629647082433697e-01,9.357221281269807456e-01,1.067470489024760605e+00,1.200343335908115039e+00,1.348359350051209882e+00,1.515998153738158827e+00,1.739013237901025022e+00,1.991339945773662246e+00,2.277266574169130475e+00,2.600148578778302078e+00,2.965563712273845187e+00,3.377268697134152120e+00,3.837719620238955631e+00,4.358142365842116561e+00,4.942657298867398019e+00,5.601132188666715805e+00
1.262600109874856535e+01,0.000000000000000000e+00,0.000000000000000000e+00,0.000000000000000000e+00,0.000000000000000000e+00,0.000000000000000000e+00,0.000000000000000000e+00,0.000000000000000000e+00,0.000000000000000000e+00,0.000000000000000000e+00,0.000000000000000000e+00,0.000000000000000000e+00,0.000000000000000000e+00,0.000000000000000000e+00,0.000000000000000000e+00,0.000000000000000000e+00,0.000000000000000000e+00,0.000000000000000000e+00,0.000000000000000000e+00,0.000000000000000000e+00,0.000000000000000000e+00,0.000000000000000000e+00,0.000000000000000000e+00,1.593475359014430071e-12,2.372548374160306154e-12,4.392249094902943636e-12,4.678445850366173379e-12,4.321822018153555533e-12,6.682552784022499210e-12,6.164955964881400182e-12,7.450886092723135582e-12,1.478079531447576078e-11,1.486380820795214164e-11,2.264633772772929103e-11,2.682284107994633999e-11,3.504062813612551061e-11,4.661712310408726718e-11,6.594208213880535976e-11,9.496069199918481319e-11,1.459708594426868489e-10,2.449247093822700593e-10,4.561951939561752895e-10,1.201792832040246601e-09,4.696015890100527855e-09,4.513629879248158462e-07,8.856065001593112836e-05,1.177371525803386915e-04,1.559275037350673710e-04,2.057401964710790082e-04,2.704884123699058981e-04,3.543666276060281300e-04,4.626678165382435890e-04,6.020496431461008378e-04,7.808595150655943005e-04,1.009530091502990534e-03,1.301058756279240523e-03,1.671586766034807063e-03,2.141096232715032025e-03,2.734245875103019294e-03,3.481369578838513362e-03,4.419665308713847593e-03,5.594605882180321739e-03,7.061607615158562237e-03,8.887997991010357021e-03,1.115532940791286176e-02,1.396209284777486133e-02,1.742689310659160246e-02,2.169215618656280750e-02,2.692844966153528155e-02,3.333950842002606635e-02,4.116807125256675970e-02,5.070264836257145497e-02,6.228535618232370480e-02,7.632097392981208872e-02,9.328739639347874424e-02,1.137476796083829317e-01,1.383639006260255488e-01,1.679130798967754246e-01,2.033054448739077813e-01,2.456053470315261444e-01,2.960551815692347155e-01,3.524605133892121933e-01,4.137868740341710261e-01,4.855847041937008113e-01,5.812269164891746831e-01,7.060467337847323721e-01,8.573777647674764024e-01,9.780953493824986467e-01,1.099843271158355007e+00,1.235466481875646449e+00,1.389069542520489309e+00,1.593412443710319204e+00,1.824612820706875249e+00,2.086599927960515188e+00,2.382448281947379787e+00,2.717268631868721585e+00,3.094503164485498559e+00,3.516402328104662800e+00,3.993252107485792290e+00,4.528827885471902626e+00,5.132171241583105115e+00
1.377972359833557547e+01,0.000000000000000000e+00,0.000000000000000000e+00,0.000000000000000000e+00,0.000000000000000000e+00,0.000000000000000000e+00,0.000000000000000000e+00,0.000000000000000000e+00,0.000000000000000000e+00,0.000000000000000000e+00,0.000000000000000000e+00,0.000000000000000000e+00,0.000000000000000000e+00,0.000000000000000000e+00,0.000000000000000000e+00,0.000000000000000000e+00,0.000000000000000000e+00,0.000000000000000000e+00,0.000000000000000000e+00,0.000000000000000000e+00,0.000000000000000000e+00,0.000000000000000000e+00,0.000000000000000000e+00,1.460059883652174174e-12,2.173904154550708118e-12,4.024503213179141035e-12,4.286737830814974213e-12,3.959972720816664608e-12,6.123048709315526611e-12,5.648788252598263570e-12,6.827052467491861203e-12,1.354325698546597021e-11,1.361931953322053173e-11,2.075024821742276038e-11,2.457706923728624729e-11,3.210681304238932437e-11,4.271405324877468620e-11,6.042100885382713426e-11,8.701000371766913762e-11,1.337492888414142255e-10,2.244181189631946944e-10,4.179997500697483624e-10,1.101171406634101076e-09,4.302836799666412757e-09,4.135721257980472279e-07,8.114581228190197474e-05,1.078794801096330275e-04,1.428723021499416466e-04,1.885143724518797265e-04,2.478414728285043781e-04,3.246968923276492944e-04,4.239304452139419817e-04,5.516423752347266200e-04,7.154811941494479454e-04,9.250060753088037080e-04,1.192126182291663268e-03,1.531631327290071008e-03,1.961830597970174155e-03,2.505318134789682322e-03,3.189888085481933696e-03,4.049623974363480115e-03,5.126191357278463319e-03,6.470366758204981403e-03,8.143840592980153975e-03,1.022133719563305364e-02,1.279310128238914969e-02,1.596780733237469080e-02,1.987595657425592077e-02,2.467383562433774630e-02,3.054812144372991145e-02,3.772122925100262342e-02,4.645751341577085414e-02,5.707044629610380504e-02,6.993091652518797219e-02,8.547680662518696015e-02,1.042240301459323587e-01,1.267792310102903719e-01,1.538543727776238157e-01,1.862834731075142802e-01,2.250417694773744759e-01,2.712676361835637540e-01,3.229503696180961447e-01,3.791421133319561321e-01,4.449285912691102740e-01,5.325630542473994700e-01,6.469321951864576148e-01,7.855928693159205389e-01,8.962032415132006324e-01,1.007757684760377970e+00,1.132025693136044175e+00,1.272768168747614670e+00,1.460002236001032072e+00,1.671845107387958329e+00,1.911897056212386259e+00,2.182975181680178789e+00,2.489762329899962712e+00,2.835412486763823292e+00,3.221987679321393294e+00,3.658912686955899218e+00,4.149646794433391683e+00,4.702474565093671011e+00
1.503886946955410053e+01,0.000000000000000000e+00,0.000000000000000000e+00,0.000000000000000000e+00,0.000000000000000000e+00,0.000000000000000000e+00,0.000000000000000000e+00,0.000000000000000000e+00,0.000000000000000000e+00,0.000000000000000000e+00,0.000000000000000000e+00,0.000000000000000000e+00,0.000000000000000000e+00,0.000000000000000000e+00,0.000000000000000000e+00,0.000000000000000000e+00,0.000000000000000000e+00,0.000000000000000000e+00,0.000000000000000000e+00,0.000000000000000000e+00,0.000000000000000000e+00,0.000000000000000000e+00,0.000000000000000000e+00,1.337814765563058547e-12,1.991891640500443024e-12,3.687547259486003869e-12,3.927825995613909486e-12,3.628419653503412617e-12,5.610389728052811964e-12,5.175837249196963039e-12,6.255449998008529523e-12,1.240933291287366234e-11,1.247902704023908531e-11,1.901291088481127499e-11,2.251932710983241107e-11,2.941863484108545414e-11,3.913777220583552659e-11,5.536219349625159834e-11,7.972499554882970132e-11,1.225509826679333690e-10,2.056284653598303173e-10,3.830022616922989412e-10,1.008974620634047160e-09,3.942577060608531941e-09,3.789453451278696723e-07,7.435178998466212511e-05,9.884715209825939962e-05,1.309101616627339861e-04,1.727307994766185144e-04,2.270906731849203742e-04,2.975112882368940201e-04,3.884364028688299633e-04,5.054555112173091851e-04,6.555767449904455809e-04,8.475589252464217887e-04,1.092314107757542301e-03,1.403393811438859856e-03,1.797574175473440165e-03,2.295557621082473798e-03,2.922811200439801461e-03,3.710564757337207666e-03,4.696995353173200570e-03,5.928628191661990121e-03,7.461988590788607399e-03,9.365544507607596533e-03,1.172198482031653125e-02,1.463088511786406892e-02,1.821182027015014193e-02,2.260799162480002511e-02,2.799044640923178950e-02,3.456297788344848965e-02,4.256780705699351325e-02,5.229216047030973286e-02,6.407587369823347645e-02,7.832016706760992764e-02,9.549775869941937168e-02,1.161645005874988312e-01,1.409727463598898778e-01,1.706866846311975161e-01,2.061999000494361411e-01,2.485554552721438160e-01,2.959109950602971661e-01,3.473980232875897300e-01,4.076764560725285591e-01,4.879736273442200067e-01,5.927670862880480840e-01,7.198182431141024740e-01,8.211676403592355067e-01,9.233820652682572794e-01,1.037245598095575705e+00,1.166204255287141223e+00,1.337761944524852309e+00,1.531868038729562009e+00,1.751821374366864248e+00,2.000203185916151316e+00,2.281304243050040537e+00,2.598014460726167041e+00,2.952223220513654489e+00,3.352566201785814215e+00,3.802213056890558107e+00,4.308754714998888957e+00
1.641307195375129169e+01,0.000000000000000000e+00,0.000000000000000000e+00,0.000000000000000000e+00,0.000000000000000000e+00,0.000000000000000000e+00,0.000000000000000000e+00,0.000000000000000000e+00,0.000000000000000000e+00,0.000000000000000000e+00,0.000000000000000000e+00,0.000000000000000000e+00,0.000000000000000000e+00,0.000000000000000000e+00,0.000000000000000000e+00,0.000000000000000000e+00,0.000000000000000000e+00,0.000000000000000000e+00,0.000000000000000000e+00,0.000000000000000000e+00,0.000000000000000000e+00,0.000000000000000000e+00,0.000000000000000000e+00,1.225804754310274395e-12,1.825118324186448122e-12,3.378803313266842871e-12,3.598964448191442685e-12,3.324626231065226700e-12,5.140653683311811711e-12,4.742484588239353687e-12,5.731705573365955480e-12,1.137034787922775555e-11,1.143420678919881266e-11,1.742103402937862043e-11,2.063387170306999984e-11,2.695552731348640401e-11,3.586091922287455557e-11,5.072693301317265974e-11,7.304993269377582683e-11,1.122902669836528171e-10,1.884119961506917451e-10,3.509349764848879760e-10,9.244971118487203499e-10,3.612480464060752775e-09,3.472177297176014183e-07,6.812660466960730396e-05,9.057106567446231214e-05,1.199495645319531936e-04,1.582687234918797245e-04,2.080772570427090917e-04,2.726018287204867393e-04,3.559141382203180929e-04,4.631356931403992337e-04,6.006878616609677597e-04,7.765961229228182487e-04,1.000858908838428429e-03,1.285893122511125785e-03,1.647070302437062417e-03,2.103359536872629210e-03,2.678095621064926612e-03,3.399893645818567213e-03,4.303734256117079833e-03,5.432247281871282682e-03,6.837225396707250109e-03,8.581404002741767692e-03,1.074054876098584112e-02,1.340589818478861613e-02,1.668701560667743694e-02,2.071511268409637757e-02,2.564691552739930755e-02,3.166915458196519623e-02,3.900377063715819437e-02,4.791394187571483554e-02,5.871105076555310776e-02,7.176272502078763493e-02,8.750210391829157941e-02,1.064385001329415104e-01,1.291696482684576985e-01,1.563957544079881690e-01,1.889355868430113994e-01,2.277448766639340594e-01,2.711355218485207441e-01,3.183117420629535399e-01,3.735432968283486921e-01,4.471174992038764451e-01,5.431370106493929040e-01,6.595506697649357042e-01,7.524144773618544058e-01,8.460708872310005457e-01,9.504010706578122081e-01,1.068562522574780793e+00,1.225756355771532302e+00,1.403610703952977712e+00,1.605148204876830631e+00,1.832733976329405712e+00,2.090299538577734761e+00,2.380492845274153169e+00,2.705045087439835960e+00,3.071868912703581866e+00,3.483868590787623898e+00,3.947999491977123743e+00
1.791284454622003963e+01,0.000000000000000000e+00,0.000000000000000000e+00,0.000000000000000000e+00,0.000000000000000000e+00,0.000000000000000000e+00,0.000000000000000000e+00,0.000000000000000000e+00,0.000000000000000000e+00,0.000000000000000000e+00,0.000000000000000000e+00,0.000000000000000000e+00,0.000000000000000000e+00,0.000000000000000000e+00,0.000000000000000000e+00,0.000000000000000000e+00,0.000000000000000000e+00,0.000000000000000000e+00,0.000000000000000000e+00,0.000000000000000000e+00,0.000000000000000000e+00,0.000000000000000000e+00,0.000000000000000000e+00,1.123172904327498779e-12,1.672308287033251011e-12,3.095909293196226489e-12,3.297637195183715510e-12,3.046268246732332349e-12,4.710246805068037283e-12,4.345414854993233088e-12,5.251812226172886862e-12,1.041835300917237846e-11,1.047686526173721352e-11,1.596243881283938892e-11,1.890627812199853175e-11,2.469864617012603594e-11,3.285842435655516739e-11,4.647976480731622894e-11,6.693374681089601056e-11,1.028886409946292749e-10,1.726369947437396675e-10,3.215525599673637134e-10,8.470925753112885494e-10,3.310021567772815658e-09,3.181465437702211209e-07,6.242262983535960027e-05,8.298790368035515266e-05,1.099066554395753098e-04,1.450175007100561241e-04,1.906557600591614657e-04,2.497779410728870613e-04,3.261148359153356641e-04,4.243591483334740511e-04,5.503946104007772892e-04,7.115747591984894222e-04,9.170608969408260060e-04,1.178230307874954209e-03,1.509167531546015597e-03,1.927253448452685659e-03,2.453869122469464273e-03,3.115233814480761285e-03,3.943399376531730484e-03,4.977426409181769269e-03,6.264771187547228323e-03,7.862916523268297792e-03,9.841284514135670292e-03,1.228347462871442336e-02,1.528987688912661347e-02,1.898071711261996308e-02,2.349959934374653420e-02,2.901761981616440486e-02,3.573813708277717716e-02,4.390229444378859064e-02,5.379540352783961088e-02,6.575431201472711762e-02,8.017589411942975530e-02,9.752681975348148624e-02,1.183547775341085156e-01,1.433013480207530332e-01,1.731167472300174925e-01,2.086766866165961909e-01,2.484344023549709402e-01,2.916607416941852660e-01,3.422679738477897304e-01,4.096820952852595621e-01,4.976622676276733492e-01,6.043290652171202648e-01,6.894177484831832681e-01,7.752326725253111395e-01,8.708276967055258444e-01,9.790959512236043771e-01,1.123128558009593769e+00,1.286091855461175326e+00,1.470755407668489889e+00,1.679286310332374743e+00,1.915286912865505453e+00,2.181183466091074052e+00,2.478562215159755500e+00,2.814673312583119813e+00,3.192177864909662599e+00,3.617448896404781067e+00
1.954966143091260378e+01,0.000000000000000000e+00,0.000000000000000000e+00,0.000000000000000000e+00,0.000000000000000000e+00,0.000000000000000000e+00,0.000000000000000000e+00,0.000000000000000000e+00,0.000000000000000000e+00,0.000000000000000000e+00,0.000000000000000000e+00,0.000000000000000000e+00,0.000000000000000000e+00,0.000000000000000000e+00,0.000000000000000000e+00,0.000000000000000000e+00,0.000000000000000000e+00,0.000000000000000000e+00,0.000000000000000000e+00,0.000000000000000000e+00,0.000000000000000000e+00,0.000000000000000000e+00,0.000000000000000000e+00,1.029134018757570011e-12,1.532292438150105114e-12,2.836700885803175013e-12,3.021538897535858277e-12,2.791216090500614695e-12,4.315876215641176995e-12,3.981590221467863589e-12,4.812098476785804174e-12,9.546064955675131337e-12,9.599678205600051033e-12,1.462596608352584820e-11,1.732332921180166429e-11,2.263072488038007268e-11,3.010731667209373595e-11,4.258819542633166345e-11,6.132964531159462479e-11,9.427417647214985475e-11,1.581827726633348878e-10,2.946302185585012904e-10,7.761688186484346849e-10,3.032886374921847500e-09,2.915093748100335952e-07,5.719622656170143284e-05,7.603965025666889910e-05,1.007045999462190234e-04,1.328757511162343590e-04,1.746928970534995709e-04,2.288650084977288319e-04,2.988105129396487572e-04,3.888292123486152409e-04,5.043122168651402448e-04,6.519973805981908472e-04,8.402789656675546757e-04,1.079581680695316332e-03,1.382810821676948212e-03,1.765892035793066670e-03,2.248416233851523258e-03,2.854407440309159570e-03,3.613233930679712099e-03,4.560685913820510667e-03,5.740246336068299121e-03,7.204585197495925325e-03,9.017312154474771066e-03,1.125502721820425926e-02,1.400971514589458358e-02,1.739153571613891169e-02,2.153206956706543024e-02,2.658808771216672126e-02,3.274592228605184563e-02,4.022652660114400813e-02,4.929132425647253513e-02,6.024895998971128985e-02,7.346307928609993598e-02,8.936127960604706155e-02,1.084453937354951936e-01,1.313032851965711678e-01,1.586223573455416147e-01,1.912050017333148388e-01,2.276339590352658426e-01,2.672411256157131154e-01,3.136112116494571556e-01,3.753810116941746489e-01,4.559949474336100206e-01,5.537309501881951812e-01,6.316954899513982369e-01,7.103254651836883315e-01,7.979166909235192451e-01,8.971200668656873489e-01,1.029093385383859971e+00,1.178412401690390743e+00,1.347614795078745376e+00,1.538686218780978443e+00,1.754927411546887805e+00,1.998561483683501061e+00,2.271041870223269754e+00,2.579011696692182110e+00,2.924909265568907291e+00,3.314574012659470714e+00
2.133604526501410703e+01,0.000000000000000000e+00,0.000000000000000000e+00,0.000000000000000000e+00,0.000000000000000000e+00,0.000000000000000000e+00,0.000000000000000000e+00,0.000000000000000000e+00,0.000000000000000000e+00,0.000000000000000000e+00,0.000000000000000000e+00,0.000000000000000000e+00,0.000000000000000000e+00,0.000000000000000000e+00,0.000000000000000000e+00,0.000000000000000000e+00,0.000000000000000000e+00,0.000000000000000000e+00,0.000000000000000000e+00,0.000000000000000000e+00,0.000000000000000000e+00,0.000000000000000000e+00,0.000000000000000000e+00,9.429686422129766413e-13,1.403999570065701475e-12,2.599194987140241871e-12,2.768557233238505323e-12,2.557518456303596607e-12,3.954524737152950785e-12,3.648227205159035911e-12,4.409200244228603727e-12,8.746810177936937143e-12,8.795934599601045593e-12,1.340139100200545444e-11,1.587291443847322181e-11,2.073594257287343382e-11,2.758654850146212551e-11,3.902245196787054557e-11,5.619475336817246755e-11,8.638096745748623432e-11,1.449387462090749460e-10,2.699619797666696133e-10,7.111832314440054054e-10,2.778954630611616054e-09,2.671024320902607678e-07,5.240740964496141345e-05,6.967314698570035319e-05,9.227299666036681270e-05,1.217505828486473347e-04,1.600665422931614348e-04,2.097030341817929700e-04,2.737922744074006891e-04,3.562740592947849678e-04,4.620881223641305313e-04,5.974081834855008918e-04,7.699256859589940051e-04,9.891925182225226858e-04,1.267033466183852897e-03,1.618040784714122301e-03,2.060165114087080581e-03,2.615419040914050263e-03,3.310711949571186474e-03,4.178837474352550645e-03,5.259637904133290971e-03,6.601373385355763582e-03,8.262327786016643999e-03,1.031268769720872225e-02,1.283673635127087834e-02,1.593541027828875370e-02,1.972927338288096161e-02,2.436197085317364300e-02,3.000423396106185678e-02,3.685851646010017413e-02,4.516435397123398643e-02,5.520454961233307867e-02,6.731230225080762908e-02,8.187940827984462044e-02,9.936568398396394830e-02,1.203097733659513058e-01,1.453415261807433079e-01,1.751961528649715327e-01,2.085750556882657869e-01,2.448660687259618940e-01,2.873537683545550059e-01,3.439518240171726138e-01,4.178162694073181416e-01,5.073692179378486156e-01,5.788060909410582822e-01,6.508526850975175915e-01,7.311102392160501173e-01,8.220077035016671863e-01,9.429314109131287092e-01,1.079748528505968919e+00,1.234784265586376995e+00,1.409858024387696362e+00,1.607994185681008048e+00,1.831229727420105480e+00,2.080896394192296661e+00,2.363081108539366149e+00,2.680018023385721371e+00,3.037057661358089522e+00
2.328566298498195408e+01,0.000000000000000000e+00,0.000000000000000000e+00,0.000000000000000000e+00,0.000000000000000000e+00,0.000000000000000000e+00,0.000000000000000000e+00,0.000000000000000000e+00,0.000000000000000000e+00,0.000000000000000000e+00,0.000000000000000000e+00,0.000000000000000000e+00,0.000000000000000000e+00,0.000000000000000000e+00,0.000000000000000000e+00,0.000000000000000000e+00,0.000000000000000000e+00,0.000000000000000000e+00,0.000000000000000000e+00,0.000000000000000000e+00,0.000000000000000000e+00,0.000000000000000000e+00,0.000000000000000000e+00,8.640175564990705153e-13,1.286448163331320540e-12,2.381574530817033462e-12,2.536756736763565626e-12,2.343387413319330368e-12,3.623427808258248101e-12,3.342775373693720431e-12,4.040035108901394593e-12,8.014473884695072246e-12,8.059485310176883185e-12,1.227934481476232404e-11,1.454393723577388322e-11,1.899980299607104234e-11,2.527683441576525828e-11,3.575525429854837396e-11,5.148978589499073367e-11,7.914862604072276181e-11,1.328035904223841805e-10,2.473591163734240632e-10,6.516386339351661115e-10,2.546283600616834301e-09,2.447389874683259835e-07,4.801954168658170724e-05,6.383968619667952540e-05,8.454733862436374027e-05,1.115568815187248917e-04,1.466647951567368318e-04,1.921454172208532005e-04,2.508687153865887917e-04,3.264446222023574063e-04,4.233992865715310210e-04,5.473895268842987908e-04,7.054628118990128802e-04,9.063712876983988495e-04,1.160949696996886084e-03,1.482568542092391238e-03,1.887675526177378044e-03,2.396440207861455594e-03,3.033518953745549789e-03,3.828959715058435041e-03,4.819268941260028936e-03,6.048666145003005548e-03,7.570555313393044668e-03,9.449246588061873189e-03,1.176196649510942785e-02,1.460120054272972222e-02,1.807741829015019688e-02,2.232223807428216841e-02,2.749209650367983454e-02,3.377249666892292307e-02,4.138291880788872584e-02,5.058248803665610360e-02,6.167650578133863914e-02,7.502396485159339157e-02,9.104618290826753391e-02,1.102367053931453678e-01,1.331726471983454008e-01,1.605276624588346801e-01,1.911118799661321310e-01,2.243643880602709251e-01,2.632947583514945178e-01,3.151540796131748201e-01,3.828341431499411862e-01,4.648891726629589827e-01,5.303449149783295846e-01,5.963593288734255760e-01,6.698972310854746093e-01,7.531842052946149391e-01,8.639834424307125671e-01,9.893453965168937936e-01,1.131400596155220928e+00,1.291816112127870619e+00,1.473363105602641498e+00,1.677908006315891321e+00,1.906671057076019693e+00,2.165229546146620443e+00,2.455630569543592046e+00,2.782776671507525723e+00
2.541343036702636482e+01,0.000000000000000000e+00,0.000000000000000000e+00,0.000000000000000000e+00,0.000000000000000000e+00,0.000000000000000000e+00,0.000000000000000000e+00,0.000000000000000000e+00,0.000000000000000000e+00,0.000000000000000000e+00,0.000000000000000000e+00,0.000000000000000000e+00,0.000000000000000000e+00,0.000000000000000000e+00,0.000000000000000000e+00,0.000000000000000000e+00,0.000000000000000000e+00,0.000000000000000000e+00,0.000000000000000000e+00,0.000000000000000000e+00,0.000000000000000000e+00,0.000000000000000000e+00,0.000000000000000000e+00,7.916767371889084485e-13,1.178738877292593107e-12,2.182174586323308117e-12,2.324363991561001094e-12,2.147184727198537467e-12,3.320052333548309727e-12,3.062897832451771418e-12,3.701778730172287745e-12,7.343453252304297827e-12,7.384696046728579406e-12,1.125124317746318498e-11,1.332623010966574835e-11,1.740902361302625907e-11,2.316050367983335669e-11,3.276160634412400307e-11,4.717874699337269292e-11,7.252182035605648504e-11,1.216844638881807217e-10,2.266487025540603610e-10,5.970794732810326686e-10,2.333093208269928882e-09,2.242479468205689381e-07,4.399905279445635756e-05,5.849463832209225852e-05,7.746851979646559260e-05,1.022166590336046917e-04,1.343851240253009292e-04,1.760578310324764748e-04,2.298644565334607547e-04,2.991126875074166976e-04,3.879497160673978768e-04,5.015587372680987152e-04,6.463971628022399489e-04,8.304843557048134086e-04,1.063747907951145344e-03,1.358438861842599463e-03,1.729627818548928149e-03,2.195795618222611944e-03,2.779534246078218303e-03,3.508375855610864052e-03,4.415770353685734631e-03,5.542234925669759643e-03,6.936702251167286941e-03,8.658098034537216325e-03,1.077718292612438351e-02,1.337869898332513970e-02,1.656386658013539806e-02,2.045328416358486653e-02,2.519029051528221333e-02,3.094485727571549133e-02,3.791808845867833400e-02,4.634741364517629830e-02,5.651257256395293693e-02,6.874250095721140541e-02,8.342324120169582191e-02,1.010070161047637999e-01,1.220226209800508166e-01,1.470873075298549937e-01,1.751108278200693702e-01,2.055792331357939040e-01,2.412501153972529677e-01,2.887674580026894366e-01,3.507809338522197007e-01,4.259658158562641961e-01,4.859412042227694295e-01,5.464284887771129195e-01,6.138093493221782326e-01,6.901230300989876776e-01,7.916454793584086769e-01,9.065113660895893766e-01,1.036672838046335254e+00,1.183657388677789024e+00,1.350004160637992001e+00,1.537423314782771167e+00,1.747032927750576503e+00,1.983943323216744936e+00,2.250030201833872034e+00,2.549785636939032596e+00
2.773562614198414877e+01,0.000000000000000000e+00,0.000000000000000000e+00,0.000000000000000000e+00,0.000000000000000000e+00,0.000000000000000000e+00,0.000000000000000000e+00,0.000000000000000000e+00,0.000000000000000000e+00,0.000000000000000000e+00,0.000000000000000000e+00,0.000000000000000000e+00,0.000000000000000000e+00,0.000000000000000000e+00,0.000000000000000000e+00,0.000000000000000000e+00,0.000000000000000000e+00,0.000000000000000000e+00,0.000000000000000000e+00,0.000000000000000000e+00,0.000000000000000000e+00,0.000000000000000000e+00,0.000000000000000000e+00,7.253927324644011677e-13,1.080047669579640843e-12,1.999469621285236829e-12,2.129754062330074777e-12,1.967409326562941217e-12,3.042077303810867889e-12,2.806453345882915637e-12,3.391843238432215653e-12,6.728614559685509233e-12,6.766404255828568199e-12,1.030922047943663758e-11,1.221047685072139650e-11,1.595143398179330347e-11,2.122136506021553198e-11,3.001860485413809149e-11,4.322865456081099472e-11,6.644985125894801047e-11,1.114962984408755808e-10,2.076722908885601111e-10,5.470883383028899444e-10,2.137752415778286060e-09,2.054725410668328374e-07,4.031518375258292235e-05,5.359711045400395026e-05,7.098238285321948346e-05,9.365845693919340909e-05,1.231335818523861931e-04,1.613171956749434935e-04,2.106188023325282781e-04,2.740691490774492187e-04,3.554681998061127958e-04,4.595651808719056100e-04,5.922768500780983868e-04,7.609511404778111863e-04,9.746844454996857199e-04,1.244702075466819951e-03,1.584812828906280967e-03,2.011950217321826963e-03,2.546814687141606311e-03,3.214633232056715584e-03,4.046055128724915066e-03,5.078205216647546823e-03,6.355919233061301833e-03,7.933189262979398887e-03,9.874851443543950294e-03,1.225855271028026411e-02,1.517703865014934962e-02,1.874081047268841282e-02,2.308120576251367073e-02,2.835396509774653143e-02,3.474335483765040450e-02,4.246692551067084154e-02,5.178099532938113675e-02,6.298695952953020649e-02,7.643853866568149635e-02,9.255009269373908054e-02,1.118061429586580113e-01,1.347722610857183811e-01,1.604494813470730141e-01,1.883668859487096503e-01,2.210511843972585988e-01,2.645900852804606296e-01,3.214114147233793073e-01,3.903013598676352558e-01,4.452552429415187474e-01,5.006781631324364046e-01,5.624174870895133349e-01,6.323417210889475948e-01,7.253640917301064084e-01,8.306127058787815542e-01,9.498762655730492721e-01,1.084554373194595467e+00,1.236973578888713288e+00,1.408700858414431378e+00,1.600760676215090550e+00,1.817835488501027941e+00,2.061643950826659299e+00,2.336302032752973989e+00
3.027001653763463196e+01,0.000000000000000000e+00,0.000000000000000000e+00,0.000000000000000000e+00,0.000000000000000000e+00,0.000000000000000000e+00,0.000000000000000000e+00,0.000000000000000000e+00,0.000000000000000000e+00,0.000000000000000000e+00,0.000000000000000000e+00,0.000000000000000000e+00,0.000000000000000000e+00,0.000000000000000000e+00,0.000000000000000000e+00,0.000000000000000000e+00,0.000000000000000000e+00,0.000000000000000000e+00,0.000000000000000000e+00,0.000000000000000000e+00,0.000000000000000000e+00,0.000000000000000000e+00,0.000000000000000000e+00,6.646584288690685687e-13,9.896194916754731183e-13,1.832061830203263335e-12,1.951438063263602922e-12,1.802685818884807090e-12,2.787376038880305462e-12,2.571479955736144781e-12,3.107857436298710176e-12,6.165253912197950279e-12,6.199879624507685585e-12,9.446069666907573091e-12,1.118814125938448233e-11,1.461588264405132420e-11,1.944458295227269531e-11,2.750526417794236006e-11,3.960928795757182753e-11,6.088626444644337181e-11,1.021611483405176779e-10,1.902847001412499947e-10,5.012827660316177450e-10,1.958766745780680784e-09,1.882691267904568742e-07,3.693975069411737592e-05,4.910963348813042890e-05,6.503930485258741336e-05,8.581679971898613498e-05,1.128240874112207339e-04,1.478107362098970642e-04,1.929845116769117995e-04,2.511224084206545542e-04,3.257062341848618661e-04,4.210875811279792902e-04,5.426878200047983601e-04,6.972396700995743503e-04,8.930779193059159389e-04,1.140488026505621748e-03,1.452122633395815966e-03,1.843497474622869800e-03,2.333579828991850982e-03,2.945484532427361263e-03,3.707294717221218915e-03,4.653026904894320276e-03,5.823762911317200211e-03,7.268974274858231756e-03,9.048068655834620375e-03,1.123219191477548354e-02,1.390632441246362518e-02,1.717171552324776168e-02,2.114870644815689329e-02,2.597999821427970230e-02,3.183442927747630324e-02,3.891133550915117090e-02,4.744557459788453779e-02,5.771330713213573826e-02,7.003863802436524622e-02,8.480123448786563989e-02,1.024450507855881182e-01,1.234883054370296135e-01,1.470156722175818831e-01,1.725956614429861313e-01,2.025434310900529611e-01,2.424369896557715121e-01,2.945008908551614013e-01,3.576229496451625023e-01,4.079757584747359389e-01,4.587583337733365796e-01,5.153284649922387217e-01,5.793982156665301586e-01,6.646321861117234775e-01,7.610687443924314399e-01,8.703468315031462899e-01,9.937488665782483466e-01,1.133406606795676730e+00,1.290755831147224253e+00,1.466735229665020013e+00,1.665635214768054873e+00,1.889030545685973284e+00,2.140692577905594973e+00
3.303599120128339450e+01,0.000000000000000000e+00,0.000000000000000000e+00,0.000000000000000000e+00,0.000000000000000000e+00,0.000000000000000000e+00,0.000000000000000000e+00,0.000000000000000000e+00,0.000000000000000000e+00,0.000000000000000000e+00,0.000000000000000000e+00,0.000000000000000000e+00,0.000000000000000000e+00,0.000000000000000000e+00,0.000000000000000000e+00,0.000000000000000000e+00,0.000000000000000000e+00,0.000000000000000000e+00,0.000000000000000000e+00,0.000000000000000000e+00,0.000000000000000000e+00,0.000000000000000000e+00,0.000000000000000000e+00,6.090091715777960593e-13,9.067625123298376812e-13,1.678670440379205691e-12,1.788051767154611190e-12,1.651753967887080756e-12,2.553999917224689427e-12,2.356179970870835298e-12,2.847648657495648497e-12,5.649061253948347612e-12,5.680787890447826601e-12,8.655187104597396680e-12,1.025140183878617898e-11,1.339215180958073207e-11,1.781656387866567752e-11,2.520235571154832064e-11,3.629295680018988869e-11,5.578849505314791094e-11,9.360759393988092109e-11,1.743529045349400482e-10,4.593123156304395427e-10,1.794766847675107585e-09,1.725060872776769291e-07,3.384692947743594369e-05,4.499787546211519908e-05,5.959381758787970530e-05,7.863169386604248979e-05,1.033777667203311418e-04,1.354351199046123283e-04,1.768266713831950960e-04,2.300969088394885580e-04,2.984361218380350632e-04,3.858315607022356716e-04,4.972506859633732054e-04,6.388625125856408401e-04,8.183039891878950492e-04,1.044999413305277387e-03,1.330542070305954297e-03,1.689148622904164572e-03,2.138198293645561000e-03,2.698870603418114435e-03,3.396897393404446890e-03,4.263447114483377709e-03,5.336161962350519442e-03,6.660371416464461007e-03,8.290509165504543823e-03,1.029176430465120889e-02,1.274200212060333341e-02,1.573399477258833473e-02,1.937800776234677169e-02,2.380479431667283444e-02,2.916905670618814492e-02,3.565344118743130064e-02,4.347314173094189715e-02,5.288119707646211226e-02,6.417457609652650607e-02,7.770115794981213853e-02,9.386772634078260902e-02,1.131491113739656190e-01,1.347066235186790695e-01,1.581449000386044301e-01,1.855852597650221036e-01,2.221386863043318394e-01,2.698434801673985084e-01,3.276805752259736026e-01,3.738175398080543776e-01,4.203482881893106926e-01,4.721820230120093997e-01,5.308874634105279489e-01,6.089851260241454511e-01,6.973474274972186748e-01,7.974760866885889365e-01,9.105461507814742728e-01,1.038510893241691546e+00,1.182685880887295982e+00,1.343931210896032846e+00,1.526178076192759692e+00,1.730869387560255435e+00,1.961460739603198222e+00
3.605471154250503929e+01,0.000000000000000000e+00,0.000000000000000000e+00,0.000000000000000000e+00,0.000000000000000000e+00,0.000000000000000000e+00,0.000000000000000000e+00,0.000000000000000000e+00,0.000000000000000000e+00,0.000000000000000000e+00,0.000000000000000000e+00,0.000000000000000000e+00,0.000000000000000000e+00,0.000000000000000000e+00,0.000000000000000000e+00,0.000000000000000000e+00,0.000000000000000000e+00,0.000000000000000000e+00,0.000000000000000000e+00,0.000000000000000000e+00,0.000000000000000000e+00,0.000000000000000000e+00,0.000000000000000000e+00,5.580192095012693701e-13,8.308428246241032974e-13,1.538121913216363459e-12,1.638345168218057454e-12,1.513459051959766720e-12,2.340163467791015932e-12,2.158906213812435912e-12,2.609226144618227204e-12,5.176087393209033089e-12,5.205157682206005189e-12,7.930522053847357171e-12,9.393091955477354776e-12,1.227087918387549231e-11,1.632485249088220912e-11,2.309226078696503027e-11,3.325428911298199139e-11,5.111754200379285237e-11,8.577019528017992323e-11,1.597550160218059201e-10,4.208558873067062590e-10,1.644498021243368811e-09,1.580628255687108689e-07,3.101305811554814996e-05,4.123037889487438183e-05,5.460425972797272511e-05,7.204816889571224743e-05,9.472234960901044826e-05,1.240956656729549467e-04,1.620216640224877514e-04,2.108317923138127586e-04,2.734492296121547464e-04,3.535273893263520461e-04,4.556178258964040128e-04,5.853730467300431554e-04,7.497905885314468458e-04,9.575056891691016573e-04,1.219140973454891199e-03,1.547722798395874877e-03,1.959175292033583579e-03,2.472904696597345506e-03,3.112488426592328796e-03,3.906485320099279020e-03,4.889385938617517476e-03,6.102724501129423891e-03,7.596377175917304672e-03,9.430075029537101500e-03,1.167516399199956985e-02,1.441664877156170928e-02,1.775556276966987548e-02,2.181171175553178743e-02,2.672684538217265371e-02,3.266831764760861484e-02,3.983330517073825627e-02,4.845366074477702734e-02,5.880148919709375643e-02,7.119554312155169928e-02,8.600854780997969906e-02,1.036755776946551993e-01,1.234281634474140021e-01,1.449040445114649078e-01,1.700469299680101853e-01,2.035398807049971226e-01,2.472505382833107002e-01,3.002451590060514763e-01,3.425192555326782573e-01,3.851541658772005827e-01,4.326480642963739243e-01,4.864383271913237383e-01,5.579971771880196663e-01,6.389612478767622283e-01,7.307065250548302471e-01,8.343096737888716641e-01,9.515604275774989240e-01,1.083664205961365701e+00,1.231409093536926180e+00,1.398397139781764720e+00,1.585950446187885499e+00,1.797235283904643488e+00
3.934927263095849526e+01,0.000000000000000000e+00,0.000000000000000000e+00,0.000000000000000000e+00,0.000000000000000000e+00,0.000000000000000000e+00,0.000000000000000000e+00,0.000000000000000000e+00,0.000000000000000000e+00,0.000000000000000000e+00,0.000000000000000000e+00,0.000000000000000000e+00,0.000000000000000000e+00,0.000000000000000000e+00,0.000000000000000000e+00,0.000000000000000000e+00,0.000000000000000000e+00,0.000000000000000000e+00,0.000000000000000000e+00,0.000000000000000000e+00,0.000000000000000000e+00,0.000000000000000000e+00,0.000000000000000000e+00,5.112984380279478837e-13,7.612795961929439779e-13,1.409340965926543869e-12,1.501172918776773331e-12,1.386743029828486825e-12,2.144230710052089082e-12,1.978149418830389066e-12,2.390765818612825474e-12,4.742713788669153010e-12,4.769350135777090369e-12,7.266530380741530053e-12,8.606645010269182578e-12,1.124348634082448542e-11,1.495803627815027598e-11,2.115883587853868066e-11,3.047003721680804639e-11,4.683766963099116383e-11,7.858899143508482968e-11,1.463793517647591689e-10,3.856192657007364829e-10,1.506810617421715628e-09,1.448288418167475340e-07,2.841645574732435374e-05,3.777832011749370720e-05,5.003245808246915138e-05,6.601585678757472303e-05,8.679161680600543062e-05,1.137056197067637793e-04,1.484562221709653980e-04,1.931796688379774354e-04,2.505543923937663515e-04,3.239279201951036045e-04,4.174707227851999903e-04,5.363620451780364137e-04,6.870135476282603288e-04,8.773374732253222700e-04,1.117067055846470260e-03,1.418138006444839231e-03,1.795141187944070127e-03,2.265858033619042814e-03,2.851891913038349848e-03,3.579410544183650716e-03,4.480016728394117451e-03,5.591767186529559251e-03,6.960362149878347032e-03,8.640531635815856468e-03,1.069764805796697207e-02,1.320959901198574642e-02,1.626895876676578631e-02,1.998550222184396208e-02,2.448911088478982270e-02,2.993312685624513469e-02,3.649821792603131360e-02,4.439682475748933654e-02,5.387826990232474217e-02,6.523461804323060775e-02,7.880738763742266284e-02,9.499522603227116002e-02,1.130940048385152691e-01,1.327717941625371489e-01,1.558095639069458638e-01,1.864982805410449473e-01,2.265492152838485818e-01,2.751068031554884108e-01,3.138414544991672828e-01,3.529067101273721252e-01,3.964241297145666421e-01,4.457107437432866193e-01,5.112782503943343881e-01,5.854635153004240644e-01,6.695273183360086477e-01,7.644561796019792022e-01,8.718899851931972700e-01,9.929332295747468340e-01,1.128308014094287604e+00,1.281314802678920506e+00,1.453165002420491403e+00,1.646759784937241067e+00
4.294487988789274624e+01,0.000000000000000000e+00,0.000000000000000000e+00,0.000000000000000000e+00,0.000000000000000000e+00,0.000000000000000000e+00,0.000000000000000000e+00,0.000000000000000000e+00,0.000000000000000000e+00,0.000000000000000000e+00,0.000000000000000000e+00,0.000000000000000000e+00,0.000000000000000000e+00,0.000000000000000000e+00,0.000000000000000000e+00,0.000000000000000000e+00,0.000000000000000000e+00,0.000000000000000000e+00,0.000000000000000000e+00,0.000000000000000000e+00,0.000000000000000000e+00,0.000000000000000000e+00,0.000000000000000000e+00,4.684894144835431824e-13,6.975406254990469208e-13,1.291342344954528017e-12,1.375485566646381853e-12,1.270636445887148838e-12,1.964702637747987583e-12,1.812526685125828123e-12,2.190596323448906574e-12,4.345624865365199147e-12,4.370031055043204993e-12,6.658132140068059807e-12,7.886044199705375664e-12,1.030211309246881717e-11,1.370565825470246179e-11,1.938728909503951355e-11,2.791889987000878698e-11,4.291613427537454244e-11,7.200904177270843072e-11,1.341235796949650483e-10,3.533328689571255533e-10,1.380651242777509673e-09,1.327028878960685656e-07,2.603725676555619265e-05,3.461528875441050528e-05,4.584343555328279998e-05,6.048860663906386687e-05,7.952489332131105473e-05,1.041854917557921803e-04,1.360265618443229395e-04,1.770054887965096598e-04,2.295764505785940471e-04,2.968066991411009601e-04,3.825175277984505309e-04,4.914545435848150737e-04,6.294925834548168462e-04,8.038814292511796281e-04,1.023539389149791343e-03,1.299402843589141316e-03,1.644841019461983425e-03,2.076146580003817611e-03,2.613114128928078431e-03,3.279720463275027139e-03,4.104922405116197097e-03,5.123590334540253054e-03,6.377598180755016805e-03,7.917093630293145848e-03,9.801975719616837571e-03,1.210361081985022839e-02,1.490682231750216184e-02,1.831219408802387330e-02,2.243873316704838444e-02,2.742694291934719142e-02,3.344236452551909572e-02,4.067965182093464388e-02,4.936725255269938661e-02,5.977277796702395313e-02,7.220915251302929827e-02,8.704164635088894320e-02,1.036250850144371238e-01,1.216553298051274712e-01,1.427642369635232500e-01,1.708835070763229935e-01,2.075811332993646452e-01,2.520731837708238832e-01,2.875647338686796450e-01,3.233592080440676475e-01,3.632330838588908040e-01,4.083931219713664573e-01,4.684709170817363266e-01,5.364449391679543266e-01,6.134704079241256602e-01,7.004512459716948358e-01,7.988900381403057915e-01,9.097988038823222601e-01,1.033839185816617823e+00,1.174035312901410277e+00,1.331497165838672281e+00,1.508883012465067175e+00
4.686904192314192130e+01,0.000000000000000000e+00,0.000000000000000000e+00,0.000000000000000000e+00,0.000000000000000000e+00,0.000000000000000000e+00,0.000000000000000000e+00,0.000000000000000000e+00,0.000000000000000000e+00,0.000000000000000000e+00,0.000000000000000000e+00,0.000000000000000000e+00,0.000000000000000000e+00,0.000000000000000000e+00,0.000000000000000000e+00,0.000000000000000000e+00,0.000000000000000000e+00,0.000000000000000000e+00,0.000000000000000000e+00,0.000000000000000000e+00,0.000000000000000000e+00,0.000000000000000000e+00,0.000000000000000000e+00,4.292646234744335576e-13,6.391382701635994139e-13,1.183223288181615162e-12,1.260321526179793710e-12,1.164251013265528990e-12,1.800205750565025782e-12,1.660770896788817326e-12,2.007186239216094730e-12,3.981782648490676028e-12,4.004145403120092381e-12,6.100672710609853976e-12,7.225776483810357572e-12,9.439557353723312707e-12,1.255813695739497398e-11,1.776406701258448405e-11,2.558135930078890085e-11,3.932293377643438056e-11,6.598000562593772594e-11,1.228939356084955960e-10,3.237496862575318073e-10,1.265054700400739165e-09,1.215921927915339749e-07,2.385725883282735892e-05,3.171708566777613772e-05,4.200514353829796897e-05,5.542413158264215150e-05,7.286658424513078013e-05,9.546244697834009823e-05,1.246375884863801839e-04,1.621855097513859518e-04,2.103549099926971071e-04,2.719562321209494787e-04,3.504908274689331766e-04,4.503069719073575267e-04,5.767876252114816993e-04,7.365755732731050403e-04,9.378424291165512496e-04,1.190608912711078491e-03,1.507124897737586403e-03,1.902318926299620622e-03,2.394328277164173378e-03,3.005122263693333056e-03,3.761233266212611094e-03,4.694612103921779953e-03,5.843626765294186731e-03,7.254226266704699028e-03,8.981294531969977527e-03,1.109022270437361006e-02,1.365873223918409075e-02,1.677898551635779653e-02,2.056002557670310454e-02,2.513059198638932165e-02,3.064236580877108262e-02,3.727370327296471164e-02,4.523392508742837825e-02,5.476823645272943519e-02,6.616336187464127994e-02,7.975398886781388808e-02,9.494896090718626946e-02,1.114696036409388719e-01,1.308111443527916751e-01,1.565760976776247870e-01,1.902011748213749132e-01,2.309680794787422609e-01,2.634880605461378256e-01,2.962856030398178242e-01,3.328209947881785036e-01,3.741999590873257842e-01,4.292476747879181986e-01,4.915304971843421633e-01,5.621069239324455458e-01,6.418051957389520057e-01,7.320020918675862465e-01,8.336248993300443555e-01,9.472798639899145945e-01,1.075737916285440132e+00,1.220016102564662530e+00,1.382550124268685066e+00
5.115178099293142822e+01,0.000000000000000000e+00,0.000000000000000000e+00,0.000000000000000000e+00,0.000000000000000000e+00,0.000000000000000000e+00,0.000000000000000000e+00,0.000000000000000000e+00,0.000000000000000000e+00,0.000000000000000000e+00,0.000000000000000000e+00,0.000000000000000000e+00,0.000000000000000000e+00,0.000000000000000000e+00,0.000000000000000000e+00,0.000000000000000000e+00,0.000000000000000000e+00,0.000000000000000000e+00,0.000000000000000000e+00,0.000000000000000000e+00,0.000000000000000000e+00,0.000000000000000000e+00,0.000000000000000000e+00,3.933239711932062805e-13,5.856257162017816213e-13,1.084156618239458677e-12,1.154799721544822688e-12,1.066772817887672207e-12,1.649481546012500370e-12,1.521721028581301372e-12,1.839132365818753440e-12,3.648403521017920320e-12,3.668893929443540716e-12,5.589887184425770446e-12,6.620790407938291923e-12,8.649220041990291589e-12,1.150669314161395078e-11,1.627675098259780927e-11,2.343953188424300407e-11,3.603057793751738873e-11,6.045575715532857355e-11,1.126045058124258950e-10,2.966433880357977794e-10,1.159136605553253822e-09,1.114117528431841278e-07,2.185978362242266648e-05,2.906153781914860642e-05,3.848821673982647976e-05,5.078368526522189117e-05,6.676574941257911410e-05,8.746974870986057445e-05,1.142021694371640625e-04,1.486063497361760479e-04,1.927427140132008648e-04,2.491863977580348788e-04,3.211455978158057043e-04,4.126045258820129126e-04,5.284954475098748881e-04,6.749049740432316391e-04,8.593205412268843874e-04,1.090923873239784672e-03,1.380939209628599066e-03,1.743045183905601826e-03,2.193860511243572817e-03,2.753515100103228006e-03,3.446319878113245517e-03,4.301550547027975339e-03,5.354362693326654432e-03,6.646858201498862147e-03,8.229325778532631600e-03,1.016168162238760726e-02,1.251513987408871265e-02,1.537414651706141104e-02,1.883861484370466174e-02,2.302650555854975772e-02,2.807680006125310573e-02,3.415292150966840745e-02,4.144666500593421204e-02,5.018270567576611774e-02,6.062376170063551312e-02,7.307649851526987206e-02,8.699925482423841172e-02,1.021366885920382411e-01,1.198588375550871526e-01,1.434665918519760497e-01,1.742763724642500955e-01,2.116300232340427578e-01,2.414272331532471005e-01,2.714787653633325415e-01,3.049551912920595020e-01,3.428696563375860373e-01,3.933084415540928358e-01,4.503765662083055177e-01,5.150439040767469390e-01,5.880693505028897761e-01,6.707144123937829328e-01,7.638287386371550580e-01,8.679678164955151320e-01,9.856705772114349173e-01,1.117868913809924036e+00,1.266794595952553504e+00
5.582586268862694823e+01,0.000000000000000000e+00,0.000000000000000000e+00,0.000000000000000000e+00,0.000000000000000000e+00,0.000000000000000000e+00,0.000000000000000000e+00,0.000000000000000000e+00,0.000000000000000000e+00,0.000000000000000000e+00,0.000000000000000000e+00,0.000000000000000000e+00,0.000000000000000000e+00,0.000000000000000000e+00,0.000000000000000000e+00,0.000000000000000000e+00,0.000000000000000000e+00,0.000000000000000000e+00,0.000000000000000000e+00,0.000000000000000000e+00,0.000000000000000000e+00,0.000000000000000000e+00,0.000000000000000000e+00,3.603924895162205972e-13,5.365935596206173823e-13,9.933844140937882960e-13,1.058112845951468547e-12,9.774560915279718664e-13,1.511376891103598191e-12,1.394313263379030063e-12,1.685148987631104053e-12,3.342936927313583110e-12,3.361711753778675766e-12,5.121867737678371494e-12,6.066457456034168795e-12,7.925054590113708845e-12,1.054328261464757027e-11,1.491396212150147071e-11,2.147703132161163978e-11,3.301387820889161689e-11,5.539403245802798999e-11,1.031765698321741495e-10,2.718065944173859291e-10,1.062086619580876722e-09,1.020836814158926315e-07,2.002954921885749366e-05,2.662832863209347534e-05,3.526574850199602247e-05,4.653176541470263318e-05,6.117571368004925828e-05,8.014624788637691316e-05,1.046404673144002309e-04,1.361641198141744571e-04,1.766051184945683858e-04,2.283229927969071711e-04,2.942573297602570494e-04,3.780587585780150373e-04,4.842465854503268607e-04,6.183978134982323410e-04,7.873729846815198576e-04,9.995850732332756637e-04,1.265318556910799896e-03,1.597106810605315123e-03,2.010177129300926013e-03,2.522974022753505553e-03,3.157772959462897683e-03,3.941398500885595624e-03,4.906062793393507239e-03,6.090342694935293663e-03,7.540316435248613225e-03,9.310883662782343598e-03,1.146729603635319138e-02,1.408692920663411931e-02,1.726133111583212643e-02,2.109858607887506524e-02,2.572603912501877227e-02,3.129343062865443809e-02,3.797649743624741808e-02,4.598110350173720967e-02,5.554797063817380059e-02,6.695808837979463912e-02,7.971514661831247128e-02,9.358518211071956139e-02,1.098235246785392027e-01,1.314546938064532766e-01,1.596848916828287890e-01,1.939110669973060086e-01,2.212134727745131701e-01,2.487489074293452729e-01,2.794224828129135418e-01,3.141625176116597529e-01,3.603782601132060059e-01,4.126682933236430761e-01,4.719212872718459018e-01,5.388325979547722300e-01,6.145581112275204649e-01,6.998763381910897419e-01,7.952962573265603963e-01,9.031442250684132977e-01,1.024274110674164406e+00,1.160730826438175711e+00
6.092704661368677677e+01,0.000000000000000000e+00,0.000000000000000000e+00,0.000000000000000000e+00,0.000000000000000000e+00,0.000000000000000000e+00,0.000000000000000000e+00,0.000000000000000000e+00,0.000000000000000000e+00,0.000000000000000000e+00,0.000000000000000000e+00,0.000000000000000000e+00,0.000000000000000000e+00,0.000000000000000000e+00,0.000000000000000000e+00,0.000000000000000000e+00,0.000000000000000000e+00,0.000000000000000000e+00,0.000000000000000000e+00,0.000000000000000000e+00,0.000000000000000000e+00,0.000000000000000000e+00,0.000000000000000000e+00,3.302182323281255911e-13,4.916666742263003332e-13,9.102122124817401100e-13,9.695211852578021169e-13,8.956175062249680413e-13,1.384835200177903043e-12,1.277572853315414421e-12,1.544058036980895561e-12,3.063045859817294132e-12,3.080248743306604745e-12,4.693033733374967399e-12,5.558536639635544000e-12,7.261520686416691811e-12,9.660534692657846859e-12,1.366527425524826108e-11,1.967884327500443202e-11,3.024975497982885794e-11,5.075610622288931754e-11,9.453799815139180913e-11,2.490492886356257305e-10,9.731622503236605448e-10,9.353661301864163159e-08,1.835255320181310357e-05,2.439884255786234241e-05,3.231308495826251892e-05,4.263584222572578048e-05,5.605370983162003722e-05,7.343591521648504023e-05,9.587932920837138710e-05,1.247636292640555877e-04,1.618186608929061444e-04,2.092063993410955402e-04,2.696203114927926974e-04,3.464053736008247436e-04,4.437025079878653970e-04,5.666217770605711706e-04,7.214493163647060087e-04,9.158937146214193121e-04,1.159378370387081220e-03,1.463387287968331927e-03,1.841872840344808320e-03,2.311735250426035903e-03,2.893384948635172298e-03,3.611400580545634422e-03,4.495297295179270444e-03,5.580422060664300653e-03,6.908995156322319045e-03,8.531319697211464659e-03,1.050718407531475197e-02,1.290748557993130936e-02,1.581610720121294153e-02,1.933208377605589653e-02,2.357209823121340225e-02,2.867335376369432864e-02,3.479687345939208587e-02,4.213128508649693904e-02,5.089715575975339856e-02,6.135194885589042441e-02,7.304090837578824935e-02,8.574965990604148380e-02,1.006284293994956919e-01,1.204485051236015153e-01,1.463150986631163164e-01,1.776756498412798424e-01,2.026921316945976270e-01,2.279221318267064533e-01,2.560275284068134205e-01,2.878589156192908893e-01,3.302051942975138821e-01,3.781171870205262686e-01,4.324091589425549387e-01,4.937182466156473382e-01,5.631035580815828556e-01,6.412784227439932705e-01,7.287092043013586595e-01,8.275274824394563966e-01,9.385156352739757457e-01,1.063547362570460564e+00
6.649435996665044968e+01,0.000000000000000000e+00,0.000000000000000000e+00,0.000000000000000000e+00,0.000000000000000000e+00,0.000000000000000000e+00,0.000000000000000000e+00,0.000000000000000000e+00,0.000000000000000000e+00,0.000000000000000000e+00,0.000000000000000000e+00,0.000000000000000000e+00,0.000000000000000000e+00,0.000000000000000000e+00,0.000000000000000000e+00,0.000000000000000000e+00,0.000000000000000000e+00,0.000000000000000000e+00,0.000000000000000000e+00,0.000000000000000000e+00,0.000000000000000000e+00,0.000000000000000000e+00,0.000000000000000000e+00,3.025703479789195213e-13,4.505013416777929284e-13,8.340036948402181831e-13,8.883469587012333282e-13,8.206309464016229222e-13,1.268888351370405343e-12,1.170606662360060154e-12,1.414780081206210725e-12,2.806588979494607707e-12,2.822351532661052854e-12,4.300104327289527991e-12,5.093142051699040911e-12,6.653541887905279544e-12,8.851695810410131356e-12,1.252113415266947295e-11,1.803121049846880685e-11,2.771706100536929924e-11,4.650649545799351235e-11,8.662270037674341831e-11,2.281973632864288718e-10,8.916831715936092793e-10,8.570515731456606594e-08,1.681596551899797854e-05,2.235602265498076689e-05,2.960763641414825473e-05,3.906610948663054501e-05,5.136055138351641009e-05,6.728741252276945154e-05,8.785172701710760408e-05,1.143176573122336109e-04,1.482702157014701826e-04,1.916903636779012190e-04,2.470460546512066348e-04,3.174022030619477307e-04,4.065530279612401300e-04,5.191807461657484916e-04,6.610451796153907818e-04,8.392095069703537670e-04,1.062308142388338405e-03,1.340863579296656949e-03,1.687660012916200993e-03,2.118182676423240041e-03,2.651133114526540123e-03,3.309032098691590002e-03,4.118923589656803448e-03,5.113195091804217073e-03,6.330531945177103603e-03,7.817025581251725586e-03,9.627458543196154919e-03,1.182679216686021231e-02,1.449188624687365763e-02,1.771348381959300666e-02,2.159849840551654118e-02,2.627264571322314446e-02,3.188346699380580768e-02,3.860379694829674246e-02,4.663573546739682718e-02,5.621518952371471617e-02,6.692547806384799292e-02,7.857017540771063513e-02,9.220320357636495323e-02,1.103638216819463058e-01,1.340647062548592783e-01,1.627995608263022587e-01,1.857215102480573865e-01,2.088391008960955031e-01,2.345913422650049429e-01,2.637576116064289655e-01,3.025584015717470709e-01,3.464589100577850078e-01,3.962052269740081734e-01,4.523811439145509761e-01,5.159570939366350251e-01,5.875866821557582664e-01,6.676972254573002585e-01,7.582418346756425453e-01,8.599373824590523796e-01,9.745006910013608303e-01
7.257039612324216193e+01,0.000000000000000000e+00,0.000000000000000000e+00,0.000000000000000000e+00,0.000000000000000000e+00,0.000000000000000000e+00,0.000000000000000000e+00,0.000000000000000000e+00,0.000000000000000000e+00,0.000000000000000000e+00,0.000000000000000000e+00,0.000000000000000000e+00,0.000000000000000000e+00,0.000000000000000000e+00,0.000000000000000000e+00,0.000000000000000000e+00,0.000000000000000000e+00,0.000000000000000000e+00,0.000000000000000000e+00,0.000000000000000000e+00,0.000000000000000000e+00,0.000000000000000000e+00,0.000000000000000000e+00,2.772373131266588869e-13,4.127826218298426059e-13,7.641758190770142137e-13,8.139691334582719559e-13,7.519227186955676840e-13,1.162649279883024956e-12,1.072596333278104081e-12,1.296326064330842248e-12,2.571604233274660548e-12,2.586047049357173011e-12,3.940073367483869531e-12,4.666713137018361777e-12,6.096466782353218348e-12,8.110577852339923439e-12,1.147278843737318563e-11,1.652152758658617222e-11,2.539641961687417301e-11,4.261268802390901857e-11,7.937011960569622181e-11,2.090912882994250020e-10,8.170260182603652149e-10,7.852939884460637233e-08,1.540803032834648520e-05,2.048424009314158491e-05,2.712870452216743392e-05,3.579525654357879852e-05,4.706033278337587499e-05,6.165369997312953546e-05,8.049624464012751523e-05,1.047462858402301098e-04,1.358561289708721306e-04,1.756408773474260382e-04,2.263618522685311764e-04,2.908273548454502365e-04,3.725139289701131172e-04,4.757117677113365320e-04,6.056984455881612040e-04,7.689457688663489969e-04,9.733652258906549384e-04,1.228598302763955199e-03,1.546358823914853508e-03,1.940835504356586572e-03,2.429164081417709529e-03,3.031979750226685213e-03,3.774062186192891737e-03,4.685087214306223914e-03,5.800501202006942865e-03,7.162536525025171505e-03,8.821388997906558921e-03,1.083658099727664685e-02,1.327853714700540436e-02,1.623040292302091805e-02,1.979014039383997225e-02,2.407293958220283608e-02,2.921398868583473946e-02,3.537165163051123745e-02,4.273110727151464838e-02,5.150851101095469536e-02,6.132206887447894800e-02,7.199180113790135116e-02,8.448338904300932428e-02,1.011234894426080028e-01,1.228399914118534081e-01,1.491689887101186052e-01,1.701717727296396532e-01,1.913538176988003325e-01,2.149499243622433053e-01,2.416742157548294190e-01,2.772263669455538038e-01,3.174512571202222078e-01,3.630325089908181257e-01,4.145050355587800439e-01,4.727580193072911108e-01,5.383903415453654695e-01,6.117935415826134538e-01,6.947572039027077873e-01,7.879381802037317417e-01,8.929095498548742516e-01
7.920164050192552452e+01,0.000000000000000000e+00,0.000000000000000000e+00,0.000000000000000000e+00,0.000000000000000000e+00,0.000000000000000000e+00,0.000000000000000000e+00,0.000000000000000000e+00,0.000000000000000000e+00,0.000000000000000000e+00,0.000000000000000000e+00,0.000000000000000000e+00,0.000000000000000000e+00,0.000000000000000000e+00,0.000000000000000000e+00,0.000000000000000000e+00,0.000000000000000000e+00,0.000000000000000000e+00,0.000000000000000000e+00,0.000000000000000000e+00,0.000000000000000000e+00,0.000000000000000000e+00,0.000000000000000000e+00,2.540253144536296062e-13,3.782219432469188783e-13,7.001943589397458421e-13,7.458186733609749268e-13,6.889671628515814664e-13,1.065305191392621369e-12,9.827920266933950759e-13,1.187789740176980403e-12,2.356293843135881249e-12,2.369527418571955660e-12,3.610186395394039771e-12,4.275987451784247949e-12,5.586033402133943946e-12,7.431510809657955818e-12,1.051221661902423752e-11,1.513824453535760274e-11,2.327007647857786041e-11,3.904489389580298844e-11,7.272476912892291175e-11,1.915848904346798361e-10,7.486196171240733445e-10,7.195443863734881384e-08,1.411797605858743466e-05,1.876917458302828034e-05,2.485732392672116616e-05,3.279825935723434493e-05,4.312015471066104434e-05,5.649167619709541979e-05,7.375660810744751148e-05,9.597628796185157926e-05,1.244814252925325714e-04,1.609351518953273876e-04,2.074094574583812943e-04,2.664775149966234070e-04,3.413247909445660277e-04,4.358822772422264757e-04,5.549856776829800720e-04,7.045649394416936794e-04,8.918691528082250530e-04,1.125732559867312615e-03,1.416888232225992170e-03,1.778336919142296498e-03,2.225779649508005751e-03,2.778123914065264849e-03,3.458074682671615201e-03,4.292823139261540098e-03,5.314847865212492077e-03,6.562845284191180448e-03,8.082808511014687516e-03,9.929276345921720856e-03,1.216677703376536045e-02,1.487149460414042938e-02,1.813318914373530585e-02,2.205740626406423391e-02,2.676801538245156958e-02,3.241012123097524594e-02,3.915339836178242938e-02,4.719590432842721978e-02,5.618781127657936775e-02,6.596420848222407651e-02,7.740992446407859995e-02,9.265681417339008408e-02,1.125550781529220945e-01,1.366796512217895998e-01,1.559239540711792882e-01,1.753325090502260153e-01,1.969530057556029834e-01,2.214397764863907936e-01,2.540152847535653846e-01,2.908723017987947523e-01,3.326372132713291130e-01,3.798001459937933588e-01,4.331758346689219552e-01,4.933130186100744830e-01,5.605704550679362352e-01,6.365878935988689147e-01,7.219671902707774924e-01,8.181497166541481514e-01
8.643882620598270705e+01,0.000000000000000000e+00,0.000000000000000000e+00,0.000000000000000000e+00,0.000000000000000000e+00,0.000000000000000000e+00,0.000000000000000000e+00,0.000000000000000000e+00,0.000000000000000000e+00,0.000000000000000000e+00,0.000000000000000000e+00,0.000000000000000000e+00,0.000000000000000000e+00,0.000000000000000000e+00,0.000000000000000000e+00,0.000000000000000000e+00,0.000000000000000000e+00,0.000000000000000000e+00,0.000000000000000000e+00,0.000000000000000000e+00,0.000000000000000000e+00,0.000000000000000000e+00,0.000000000000000000e+00,2.327567658751067326e-13,3.465548954540154074e-13,6.415698168560233306e-13,6.833741854198215428e-13,6.312826300969107475e-13,9.761113436738637762e-13,9.005066843554801444e-13,1.088340739023842794e-12,2.159010551996966692e-12,2.171136131788452941e-12,3.307919572525972321e-12,3.917975703880169124e-12,5.118336617543507444e-12,6.809299401291093764e-12,9.632069731653747159e-12,1.387077837756023129e-11,2.132176375598532297e-11,3.577581725140523017e-11,6.663580792280382072e-11,1.755442349673886798e-10,6.859406170886457919e-10,6.592997419808463068e-08,1.293593300009020346e-05,1.719770481728261647e-05,2.277611716744736516e-05,3.005218905345103151e-05,3.950987237659655670e-05,5.176184853379995428e-05,6.758125504905507946e-05,8.794056779241326703e-05,1.140590811783152636e-04,1.474606794655233702e-04,1.900438727288172565e-04,2.441663922450193762e-04,3.127469977711859624e-04,3.993875546277378505e-04,5.085188919944238660e-04,6.455744657030023075e-04,8.171964279934296107e-04,1.031479364324734303e-03,1.298257708090033366e-03,1.629443706530358908e-03,2.039423802641058929e-03,2.545522436726128067e-03,3.168543580093305216e-03,3.933401804924179825e-03,4.869856387682543718e-03,6.013363851443542275e-03,7.406066486948441850e-03,9.097936773458112705e-03,1.114810025762094647e-02,1.362636237744205975e-02,1.661496795772245474e-02,2.021062568767761913e-02,2.452683388155732502e-02,2.969654821830354161e-02,3.587523706174460675e-02,4.324437537913541213e-02,5.148342503764432448e-02,6.044128264483044494e-02,7.092869347942185043e-02,8.489902059436611748e-02,1.031312805577739578e-01,1.252359972380964193e-01,1.428690496855630210e-01,1.606526020726490311e-01,1.804628989345216372e-01,2.028994878795332135e-01,2.327475759227011221e-01,2.665186987169108623e-01,3.047867970846495633e-01,3.480009614417607922e-01,3.969077119327530379e-01,4.520098440690136776e-01,5.136360777562080093e-01,5.832888727173157761e-01,6.615196939596307280e-01,7.496492326351043012e-01
9.433732216299779338e+01,0.000000000000000000e+00,0.000000000000000000e+00,0.000000000000000000e+00,0.000000000000000000e+00,0.000000000000000000e+00,0.000000000000000000e+00,0.000000000000000000e+00,0.000000000000000000e+00,0.000000000000000000e+00,0.000000000000000000e+00,0.000000000000000000e+00,0.000000000000000000e+00,0.000000000000000000e+00,0.000000000000000000e+00,0.000000000000000000e+00,0.000000000000000000e+00,0.000000000000000000e+00,0.000000000000000000e+00,0.000000000000000000e+00,0.000000000000000000e+00,0.000000000000000000e+00,0.000000000000000000e+00,2.132689498964428173e-13,3.175392060336836610e-13,5.878536789755713528e-13,6.261579308462518980e-13,5.784277982315428130e-13,8.943853488625692341e-13,8.251107727208734064e-13,9.972182147679406642e-13,1.978245021185771981e-12,1.989355373485491745e-12,3.030960371536742254e-12,3.589938882956721505e-12,4.689798260153429841e-12,6.239183326782690116e-12,8.825614109543719039e-12,1.270943221653061400e-11,1.953657565691994123e-11,3.278044764115812466e-11,6.105665168428657630e-11,1.608466010047504092e-10,6.285094852035797110e-10,6.040991466374759261e-08,1.185285779550795206e-05,1.575780808442278996e-05,2.086916173094731562e-05,2.753603650326512750e-05,3.620186489797074192e-05,4.742803088880210969e-05,6.192294021102444108e-05,8.057764712390154112e-05,1.045093592772505401e-04,1.351143720458076623e-04,1.741322406622371470e-04,2.237232927615078251e-04,2.865619117328499802e-04,3.659483927649618846e-04,4.659425889958725879e-04,5.915230341974834355e-04,7.487757591149887771e-04,9.451176211454375862e-04,1.189559654939921062e-03,1.493016741749904125e-03,1.868670803822962845e-03,2.332395773662347856e-03,2.903253787218419528e-03,3.604073416740448312e-03,4.462122310570466703e-03,5.509888355429121143e-03,6.785985432458944110e-03,8.336202020184358547e-03,1.021471331389280264e-02,1.248548021458940546e-02,1.522386150874716071e-02,1.851846884431239404e-02,2.247329776446107055e-02,2.721017208782254213e-02,3.287154341863322143e-02,3.962369253310783074e-02,4.717291870579700536e-02,5.538076984182606355e-02,6.499011068060547847e-02,7.779075680709739149e-02,9.449650077125515413e-02,1.147504757586045726e-01,1.309071815145092799e-01,1.472017864372177076e-01,1.653534444265514769e-01,1.859115053085639013e-01,2.132605293829003545e-01,2.442041278130726856e-01,2.792681875955524973e-01,3.188641985576513571e-01,3.636761776244938904e-01,4.141648232007992259e-01,4.706313327569295879e-01,5.344523709246385978e-01,6.061332306975282247e-01,6.868840269096625484e-01
1.029575567312512732e+02,0.000000000000000000e+00,0.000000000000000000e+00,0.000000000000000000e+00,0.000000000000000000e+00,0.000000000000000000e+00,0.000000000000000000e+00,0.000000000000000000e+00,0.000000000000000000e+00,0.000000000000000000e+00,0.000000000000000000e+00,0.000000000000000000e+00,0.000000000000000000e+00,0.000000000000000000e+00,0.000000000000000000e+00,0.000000000000000000e+00,0.000000000000000000e+00,0.000000000000000000e+00,0.000000000000000000e+00,0.000000000000000000e+00,0.000000000000000000e+00,0.000000000000000000e+00,0.000000000000000000e+00,1.954127727240254277e-13,2.909528870928373455e-13,5.386349837630609791e-13,5.737321700567229820e-13,5.299982952415907083e-13,8.195019527682992709e-13,7.560274666337556546e-13,9.137250239818254246e-13,1.812614283068957783e-12,1.822794408914202613e-12,2.777189883976242639e-12,3.289367305315664367e-12,4.297139747618637349e-12,5.716800847062502841e-12,8.086679870537426793e-12,1.164532103893351743e-11,1.790085439303371078e-11,3.003586864287500725e-11,5.594461643227926162e-11,1.473795425955606769e-10,5.758868379415689550e-10,5.535202817942686407e-08,1.086046425252465386e-05,1.443846828769649038e-05,1.912186823375247030e-05,2.523055159012046274e-05,3.317082398036895767e-05,4.345706688817962726e-05,5.673837400022836106e-05,7.383119507882156415e-05,9.575919833569505153e-05,1.238017727810700544e-04,1.595528274743130347e-04,2.049918142453625034e-04,2.625692007955428308e-04,3.353089614724765952e-04,4.269310337491988793e-04,5.419971181870893552e-04,6.860836859198013015e-04,8.659866098090889799e-04,1.089962465728453941e-03,1.368012274503187155e-03,1.712214287456240765e-03,2.137113374649573898e-03,2.660175673755412872e-03,3.302318409727163055e-03,4.088526217087419534e-03,5.048566898543087149e-03,6.217821345608665930e-03,7.638244346131224140e-03,9.359475217644441444e-03,1.144011966443583134e-02,1.394922697577584934e-02,1.696798969201902471e-02,2.059169621521744070e-02,2.493197053092431614e-02,3.011933732628393340e-02,3.630615533681123136e-02,4.322331425301677993e-02,5.074395403380201064e-02,5.954874225200208065e-02,7.127764021605849376e-02,8.658467741035646981e-02,1.051428660865929149e-01,1.199468338999132161e-01,1.348771551207714470e-01,1.515090455997008811e-01,1.703458602449366421e-01,1.954050572272318653e-01,2.237578688776615810e-01,2.558861517260672680e-01,2.921669431618190149e-01,3.332269900413800112e-01,3.794884182893136226e-01,4.312272072868167383e-01,4.897047589066547135e-01,5.553840599313184523e-01,6.293739070007023928e-01
1.123654800138751568e+02,0.000000000000000000e+00,0.000000000000000000e+00,0.000000000000000000e+00,0.000000000000000000e+00,0.000000000000000000e+00,0.000000000000000000e+00,0.000000000000000000e+00,0.000000000000000000e+00,0.000000000000000000e+00,0.000000000000000000e+00,0.000000000000000000e+00,0.000000000000000000e+00,0.000000000000000000e+00,0.000000000000000000e+00,0.000000000000000000e+00,0.000000000000000000e+00,0.000000000000000000e+00,0.000000000000000000e+00,0.000000000000000000e+00,0.000000000000000000e+00,0.000000000000000000e+00,0.000000000000000000e+00,1.790516236059383202e-13,2.665925369186616445e-13,4.935371778892775795e-13,5.256958136953168571e-13,4.856236056043584369e-13,7.508882512947452049e-13,6.927282362583007346e-13,8.372223923375411509e-13,1.660851160497903840e-12,1.670178944120717929e-12,2.544666609332630079e-12,3.013961413284056776e-12,3.937357000503438743e-12,5.238155414456670440e-12,7.409613712641240778e-12,1.067030373893814560e-11,1.640208568931539363e-11,2.752108253699762101e-11,5.126059194890846420e-11,1.350400284494366141e-10,5.276700796439305342e-10,5.071761879866881709e-08,9.951159949380892074e-06,1.322959166515660292e-05,1.752086880455613828e-05,2.311809593462175571e-05,3.039356029413545413e-05,3.981857621184945167e-05,5.198789129229122188e-05,6.764959714429379936e-05,8.774165423374719996e-05,1.134363333201847428e-04,1.461940916755721256e-04,1.878286493503421241e-04,2.405853059449240730e-04,3.072348502319086202e-04,3.911857638318915658e-04,4.966178139143026873e-04,6.286405754396406790e-04,7.934809293469272671e-04,9.987041606222357790e-04,1.253473943633025191e-03,1.568857264838513857e-03,1.958181209072655700e-03,2.437449542439079284e-03,3.025828172247882562e-03,3.746209867042857560e-03,4.625870087540073956e-03,5.697227421235056405e-03,6.998723945261982500e-03,8.575842870749778024e-03,1.048228307499787446e-02,1.278131261966041279e-02,1.554732611043546479e-02,1.886763382320931839e-02,2.284451390269105764e-02,2.759756271317179849e-02,3.326638258762198985e-02,3.960439477291566313e-02,4.649536072429047429e-02,5.456295837412070832e-02,6.530984146829056647e-02,7.933528015395009680e-02,9.633966409132073416e-02,1.099041534327032804e-01,1.235844171037390887e-01,1.388237842770104757e-01,1.560834659179685946e-01,1.790445540975916794e-01,2.050234954381985886e-01,2.344618025022003616e-01,2.677049448092492234e-01,3.053271941465743877e-01,3.477153334818683383e-01,3.951222355193881319e-01,4.487036898740591195e-01,5.088839192512730758e-01,5.766788850738907568e-01
1.226330684177563199e+02,0.000000000000000000e+00,0.000000000000000000e+00,0.000000000000000000e+00,0.000000000000000000e+00,0.000000000000000000e+00,0.000000000000000000e+00,0.000000000000000000e+00,0.000000000000000000e+00,0.000000000000000000e+00,0.000000000000000000e+00,0.000000000000000000e+00,0.000000000000000000e+00,0.000000000000000000e+00,0.000000000000000000e+00,0.000000000000000000e+00,0.000000000000000000e+00,0.000000000000000000e+00,0.000000000000000000e+00,0.000000000000000000e+00,0.000000000000000000e+00,0.000000000000000000e+00,0.000000000000000000e+00,1.640603296755791865e-13,2.442717838302476447e-13,4.522152353662568562e-13,4.816813540531622774e-13,4.449642356164155634e-13,6.880193073705776318e-13,6.347288034999427138e-13,7.671250275896335426e-13,1.521794572123150988e-12,1.530341376812670696e-12,2.331611601357764583e-12,2.761614182181912436e-12,3.607697459223821750e-12,4.799585096636788792e-12,6.789235662782884640e-12,9.776920833744949778e-12,1.502880304217993878e-11,2.521684966111030238e-11,4.696874256226709486e-11,1.237336536839948255e-10,4.834903224158825473e-10,4.647123043565631548e-08,9.117988148171717700e-06,1.212192956616620802e-05,1.605391481176559601e-05,2.118250795006990255e-05,2.784882606172067645e-05,3.648472216540983403e-05,4.763514796896037464e-05,6.198556028924426416e-05,8.039538782150328327e-05,1.039387516678244393e-04,1.339538307103111097e-04,1.721024892952374783e-04,2.204420368468262641e-04,2.815112748031088933e-04,3.584333059157186079e-04,4.550379417550490940e-04,5.760069525035724355e-04,7.270458666515237141e-04,9.150865573866961110e-04,1.148525460370984240e-03,1.437502966461777802e-03,1.794230335671356770e-03,2.233371401201203390e-03,2.772487383712162433e-03,3.432554329546863309e-03,4.238564031502336550e-03,5.220220795214135234e-03,6.412748092667785137e-03,7.857821003162976034e-03,9.604642406492312073e-03,1.171118317632827838e-02,1.424560914826123598e-02,1.728792044939138003e-02,2.093183187437763770e-02,2.528692645049701246e-02,3.048111815199537611e-02,3.628847330279576233e-02,4.260248555802028519e-02,4.999461472985081839e-02,5.984170322816444176e-02,7.269284664855625577e-02,8.827351985616087304e-02,1.007023074226216230e-01,1.132371759857713212e-01,1.272006103972712909e-01,1.430152062277065261e-01,1.640538520695869196e-01,1.878576780004965197e-01,2.148312304584195642e-01,2.452910541478695028e-01,2.797633393196733986e-01,3.186024851125522916e-01,3.620401921857398508e-01,4.111354803986571049e-01,4.662770539445461604e-01,5.283958117597888915e-01
1.338388753173757664e+02,0.000000000000000000e+00,0.000000000000000000e+00,0.000000000000000000e+00,0.000000000000000000e+00,0.000000000000000000e+00,0.000000000000000000e+00,0.000000000000000000e+00,0.000000000000000000e+00,0.000000000000000000e+00,0.000000000000000000e+00,0.000000000000000000e+00,0.000000000000000000e+00,0.000000000000000000e+00,0.000000000000000000e+00,0.000000000000000000e+00,0.000000000000000000e+00,0.000000000000000000e+00,0.000000000000000000e+00,0.000000000000000000e+00,0.000000000000000000e+00,0.000000000000000000e+00,0.000000000000000000e+00,1.503241983021427878e-13,2.238198603204573115e-13,4.143530178859942722e-13,4.413520534081335701e-13,4.077091160576891018e-13,6.304141348575680012e-13,5.815854369797112105e-13,7.028966417290221139e-13,1.394380649407027150e-12,1.402211863482591214e-12,2.136394858032848591e-12,2.530395000285788219e-12,3.305639025271475872e-12,4.397734560582406611e-12,6.220799446827341485e-12,8.958337393948300279e-12,1.377049999365441231e-11,2.310554121467380562e-11,4.303623298145495074e-11,1.133739175693621783e-10,4.430095639069701347e-10,4.258037560431661430e-08,8.354574571517386992e-06,1.110700769352543188e-05,1.470978315392708555e-05,1.940897919637063571e-05,2.551715249909759851e-05,3.342999871228493139e-05,4.364684286321902706e-05,5.679575114359154789e-05,7.366419563678516488e-05,9.523636547535822329e-05,1.227383990441038885e-04,1.576930192708291098e-04,2.019852850876187528e-04,2.579414339924412437e-04,3.284230835273486081e-04,4.169393900807631149e-04,5.277801374822472039e-04,6.661731525798914770e-04,8.384699298620208220e-04,1.052363904188638628e-03,1.317146451050223589e-03,1.644006429296656756e-03,2.046379926581839981e-03,2.540357831070321534e-03,3.145159946575974957e-03,3.883685600582636576e-03,4.783152073097093199e-03,5.875833712208934634e-03,7.199916305410434571e-03,8.800483167318878808e-03,1.073065149650946973e-02,1.305287986908637565e-02,1.584047031360328109e-02,1.917929125056141645e-02,2.316975074786794750e-02,2.792905304172168743e-02,3.325018100133369375e-02,3.903554564258136100e-02,4.580876067694511500e-02,5.483139087064505673e-02,6.660655818718259902e-02,8.088272241026032983e-02,9.227089608082661432e-02,1.037562690000710247e-01,1.165505995222882868e-01,1.310411009395633097e-01,1.503182630408299025e-01,1.721290874897605239e-01,1.968442496292990285e-01,2.247537911107504727e-01,2.563398463280076589e-01,2.919271419624844821e-01,3.317279792811249073e-01,3.767127105419568744e-01,4.272374952525307412e-01,4.841552918128975702e-01
1.460686320364988831e+02,0.000000000000000000e+00,0.000000000000000000e+00,0.000000000000000000e+00,0.000000000000000000e+00,0.000000000000000000e+00,0.000000000000000000e+00,0.000000000000000000e+00,0.000000000000000000e+00,0.000000000000000000e+00,0.000000000000000000e+00,0.000000000000000000e+00,0.000000000000000000e+00,0.000000000000000000e+00,0.000000000000000000e+00,0.000000000000000000e+00,0.000000000000000000e+00,0.000000000000000000e+00,0.000000000000000000e+00,0.000000000000000000e+00,0.000000000000000000e+00,0.000000000000000000e+00,0.000000000000000000e+00,1.377381396213642173e-13,2.050802965793295208e-13,3.796608561677004358e-13,4.043993677739026056e-13,3.735732223203646486e-13,5.776320187104266855e-13,5.328915572159198180e-13,6.440458480494688312e-13,1.277634597374173619e-12,1.284810134446234096e-12,1.957522851049181624e-12,2.318534898460175237e-12,3.028870765607020671e-12,4.029529402217100267e-12,5.699956177656833942e-12,8.208290752117388885e-12,1.261754975050433940e-11,2.117100438784486310e-11,3.943297708638241255e-11,1.038815617443226387e-10,4.059181013849327258e-10,3.901528686904622924e-08,7.655078635415929903e-06,1.017706126987916381e-05,1.347819039608820861e-05,1.778394108634833749e-05,2.338070086757448009e-05,3.063103533683766196e-05,3.999246298485073357e-05,5.204046447127971868e-05,6.749657991404284458e-05,8.726259612913682309e-05,1.124619917177932738e-04,1.444899979575033696e-04,1.850738451499389463e-04,2.363450040024549985e-04,3.009254999840174681e-04,3.820306815085271830e-04,4.835911655407533721e-04,6.103970733815349426e-04,7.682681136640676436e-04,9.642535799610678707e-04,1.206866917140605447e-03,1.506360184550909701e-03,1.875044518643335066e-03,2.327663580290002029e-03,2.881827974111530154e-03,3.558519756236131013e-03,4.382677409995367271e-03,5.383873078221608835e-03,6.597095401390364391e-03,8.063653044064526820e-03,9.832215909002815779e-03,1.196001315939488295e-02,1.451420953090865745e-02,1.757348401618571282e-02,2.122983790731815951e-02,2.559066238704373400e-02,3.046627306132155058e-02,3.576725169095656964e-02,4.197337185408282767e-02,5.024057242064699363e-02,6.102985091492022646e-02,7.411072760160981876e-02,8.454541391815373341e-02,9.506916136947655971e-02,1.067922725101658893e-01,1.200695407739524878e-01,1.377327012963264763e-01,1.577173905022894729e-01,1.803632485343950043e-01,2.059360329879916796e-01,2.348775110250687914e-01,2.674852212288255093e-01,3.039536897093519374e-01,3.451720249156385312e-01,3.914665665091139335e-01,4.436188580105445700e-01
1.594159037455999623e+02,0.000000000000000000e+00,0.000000000000000000e+00,0.000000000000000000e+00,0.000000000000000000e+00,0.000000000000000000e+00,0.000000000000000000e+00,0.000000000000000000e+00,0.000000000000000000e+00,0.000000000000000000e+00,0.000000000000000000e+00,0.000000000000000000e+00,0.000000000000000000e+00,0.000000000000000000e+00,0.000000000000000000e+00,0.000000000000000000e+00,0.000000000000000000e+00,0.000000000000000000e+00,0.000000000000000000e+00,0.000000000000000000e+00,0.000000000000000000e+00,0.000000000000000000e+00,0.000000000000000000e+00,1.262058625333375234e-13,1.879097234036723781e-13,3.478733338094105783e-13,3.705405863484266972e-13,3.422953937951040446e-13,5.292691432352913431e-13,4.882746260407378487e-13,5.901224017366540697e-13,1.170663236829653753e-12,1.177237994175794647e-12,1.793627099396807663e-12,2.124413016454189046e-12,2.775275232599068307e-12,3.692152625323924488e-12,5.222721083506104629e-12,7.521042589533508737e-12,1.156113153333677990e-11,1.939843878253313060e-11,3.613140775042316967e-11,9.518396384104252584e-11,3.719321623190716568e-10,3.574868910549620143e-08,7.014148765178618998e-06,9.324975632388333467e-06,1.234971409518745145e-05,1.629496107769792126e-05,2.142312599645786344e-05,2.806641824553234615e-05,3.664405007727278995e-05,4.768331940077001027e-05,6.184535459473306743e-05,7.995643938309580294e-05,1.030459878867106947e-04,1.323924141112650026e-04,1.695783341035229323e-04,2.165567588437820195e-04,2.757301818375076886e-04,3.500447429195856436e-04,4.431019638304035078e-04,5.592909077014479070e-04,7.039440216658382531e-04,8.835203894460717973e-04,1.105820658383969719e-03,1.380238522893751513e-03,1.718054355999766233e-03,2.132777389367114269e-03,2.640543760393822530e-03,3.260578779503445820e-03,4.015732928107924871e-03,4.933102388886784727e-03,6.044746339945804292e-03,7.388514832516923127e-03,9.009002828271345936e-03,1.095864791582661611e-02,1.329899138955549683e-02,1.610212475698727386e-02,1.945234640094158779e-02,2.344805605937880580e-02,2.791545087257647773e-02,3.277259924166994048e-02,3.845910517478332707e-02,4.603412528981828261e-02,5.592005958677706556e-02,6.790572549945809999e-02,7.746675623839785474e-02,8.710939137074577565e-02,9.785097214969359913e-02,1.100165865388818970e-01,1.262008795380392956e-01,1.445123286808301655e-01,1.652621373656723291e-01,1.886938123412263968e-01,2.152121333284253701e-01,2.450897271656512499e-01,2.785048330506793013e-01,3.162721178506460173e-01,3.586905980802410077e-01,4.064763816701856824e-01
1.739828052930363924e+02,0.000000000000000000e+00,0.000000000000000000e+00,0.000000000000000000e+00,0.000000000000000000e+00,0.000000000000000000e+00,0.000000000000000000e+00,0.000000000000000000e+00,0.000000000000000000e+00,0.000000000000000000e+00,0.000000000000000000e+00,0.000000000000000000e+00,0.000000000000000000e+00,0.000000000000000000e+00,0.000000000000000000e+00,0.000000000000000000e+00,0.000000000000000000e+00,0.000000000000000000e+00,0.000000000000000000e+00,0.000000000000000000e+00,0.000000000000000000e+00,0.000000000000000000e+00,0.000000000000000000e+00,1.156391380163027294e-13,1.721767753343676038e-13,3.187472566890585343e-13,3.395166686022117403e-13,3.136363358315534508e-13,4.849555026509875575e-13,4.473932964537878685e-13,5.407137552180740839e-13,1.072648170988067638e-12,1.078672449550985005e-12,1.643453699642038746e-12,1.946544202322478706e-12,2.542912264245853752e-12,3.383023089789557603e-12,4.785443022004477678e-12,6.891335034518036066e-12,1.059316309220589011e-11,1.777428318024130907e-11,3.310626593491893409e-11,8.721458187923373456e-11,3.407917333456349944e-10,3.275559082907406268e-08,6.426881452587935191e-06,8.544231801177783666e-06,1.131572071256216274e-05,1.493064755637987730e-05,1.962945123243094831e-05,2.571652653822690794e-05,3.357598671965587525e-05,4.369098108896912915e-05,5.666728432491297007e-05,7.326199863870494868e-05,9.441834932279726748e-05,1.213077137655152753e-04,1.553802017461113733e-04,1.984253062545670741e-04,2.526443693877156757e-04,3.207368621855153246e-04,4.060027650232466627e-04,5.124636618989603402e-04,6.450055349502022270e-04,8.095466740174890293e-04,1.013234608672508022e-03,1.264676535942751067e-03,1.574208367226101208e-03,1.954208258922401995e-03,2.419461332595459341e-03,2.987583238428628222e-03,3.679511276169266602e-03,4.520072970828461871e-03,5.538643310598102137e-03,6.769903309580665648e-03,8.254714167279984804e-03,1.004112307758758815e-02,1.218551872238260274e-02,1.475395666851146183e-02,1.782367732406421601e-02,2.148484180081774650e-02,2.557819907445642998e-02,3.002867735925790482e-02,3.523907433472424355e-02,4.217986756711000068e-02,5.123809115227934141e-02,6.222024401643571484e-02,7.098076695098887168e-02,7.981606186144428461e-02,8.965829198670406674e-02,1.008053269434426996e-01,1.156345722277611898e-01,1.324128751702441653e-01,1.514253833228231538e-01,1.728952155640591237e-01,1.971932609879734344e-01,2.245693204513390384e-01,2.551867098792464095e-01,2.897918872602155971e-01,3.286588336226811680e-01,3.724436999739976217e-01
1.898807824465263252e+02,0.000000000000000000e+00,0.000000000000000000e+00,0.000000000000000000e+00,0.000000000000000000e+00,0.000000000000000000e+00,0.000000000000000000e+00,0.000000000000000000e+00,0.000000000000000000e+00,0.000000000000000000e+00,0.000000000000000000e+00,0.000000000000000000e+00,0.000000000000000000e+00,0.000000000000000000e+00,0.000000000000000000e+00,0.000000000000000000e+00,0.000000000000000000e+00,0.000000000000000000e+00,0.000000000000000000e+00,0.000000000000000000e+00,0.000000000000000000e+00,0.000000000000000000e+00,0.000000000000000000e+00,1.059571241202930942e-13,1.577610856297067172e-13,2.920597923796710106e-13,3.110902624587304227e-13,2.873767889868982947e-13,4.443520703169343358e-13,4.099348011073727427e-13,4.954419019200420488e-13,9.828395242341315340e-13,9.883594134548232096e-13,1.505853732793968584e-12,1.783567650098211440e-12,2.330004140741070075e-12,3.099775764292836755e-12,4.384776546688156084e-12,6.314350436476020578e-12,9.706238872423358852e-12,1.628611179039191973e-11,3.033440744197784402e-11,7.991244517902445873e-11,3.122585710054549962e-10,3.001309299469561368e-08,5.888783741039873704e-06,7.828856605125491047e-06,1.036829956206080363e-05,1.368056268375731796e-05,1.798595385893231514e-05,2.356338209620320983e-05,3.076480033787816357e-05,4.003290568915028293e-05,5.192275367815574839e-05,6.712805730156544133e-05,8.651306927779436060e-05,1.111510921362075788e-04,1.423708236213925573e-04,1.818119294564293949e-04,2.314914419522344220e-04,2.938828159697359278e-04,3.720097374012383464e-04,4.695570787055935872e-04,5.910017377971088504e-04,7.417664891963195607e-04,9.284004277077375147e-04,1.158790103330041609e-03,1.442406041922110992e-03,1.790590025137953891e-03,2.216889273992387038e-03,2.737444549000888922e-03,3.371440151483327038e-03,4.141624894638470077e-03,5.074914313494270288e-03,6.203085716139585676e-03,7.563579153251041159e-03,9.200419014616793498e-03,1.116527277776512353e-02,1.351866543462563498e-02,1.633137035524840838e-02,1.968599981325675277e-02,2.343663625133270145e-02,2.751449335150321987e-02,3.228864411495542541e-02,3.864831180733747235e-02,4.694812566955983146e-02,5.701078571785074545e-02,6.503782424354660752e-02,7.313337437930200746e-02,8.215155297257048517e-02,9.236529017906790207e-02,1.059529406074141422e-01,1.213264616998484258e-01,1.387471267161934085e-01,1.584193736617370285e-01,1.806830385335665701e-01,2.057670073372377118e-01,2.338209221925591497e-01,2.655287430727458209e-01,3.011415116435731676e-01,3.412604419483184492e-01
2.072314645219029501e+02,0.000000000000000000e+00,0.000000000000000000e+00,0.000000000000000000e+00,0.000000000000000000e+00,0.000000000000000000e+00,0.000000000000000000e+00,0.000000000000000000e+00,0.000000000000000000e+00,0.000000000000000000e+00,0.000000000000000000e+00,0.000000000000000000e+00,0.000000000000000000e+00,0.000000000000000000e+00,0.000000000000000000e+00,0.000000000000000000e+00,0.000000000000000000e+00,0.000000000000000000e+00,0.000000000000000000e+00,0.000000000000000000e+00,0.000000000000000000e+00,0.000000000000000000e+00,0.000000000000000000e+00,9.708574747643349828e-14,1.445523653856918146e-13,2.676067653440753565e-13,2.850438884048694395e-13,2.633158515560996609e-13,4.071482049705613778e-13,3.756125594436555517e-13,4.539604842846132952e-13,9.005502051124280947e-13,9.056079355428005374e-13,1.379774474366656769e-12,1.634236488789404033e-12,2.134921983822584704e-12,2.840243632358701011e-12,4.017656312274558507e-12,5.785674507902289134e-12,8.893573357504506396e-12,1.492253918537726339e-11,2.779462584710778713e-11,7.322168789771077966e-11,2.861143790347688139e-10,2.750021380498821019e-08,5.395738851659038506e-06,7.173376983425050288e-06,9.500202288422272126e-06,1.253514254070251409e-05,1.648006010892339774e-05,2.159051203848746836e-05,2.818898362487826274e-05,3.668110667171599223e-05,4.757546407314233885e-05,6.150768694292221568e-05,7.926966749097066141e-05,1.018448448130246674e-04,1.304506699750179548e-04,1.665895258856825217e-04,2.121095666093652870e-04,2.692771542809030525e-04,3.408628133688068672e-04,4.302428963363314428e-04,5.415194679006426733e-04,6.796612748269381405e-04,8.506690817610021264e-04,1.061769128637043893e-03,1.321639011130086756e-03,1.640670907762678717e-03,2.031277783584332138e-03,2.508248996200714617e-03,3.089162620223762003e-03,3.794862799470521877e-03,4.650011536223636575e-03,5.683725548534957622e-03,6.930310177698659029e-03,8.430103823093386406e-03,1.023044804591855157e-02,1.238680031664891185e-02,1.496400842716051789e-02,1.803776784769227370e-02,2.147437812874851415e-02,2.521081216241169085e-02,2.958524190730292547e-02,3.541243943406539169e-02,4.301734226074370449e-02,5.223749503952663381e-02,5.959246094445776881e-02,6.701020224961487526e-02,7.527332393088516371e-02,8.463190476679845198e-02,9.708191423276722742e-02,1.111682703791383592e-01,1.271303710749658589e-01,1.451555375289060590e-01,1.655551525957745518e-01,1.885389385488092928e-01,2.142440085569095876e-01,2.432970572929899211e-01,2.759281076835112811e-01,3.126880364653567557e-01
2.261675949222864404e+02,0.000000000000000000e+00,0.000000000000000000e+00,0.000000000000000000e+00,0.000000000000000000e+00,0.000000000000000000e+00,0.000000000000000000e+00,0.000000000000000000e+00,0.000000000000000000e+00,0.000000000000000000e+00,0.000000000000000000e+00,0.000000000000000000e+00,0.000000000000000000e+00,0.000000000000000000e+00,0.000000000000000000e+00,0.000000000000000000e+00,0.000000000000000000e+00,0.000000000000000000e+00,0.000000000000000000e+00,0.000000000000000000e+00,0.000000000000000000e+00,0.000000000000000000e+00,0.000000000000000000e+00,8.895713659005011472e-14,1.324495597579983603e-13,2.452010948662977360e-13,2.611782756387185037e-13,2.412694425501250167e-13,3.730592741303418285e-13,3.441639851769007609e-13,4.159521439209620215e-13,8.251506496546243713e-13,8.297849160472223223e-13,1.264251340388487390e-12,1.497408243047946787e-12,1.956173294850580988e-12,2.602441113347594568e-12,3.681273622883108090e-12,5.301262552363487482e-12,8.148949155788301189e-12,1.367313319502646888e-11,2.546749025700898315e-11,6.709112162165491544e-11,2.621591382643623316e-10,2.519772818661915361e-08,4.943974687404918794e-06,6.572778113299907793e-06,8.704787412894237820e-06,1.148562395772558977e-05,1.510024896782707191e-05,1.978282269416592961e-05,2.582882999651083531e-05,3.360994071001108464e-05,4.359215606715970294e-05,5.635788826828295962e-05,7.263272747788063438e-05,9.331777327278511992e-05,1.195285442906858167e-04,1.526416347804457818e-04,1.943504600766019050e-04,2.467316286539472919e-04,3.123236997755832753e-04,3.942203370848043273e-04,4.961801554229363850e-04,6.227558877725455910e-04,7.794458781657398081e-04,9.728713416579623822e-04,1.210983332691304955e-03,1.503303933222471626e-03,1.861206819162697325e-03,2.298243092901402444e-03,2.830519085438650169e-03,3.477133741746624932e-03,4.260684210867967010e-03,5.207849381641857511e-03,6.350062342967517301e-03,7.724284117411325985e-03,9.373892541941829942e-03,1.134970184938099112e-02,1.371113037897455159e-02,1.652753591454061630e-02,1.967641222362911946e-02,2.310000921218781020e-02,2.710818502001507632e-02,3.244749403085871176e-02,3.941566801202001785e-02,4.786385336819104497e-02,5.460301667101197243e-02,6.139969943469662100e-02,6.897098217359086403e-02,7.754600554570269255e-02,8.895362428892181206e-02,1.018605847886903254e-01,1.164862410644226104e-01,1.330022306507496199e-01,1.516938655308164297e-01,1.727533087500890130e-01,1.963061935267390590e-01,2.229267438335719997e-01,2.528257236747791792e-01,2.865078870271385303e-01
2.468340467068648536e+02,0.000000000000000000e+00,0.000000000000000000e+00,0.000000000000000000e+00,0.000000000000000000e+00,0.000000000000000000e+00,0.000000000000000000e+00,0.000000000000000000e+00,0.000000000000000000e+00,0.000000000000000000e+00,0.000000000000000000e+00,0.000000000000000000e+00,0.000000000000000000e+00,0.000000000000000000e+00,0.000000000000000000e+00,0.000000000000000000e+00,0.000000000000000000e+00,0.000000000000000000e+00,0.000000000000000000e+00,0.000000000000000000e+00,0.000000000000000000e+00,0.000000000000000000e+00,0.000000000000000000e+00,8.150910258193894935e-14,1.213600748301835843e-13,2.246713637688767781e-13,2.393108375252194120e-13,2.210688933630197049e-13,3.418244764820232234e-13,3.153484773466797852e-13,3.811260936182526855e-13,7.560640048274114119e-13,7.603102621741048424e-13,1.158400507740769579e-12,1.372036092529620058e-12,1.792390536273843992e-12,2.384548871540796644e-12,3.373054943782068877e-12,4.857408520079520121e-12,7.466669433562298589e-12,1.252833509407926201e-11,2.333519665127416657e-11,6.147384374339755366e-11,2.402095763497482523e-10,2.308802070664534702e-08,4.530034974206560694e-06,6.022465043520838733e-06,7.975969521830667669e-06,1.052397747133132252e-05,1.383596403067115876e-05,1.812648412650724676e-05,2.366628282404202496e-05,3.079591149308188465e-05,3.994235490088193503e-05,5.163926214633502619e-05,6.655147256013148164e-05,8.550464016689499850e-05,1.095208855806299004e-04,1.398615461840958568e-04,1.780782542522016474e-04,2.260737519333874917e-04,2.861740548270539091e-04,3.612138061886077190e-04,4.546369267017765295e-04,5.706149667775664179e-04,7.141859155523543013e-04,8.914166195756004782e-04,1.109592422519523882e-03,1.377438159566031755e-03,1.705375233113167301e-03,2.105820164612691968e-03,2.593530764803869682e-03,3.186006898504951338e-03,3.903953743624978805e-03,4.771816469720008454e-03,5.818396395782137950e-03,7.077559942150188355e-03,8.589053088728456145e-03,1.039943559086062980e-02,1.256315092204955339e-02,1.514374980945204854e-02,1.802898298954116671e-02,2.116593555834563045e-02,2.483852244243358806e-02,2.973079193945112053e-02,3.611554789733121412e-02,4.385639965159505299e-02,5.003131910181834313e-02,5.625894213284150097e-02,6.319631090501058590e-02,7.105338102295954972e-02,8.150588435208196147e-02,9.333219540169299111e-02,1.067333025349028186e-01,1.218664727451581886e-01,1.389931299563113010e-01,1.582893481516955692e-01,1.798702417702439937e-01,2.042619572516751747e-01,2.316576121523395981e-01,2.625196993676801038e-01
2.693889309590172729e+02,0.000000000000000000e+00,0.000000000000000000e+00,0.000000000000000000e+00,0.000000000000000000e+00,0.000000000000000000e+00,0.000000000000000000e+00,0.000000000000000000e+00,0.000000000000000000e+00,0.000000000000000000e+00,0.000000000000000000e+00,0.000000000000000000e+00,0.000000000000000000e+00,0.000000000000000000e+00,0.000000000000000000e+00,0.000000000000000000e+00,0.000000000000000000e+00,0.000000000000000000e+00,0.000000000000000000e+00,0.000000000000000000e+00,0.000000000000000000e+00,0.000000000000000000e+00,0.000000000000000000e+00,7.468466340514094023e-14,1.111990692132015928e-13,2.058605069658882248e-13,2.192742746959614988e-13,2.025596573531968341e-13,3.132048465879592794e-13,2.889455795723502070e-13,3.492158926443957679e-13,6.927617152515439573e-13,6.966524500360496719e-13,1.061412152366574483e-12,1.257160863073778154e-12,1.642320669125293011e-12,2.184899897101733670e-12,3.090642212262936328e-12,4.450716654360360549e-12,6.841514330776346882e-12,1.147938647205096622e-11,2.138143167066783689e-11,5.632687862782577622e-11,2.200977656248622549e-10,2.115495080360279579e-08,4.150752818337374790e-06,5.518227540199250430e-06,7.308172709529740937e-06,9.642845893678457042e-06,1.267753273908921928e-05,1.660882432542935523e-05,2.168479728981947654e-05,2.821748996442723331e-05,3.659813734769360686e-05,4.731570818132695887e-05,6.097937739252260098e-05,7.834567021545459607e-05,1.003511290926020478e-04,1.281514845483812772e-04,1.631684567405331920e-04,2.071454786403652943e-04,2.622138176353658442e-04,3.309707833596448761e-04,4.165719504534655718e-04,5.228396016859258952e-04,6.543899150171599271e-04,8.167817836029546983e-04,1.016690577711354447e-03,1.262110636111713749e-03,1.562590817835144644e-03,1.929508057431444934e-03,2.376384551719684310e-03,2.919254970107156098e-03,3.577090926731383690e-03,4.372290892466713409e-03,5.331244764225414462e-03,6.484983459090633284e-03,7.869925181125845062e-03,9.528731418998201072e-03,1.151128730656842021e-02,1.387582271653185241e-02,1.651948657829110934e-02,1.939379434635340321e-02,2.275888985809102968e-02,2.724154871578963327e-02,3.309173396545404128e-02,4.018447440085656103e-02,4.584239193503846649e-02,5.154860038480648526e-02,5.790513033366632978e-02,6.510435862255237183e-02,7.468171462511496994e-02,8.551785478721275757e-02,9.779693950040628525e-02,1.116630684063091850e-01,1.273557774234935769e-01,1.450363985475661699e-01,1.648104081345712624e-01,1.871599004354264073e-01,2.122618240268767387e-01,2.405399490785019023e-01
2.940048064334710602e+02,0.000000000000000000e+00,0.000000000000000000e+00,0.000000000000000000e+00,0.000000000000000000e+00,0.000000000000000000e+00,0.000000000000000000e+00,0.000000000000000000e+00,0.000000000000000000e+00,0.000000000000000000e+00,0.000000000000000000e+00,0.000000000000000000e+00,0.000000000000000000e+00,0.000000000000000000e+00,0.000000000000000000e+00,0.000000000000000000e+00,0.000000000000000000e+00,0.000000000000000000e+00,0.000000000000000000e+00,0.000000000000000000e+00,0.000000000000000000e+00,0.000000000000000000e+00,0.000000000000000000e+00,6.843160789719143673e-14,1.018888049565295130e-13,1.886246098183124326e-13,2.009152951059854052e-13,1.856001274664545593e-13,2.869814266543493805e-13,2.647532934259795012e-13,3.199774083103654237e-13,6.347594794276890177e-13,6.383244581671785766e-13,9.725442536179876750e-13,1.151903688430330274e-12,1.504815566502224443e-12,2.001966752424136334e-12,2.831874797008552279e-12,4.078075511976167441e-12,6.268701025898657744e-12,1.051826222599861917e-11,1.959124780988186805e-11,5.161084882209882362e-11,2.016698383520028163e-10,1.938372930227159162e-08,3.803226477727866928e-06,5.056207875905143488e-06,6.696287919121411649e-06,8.835488025561937344e-06,1.161609238029240460e-05,1.521823225881848811e-05,1.986921380922845905e-05,2.585494961145797977e-05,3.353391808381010541e-05,4.335414852280927744e-05,5.587381201550306760e-05,7.178609288955580892e-05,9.194912054236663952e-05,1.174218606902653009e-04,1.495069984085836332e-04,1.898019958274024669e-04,2.402596776303319919e-04,3.032598908484130003e-04,3.816940061677716106e-04,4.790642815326952341e-04,5.996004003312974551e-04,7.483958312817220668e-04,9.315670419413488385e-04,1.156439036281798087e-03,1.431761184619407363e-03,1.767957875157688845e-03,2.177419143928691764e-03,2.674837140024507835e-03,3.277595058342771487e-03,4.006216033172181092e-03,4.884880438308509577e-03,5.942021093204991056e-03,7.211007047773153669e-03,8.730927910664564029e-03,1.054749212809309895e-02,1.271405421267905386e-02,1.513637441272472177e-02,1.777002760458407105e-02,2.085337679699639929e-02,2.496072011623785836e-02,3.032109217762430156e-02,3.681998512648921446e-02,4.200418729813786695e-02,4.723263717540258227e-02,5.305695966966703092e-02,5.965342465947250788e-02,6.842890600701327652e-02,7.835777842716590280e-02,8.960878328034993512e-02,1.023139553073466046e-01,1.166927750187408130e-01,1.328930667115336417e-01,1.510114756179610773e-01,1.714897321180517964e-01,1.944899695745300194e-01,2.204004775338837263e-01
3.208699997370450205e+02,0.000000000000000000e+00,0.000000000000000000e+00,0.000000000000000000e+00,0.000000000000000000e+00,0.000000000000000000e+00,0.000000000000000000e+00,0.000000000000000000e+00,0.000000000000000000e+00,0.000000000000000000e+00,0.000000000000000000e+00,0.000000000000000000e+00,0.000000000000000000e+00,0.000000000000000000e+00,0.000000000000000000e+00,0.000000000000000000e+00,0.000000000000000000e+00,0.000000000000000000e+00,0.000000000000000000e+00,0.000000000000000000e+00,0.000000000000000000e+00,0.000000000000000000e+00,0.000000000000000000e+00,6.270209633257328327e-14,9.335805280497121485e-14,1.728318070984166363e-13,1.840934412552349804e-13,1.700605528548035285e-13,2.629535913692720717e-13,2.425865330199719803e-13,2.931869482047798142e-13,5.816135445317005308e-13,5.848800415089873331e-13,8.911169173411809400e-13,1.055459286391681802e-12,1.378823229688437719e-12,1.834349886293683991e-12,2.594772967932910907e-12,3.736634158700402384e-12,5.743847144385608100e-12,9.637609163541222571e-12,1.795094905991453211e-11,4.728967379388337232e-11,1.847848095388788925e-10,1.776080526737760650e-08,3.484797161851772780e-06,4.632871315676506115e-06,6.135633855135964728e-06,8.095727082087453646e-06,1.064352228185855394e-05,1.394406904098294485e-05,1.820564205053363551e-05,2.369021554552719558e-05,3.072625394479411103e-05,3.972427479970765525e-05,5.119571570972761509e-05,6.577572338300583952e-05,8.425057939022193129e-05,1.075905863795024000e-04,1.369893606868417889e-04,1.739106151701705209e-04,2.201436721206775373e-04,2.778691232617268672e-04,3.497362560916779340e-04,4.389540981601120092e-04,5.493981979658486706e-04,6.857355679618442560e-04,8.535705677383928665e-04,1.059614907260793791e-03,1.311885406201741995e-03,1.619933659407974454e-03,1.995112333530445290e-03,2.450883461334611626e-03,3.003174810624451192e-03,3.670791193719288945e-03,4.475888456049177504e-03,5.444518848016327052e-03,6.607257559162130721e-03,7.999921377701699893e-03,9.664391759964694947e-03,1.164955605337573454e-02,1.386906483299970780e-02,1.628221251748267553e-02,1.910740491074126857e-02,2.287085639738388118e-02,2.778242541789320910e-02,3.373719141355723677e-02,3.848734056192454345e-02,4.327803272813532387e-02,4.861470742173595178e-02,5.465887613199952449e-02,6.269962066111915699e-02,7.179718732793702318e-02,8.210618943705666473e-02,9.374760697550613142e-02,1.069225442069539067e-01,1.217664486767036786e-01,1.383678738887275383e-01,1.571315658616080080e-01,1.782060831641211762e-01,2.019472053738183837e-01
3.501900461431712870e+02,0.000000000000000000e+00,0.000000000000000000e+00,0.000000000000000000e+00,0.000000000000000000e+00,0.000000000000000000e+00,0.000000000000000000e+00,0.000000000000000000e+00,0.000000000000000000e+00,0.000000000000000000e+00,0.000000000000000000e+00,0.000000000000000000e+00,0.000000000000000000e+00,0.000000000000000000e+00,0.000000000000000000e+00,0.000000000000000000e+00,0.000000000000000000e+00,0.000000000000000000e+00,0.000000000000000000e+00,0.000000000000000000e+00,0.000000000000000000e+00,0.000000000000000000e+00,0.000000000000000000e+00,5.745229441935491154e-14,8.554154725098913523e-14,1.583612741395544207e-13,1.686800156021819806e-13,1.558220462025733808e-13,2.409375129954951306e-13,2.222757089860446309e-13,2.686395488091950483e-13,5.329173114322334001e-13,5.359103173608329275e-13,8.165071742674283784e-13,9.670897978879192691e-13,1.263379739716191006e-12,1.680766926459312964e-12,2.377522750026800292e-12,3.423780357907273504e-12,5.262937230817620825e-12,8.830689746409621809e-12,1.644798612516703097e-11,4.333029389306128487e-11,1.693134983165945369e-10,1.627376233059241403e-08,3.193028690341139831e-06,4.244979074120011990e-06,5.621921168710730139e-06,7.417903436463064363e-06,9.752381683587106221e-06,1.277658653862564296e-05,1.668135466528700890e-05,2.170672621790075831e-05,2.815366457091036340e-05,3.639831624261903240e-05,4.690929815749836617e-05,6.026857866765380600e-05,7.719660705528468643e-05,9.858244631312359705e-05,1.255197759378748139e-04,1.593497578200942020e-04,2.017119012760133551e-04,2.546042255908988433e-04,3.204542037562426371e-04,4.022021839639216200e-04,5.033992301561951779e-04,6.283216040402295546e-04,7.821044340414879097e-04,9.708974848335216084e-04,1.202046359052957305e-03,1.484302933772587959e-03,1.828069361153578489e-03,2.245680550475863142e-03,2.751730699682420917e-03,3.363450167518199866e-03,4.101139776909527336e-03,4.988670524967181441e-03,6.054057659891837195e-03,7.330119169949402165e-03,8.855229940518519888e-03,1.067418417214270783e-02,1.270786214037127743e-02,1.491896638337690019e-02,1.750761643915651339e-02,2.095596881475685069e-02,2.545631132213636502e-02,3.091250799164909496e-02,3.526494568305166277e-02,3.965453188357962594e-02,4.454438762445995376e-02,5.008250166805566089e-02,5.745002602621358812e-02,6.578588892734282823e-02,7.523175850722814417e-02,8.589848557054946543e-02,9.797033670552401929e-02,1.115714189628936315e-01,1.267828716072067485e-01,1.439755528519005012e-01,1.632855830363424410e-01,1.850389537020187547e-01
3.821892620633119009e+02,0.000000000000000000e+00,0.000000000000000000e+00,0.000000000000000000e+00,0.000000000000000000e+00,0.000000000000000000e+00,0.000000000000000000e+00,0.000000000000000000e+00,0.000000000000000000e+00,0.000000000000000000e+00,0.000000000000000000e+00,0.000000000000000000e+00,0.000000000000000000e+00,0.000000000000000000e+00,0.000000000000000000e+00,0.000000000000000000e+00,0.000000000000000000e+00,0.000000000000000000e+00,0.000000000000000000e+00,0.000000000000000000e+00,0.000000000000000000e+00,0.000000000000000000e+00,0.000000000000000000e+00,5.264203793986260503e-14,7.837948721337908769e-14,1.451023024530585797e-13,1.545570959483776922e-13,1.427756741652337019e-13,2.207647549750791331e-13,2.036654310121214730e-13,2.461474074009663203e-13,4.882982239569919255e-13,4.910406371754707119e-13,7.481442139145569906e-13,8.861191419105300266e-13,1.157601882792485563e-12,1.540042868695771615e-12,2.178462045331880895e-12,3.137120585352851783e-12,4.822292028192377559e-12,8.091330544129565766e-12,1.507086041360397562e-11,3.970241742504703106e-11,1.551375396264480224e-10,1.491122369766919742e-08,2.925688854706238509e-06,3.889563536708228670e-06,5.151219641429768748e-06,6.796831320368882835e-06,8.935852811101324087e-06,1.170685279162121401e-05,1.528468991627441391e-05,1.988930671371039085e-05,2.579646806914539188e-05,3.335082722032360993e-05,4.298176562479369411e-05,5.522252569490764288e-05,7.073323630507480711e-05,9.032852267204875536e-05,1.150104947749247916e-04,1.460080242512880864e-04,1.848233506983574007e-04,2.332872070412940393e-04,2.936238234280426200e-04,3.685273641672271393e-04,4.612515764705920522e-04,5.757146873350664235e-04,7.166218809161539012e-04,8.896080260826821949e-04,1.101403706819094721e-03,1.360028039673603266e-03,1.675012245187676180e-03,2.057658478808047867e-03,2.521339023218651006e-03,3.081841606445599561e-03,3.757767342708940618e-03,4.570988603656628811e-03,5.547175030050267505e-03,6.716396888027422775e-03,8.113816083521652525e-03,9.780476373415595073e-03,1.164388241912584117e-02,1.366985952979943471e-02,1.604177201522089674e-02,1.920140729908545105e-02,2.332495368500729638e-02,2.832432429303437249e-02,3.231234935621642851e-02,3.633441262877815797e-02,4.081485982472440183e-02,4.588928918467762713e-02,5.263995947042957729e-02,6.027789309062119710e-02,6.893289686070214195e-02,7.870654047992636793e-02,8.976766261393842594e-02,1.022299793142865398e-01,1.161678363714380713e-01,1.319210414874069925e-01,1.496143181765766383e-01,1.695463639804191402e-01
4.171124612056520391e+02,0.000000000000000000e+00,0.000000000000000000e+00,0.000000000000000000e+00,0.000000000000000000e+00,0.000000000000000000e+00,0.000000000000000000e+00,0.000000000000000000e+00,0.000000000000000000e+00,0.000000000000000000e+00,0.000000000000000000e+00,0.000000000000000000e+00,0.000000000000000000e+00,0.000000000000000000e+00,0.000000000000000000e+00,0.000000000000000000e+00,0.000000000000000000e+00,0.000000000000000000e+00,0.000000000000000000e+00,0.000000000000000000e+00,0.000000000000000000e+00,0.000000000000000000e+00,0.000000000000000000e+00,4.823452546968005783e-14,7.181707852217059744e-14,1.329534527401227949e-13,1.416166332610121121e-13,1.308216239622215420e-13,2.022809832859773287e-13,1.866133190107491716e-13,2.255384452467611309e-13,4.474149186085734925e-13,4.499277202669404217e-13,6.855050175352244097e-13,8.119278430763209881e-13,1.060680393169624056e-12,1.411101087297670468e-12,1.996067916867698621e-12,2.874461717240551523e-12,4.418540329342869527e-12,7.413875003476668641e-12,1.380903606544285906e-11,3.637828890066900721e-11,1.421484786543379231e-10,1.366276510896035049e-08,2.680732340565906962e-06,3.563905555700862395e-06,4.719928116732573638e-06,6.227759149635757360e-06,8.187688715675584387e-06,1.072668367802028095e-05,1.400496245804393362e-05,1.822405265450949638e-05,2.363663043460488916e-05,3.055849256503531680e-05,3.938307006900693092e-05,5.059895905196477579e-05,6.481101837295119106e-05,8.276566785732763912e-05,1.053811147250598688e-04,1.337833419855781784e-04,1.693488125751462404e-04,2.137549792931362207e-04,2.690398461743467883e-04,3.376720056602841601e-04,4.226327814021350968e-04,5.275123425361185562e-04,6.566219265042093182e-04,8.151246165875342554e-04,1.009187471230797370e-03,1.246158197637715903e-03,1.534770004436910662e-03,1.885378761691401195e-03,2.310237143023792603e-03,2.823811031583477443e-03,3.443144142863315341e-03,4.188277560161424856e-03,5.082731705360554741e-03,6.154059178524351470e-03,7.434477916375786984e-03,8.961595242153154450e-03,1.066898556915464071e-02,1.252533552007048870e-02,1.469865702636573637e-02,1.759374837424569279e-02,2.137204630800675770e-02,2.595283911851171618e-02,2.960696240119174358e-02,3.329227400676956078e-02,3.739759083806908080e-02,4.204715802401976649e-02,4.823262102238416033e-02,5.523106025757726356e-02,6.316141432679199530e-02,7.211674889460636950e-02,8.225176642386199111e-02,9.367066196473869399e-02,1.064415566247050166e-01,1.208758073325392202e-01,1.370876949893352903e-01,1.553509083566933791e-01
4.552268275507309454e+02,0.000000000000000000e+00,0.000000000000000000e+00,0.000000000000000000e+00,0.000000000000000000e+00,0.000000000000000000e+00,0.000000000000000000e+00,0.000000000000000000e+00,0.000000000000000000e+00,0.000000000000000000e+00,0.000000000000000000e+00,0.000000000000000000e+00,0.000000000000000000e+00,0.000000000000000000e+00,0.000000000000000000e+00,0.000000000000000000e+00,0.000000000000000000e+00,0.000000000000000000e+00,0.000000000000000000e+00,0.000000000000000000e+00,0.000000000000000000e+00,0.000000000000000000e+00,0.000000000000000000e+00,4.419603682408821245e-14,6.580411470948258951e-14,1.218217788186963066e-13,1.297596250312733039e-13,1.198684397477024677e-13,1.853447856917234374e-13,1.709889138237456966e-13,2.066549910942780156e-13,4.099546129234907474e-13,4.122570275019159580e-13,6.281103567014105347e-13,7.439482922592461539e-13,9.718737617638681519e-13,1.292955098229816298e-12,1.828944937225916554e-12,2.633794251473495699e-12,4.048593185126480398e-12,6.793140172360761481e-12,1.265285934733842591e-11,3.333247668958463394e-11,1.302469410846451862e-10,1.251883508741159967e-08,2.456285079732968390e-06,3.265513646990018952e-06,4.324746948848666785e-06,5.706333171700215085e-06,7.502165481230552597e-06,9.828580300476518202e-06,1.283238158743283677e-05,1.669822382121522892e-05,2.165762757927036715e-05,2.799994919701000076e-05,3.608567925291588789e-05,4.636250560662973910e-05,5.938464464459481822e-05,7.583602137211964715e-05,9.655796510074182671e-05,1.225821846751842564e-04,1.551698971598988394e-04,1.958581087754262011e-04,2.465141894293694665e-04,3.094000459485526195e-04,3.872473873855544215e-04,4.833457920207455253e-04,6.016455342040346764e-04,7.468774123955822675e-04,9.246921412953756437e-04,1.141822233247756849e-03,1.406269699392766713e-03,1.727523353193251678e-03,2.116809999709387199e-03,2.587384350128606961e-03,3.154863116136303203e-03,3.837609419310091061e-03,4.657174408366077968e-03,5.638803811652474789e-03,6.812018083738687405e-03,8.211275833401530597e-03,9.775713029174988924e-03,1.147663804067205855e-02,1.346799581578245024e-02,1.612069245940199111e-02,1.958264824702234813e-02,2.377990914604076120e-02,2.712808694168635307e-02,3.050484178362503421e-02,3.426643645225536938e-02,3.852671351656524606e-02,4.419429182873478579e-02,5.060677904899705398e-02,5.787315550980391687e-02,6.607869485070498594e-02,7.536514690085162338e-02,8.582798286535668619e-02,9.752962033711362611e-02,1.107553475439162355e-01,1.256098770928412989e-01,1.423439828531916640e-01
4.968239594734387765e+02,0.000000000000000000e+00,0.000000000000000000e+00,0.000000000000000000e+00,0.000000000000000000e+00,0.000000000000000000e+00,0.000000000000000000e+00,0.000000000000000000e+00,0.000000000000000000e+00,0.000000000000000000e+00,0.000000000000000000e+00,0.000000000000000000e+00,0.000000000000000000e+00,0.000000000000000000e+00,0.000000000000000000e+00,0.000000000000000000e+00,0.000000000000000000e+00,0.000000000000000000e+00,0.000000000000000000e+00,0.000000000000000000e+00,0.000000000000000000e+00,0.000000000000000000e+00,0.000000000000000000e+00,4.049567507788555641e-14,6.029459289912455778e-14,1.116221165279505308e-13,1.188953578441841874e-13,1.098323229170267412e-13,1.698265898507339759e-13,1.566726791292972876e-13,1.893525748900645897e-13,3.756307124936992538e-13,3.777403548816266445e-13,5.755211269118104860e-13,6.816604040310306310e-13,8.905025631542906326e-13,1.184701011916817846e-12,1.675814512691263186e-12,2.413276933725921248e-12,3.709620272061715379e-12,6.224377047050489307e-12,1.159348479537734713e-11,3.054167845264621852e-11,1.193418728255191102e-10,1.147068186388027029e-08,2.250629912438458322e-06,2.992104928712395573e-06,3.962652758475378742e-06,5.228564156716090339e-06,6.874038432850116392e-06,9.005671615063758786e-06,1.175797633865878268e-05,1.530014668358650710e-05,1.984431891254945660e-05,2.565562268382900625e-05,3.306436610611239983e-05,4.248075388106835706e-05,5.441260001920593820e-05,6.948656715325965069e-05,8.847354337369646579e-05,1.123188565685614461e-04,1.421781270177457067e-04,1.794596734070952272e-04,2.258745180468119227e-04,2.834951871292349409e-04,3.548246743648832743e-04,4.428771344779774684e-04,5.512721007578740527e-04,6.843442803654015008e-04,8.472712757032215642e-04,1.046221912121885140e-03,1.288528223586033090e-03,1.582884562224918645e-03,1.939577756508914161e-03,2.370752752366858326e-03,2.890718735138464446e-03,3.516301353869655255e-03,4.267247363669636126e-03,5.166688766540372853e-03,6.241674384555035392e-03,7.523777741607093165e-03,8.957230714143107550e-03,1.051574391005691625e-02,1.234037306731971054e-02,1.477096976963908868e-02,1.794306950490470037e-02,2.178891012315497394e-02,2.485675805384445283e-02,2.795079038622534998e-02,3.139744140794178268e-02,3.530102209380162059e-02,4.049407618418551791e-02,4.636967086581773867e-02,5.302766197306678364e-02,6.054618351631133738e-02,6.905511716450074555e-02,7.864194069119495589e-02,8.936384570773724112e-02,1.014822343715714587e-01,1.150930521116874522e-01,1.304260764796274785e-01
5.422221006501586089e+02,0.000000000000000000e+00,0.000000000000000000e+00,0.000000000000000000e+00,0.000000000000000000e+00,0.000000000000000000e+00,0.000000000000000000e+00,0.000000000000000000e+00,0.000000000000000000e+00,0.000000000000000000e+00,0.000000000000000000e+00,0.000000000000000000e+00,0.000000000000000000e+00,0.000000000000000000e+00,0.000000000000000000e+00,0.000000000000000000e+00,0.000000000000000000e+00,0.000000000000000000e+00,0.000000000000000000e+00,0.000000000000000000e+00,0.000000000000000000e+00,0.000000000000000000e+00,0.000000000000000000e+00,3.710513018488317076e-14,5.524636185626379059e-14,1.022764321700020298e-13,1.089407133651140765e-13,1.006364909957983201e-13,1.556076720081009279e-13,1.435550869154826073e-13,1.734988224946400622e-13,3.441806183428831063e-13,3.461136286037822770e-13,5.273349881719865926e-13,6.245876376873601616e-13,8.159442575598954179e-13,1.085510617931192410e-12,1.535505101212220451e-12,2.211222670713690897e-12,3.399028238610578930e-12,5.703234239370191697e-12,1.062280754183198066e-11,2.798454286465621900e-11,1.093498433890010142e-10,1.051028642071174702e-08,2.062193450001910152e-06,2.741587655797166362e-06,3.630875302064295965e-06,4.790796877489522726e-06,6.298502011788456081e-06,8.251661863558577950e-06,1.077352684990700684e-05,1.401912509052876319e-05,1.818283150643388029e-05,2.350757748393664712e-05,3.029601572237818177e-05,3.892400608404241770e-05,4.985684529341674951e-05,6.366872796572600344e-05,8.106599873900222346e-05,1.029148368851269372e-04,1.302741071062486951e-04,1.644342150587645298e-04,2.069629258298639606e-04,2.597592410791173126e-04,3.251165886183125342e-04,4.057967597553975266e-04,5.051162383778930610e-04,6.270468035265622632e-04,7.763325571536955957e-04,9.586258329289939562e-04,1.180644782216886540e-03,1.450355812961152784e-03,1.777184477615198922e-03,2.172258873164968108e-03,2.648690132684510500e-03,3.221895159265165520e-03,3.909967389246662983e-03,4.734102072345646416e-03,5.719083338285659707e-03,6.893841182978844261e-03,8.207276730294919484e-03,9.635301696368893734e-03,1.130716177251667696e-02,1.353425409516717873e-02,1.644076629455856059e-02,1.996460968119260007e-02,2.277559867289905352e-02,2.561057974849359140e-02,2.876865612619763576e-02,3.234540522983519323e-02,3.710366516031503997e-02,4.248731922105762615e-02,4.858786270697620924e-02,5.547688777257598486e-02,6.327340160135806746e-02,7.205755779416953000e-02,8.188175953185115874e-02,9.298552278898312984e-02,1.054567598580872234e-01,1.195060099127206732e-01
5.917685748188824846e+02,0.000000000000000000e+00,0.000000000000000000e+00,0.000000000000000000e+00,0.000000000000000000e+00,0.000000000000000000e+00,0.000000000000000000e+00,0.000000000000000000e+00,0.000000000000000000e+00,0.000000000000000000e+00,0.000000000000000000e+00,0.000000000000000000e+00,0.000000000000000000e+00,0.000000000000000000e+00,0.000000000000000000e+00,0.000000000000000000e+00,0.000000000000000000e+00,0.000000000000000000e+00,0.000000000000000000e+00,0.000000000000000000e+00,0.000000000000000000e+00,0.000000000000000000e+00,0.000000000000000000e+00,3.399846238861649044e-14,5.062079950451991521e-14,9.371322550406644751e-14,9.981953243333008627e-14,9.221059020665888864e-14,1.425792486857500887e-13,1.315357795235282812e-13,1.589724429388049660e-13,3.153637178825632043e-13,3.171348847353550695e-13,4.831832868456288946e-13,5.722933514180150579e-13,7.476284280269008600e-13,9.946250486735409082e-13,1.406943249382829477e-12,2.026085622891670303e-12,3.114440864442178778e-12,5.225724685900540012e-12,9.733401307930846608e-12,2.564150626358019905e-11,1.001944075964103884e-10,9.630301141315887437e-09,1.889534037438978834e-06,2.512045216827978896e-06,3.326876277752053969e-06,4.389682144739837651e-06,5.771153009986114078e-06,7.560782407012613929e-06,9.871501476325208254e-06,1.284535843795079848e-05,1.666045395905648560e-05,2.153937972870163987e-05,2.775944851641682994e-05,3.566505090451719227e-05,4.568252613795910171e-05,5.833799375687613288e-05,7.427865891834162476e-05,9.429817908293120735e-05,1.193667643421135227e-04,1.506667797207914157e-04,1.896347274515514103e-04,2.380106131933718450e-04,2.978958449944541344e-04,3.718209801508007739e-04,4.628248262922598469e-04,5.745466208951705619e-04,7.113332607629951551e-04,8.783638317180904017e-04,1.081794000519917948e-03,1.328923178853585020e-03,1.628387754436432184e-03,1.990384112106576182e-03,2.426925640914780365e-03,2.952138446800794264e-03,3.582601073265530289e-03,4.337734174453527353e-03,5.240246801594140511e-03,6.316646754903161229e-03,7.520113467802342147e-03,8.828575474461764980e-03,1.036045722867528704e-02,1.240108379945760626e-02,1.506424507124641543e-02,1.829305079829549388e-02,2.086868664792478067e-02,2.346630581785584882e-02,2.635996878070652472e-02,2.963725063546959748e-02,3.399712002484011480e-02,3.893002173372696328e-02,4.451979051294072814e-02,5.083202438518439475e-02,5.797576652675398567e-02,6.602445959019198618e-02,7.502611924244206865e-02,8.520020771992983799e-02,9.662727676188664905e-02,1.095002379182207913e-01
6.458424430196978392e+02,0.000000000000000000e+00,0.000000000000000000e+00,0.000000000000000000e+00,0.000000000000000000e+00,0.000000000000000000e+00,0.000000000000000000e+00,0.000000000000000000e+00,0.000000000000000000e+00,0.000000000000000000e+00,0.000000000000000000e+00,0.000000000000000000e+00,0.000000000000000000e+00,0.000000000000000000e+00,0.000000000000000000e+00,0.000000000000000000e+00,0.000000000000000000e+00,0.000000000000000000e+00,0.000000000000000000e+00,0.000000000000000000e+00,0.000000000000000000e+00,0.000000000000000000e+00,0.000000000000000000e+00,3.115190376723403408e-14,4.638251744329617152e-14,8.586698272558492531e-14,9.146203239751673772e-14,8.449015721956549067e-14,1.306416444218423655e-13,1.205228018499165883e-13,1.456623004730327271e-13,2.889595440776206758e-13,2.905824180394843095e-13,4.427282352272105641e-13,5.243774617281254612e-13,6.850324163877643679e-13,9.113489735680802464e-13,1.289145379863074965e-12,1.856449377829235852e-12,2.853680880883861828e-12,4.788195144488046204e-12,8.918461588252740067e-12,2.349464297648445340e-11,9.180552072565107110e-11,8.823993596375249637e-09,1.731330723912999458e-06,2.301721470785321176e-06,3.048329905787929588e-06,4.022151183739036939e-06,5.287956882816736375e-06,6.927747592112142529e-06,9.044999168302256251e-06,1.176986668810803061e-05,1.526553914463897826e-05,1.973597149320169744e-05,2.543525818698340267e-05,3.267895532837460939e-05,4.185770644058136230e-05,5.345358112713341188e-05,6.805959658217178613e-05,8.640296042330559956e-05,1.093726508360174808e-04,1.380520380343041665e-04,1.737573515228839859e-04,2.180829130749993203e-04,2.729541880409651258e-04,3.406898600265708234e-04,4.240743091537793781e-04,5.264420737423881847e-04,6.517761018845699694e-04,8.048218547513667429e-04,9.912196091388877656e-04,1.217657625468228236e-03,1.492049200405334538e-03,1.823737015263848099e-03,2.223728624895809046e-03,2.704967411499236991e-03,3.282643861803738634e-03,3.974552614345965712e-03,4.801501380088135131e-03,5.787778564545899111e-03,6.890483704524740828e-03,8.089393291923730259e-03,9.493016563016704393e-03,1.136278943189668669e-02,1.380297459989321060e-02,1.676144501959680316e-02,1.912143292757803245e-02,2.150156357821325637e-02,2.415295142990962415e-02,2.715583926026824205e-02,3.115067379433984762e-02,3.567056288732187858e-02,4.079232213339472474e-02,4.657605728873071699e-02,5.312168176987263485e-02,6.049648916257918674e-02,6.874447496931905544e-02,7.806672670962550020e-02,8.853705183985159655e-02,1.003322101784161618e-01
7.048574036451902884e+02,0.000000000000000000e+00,0.000000000000000000e+00,0.000000000000000000e+00,0.000000000000000000e+00,0.000000000000000000e+00,0.000000000000000000e+00,0.000000000000000000e+00,0.000000000000000000e+00,0.000000000000000000e+00,0.000000000000000000e+00,0.000000000000000000e+00,0.000000000000000000e+00,0.000000000000000000e+00,0.000000000000000000e+00,0.000000000000000000e+00,0.000000000000000000e+00,0.000000000000000000e+00,0.000000000000000000e+00,0.000000000000000000e+00,0.000000000000000000e+00,0.000000000000000000e+00,0.000000000000000000e+00,2.854367639425765887e-14,4.249909020472066520e-14,7.867767524527210989e-14,8.380427323551747846e-14,7.741612596761562208e-14,1.197035291921049974e-13,1.104318978332125035e-13,1.334665643105424018e-13,2.647660887377018636e-13,2.662530857938761371e-13,4.056603272580128328e-13,4.804733825530437295e-13,6.276773246043204743e-13,8.350452793555179603e-13,1.181210266406493650e-12,1.701016113782878909e-12,2.614753313474985262e-12,4.387298244692725074e-12,8.171753592069669469e-12,2.152752817709847100e-11,8.411900262594989862e-11,8.085195036614620642e-09,1.586373156647573838e-06,2.109007311486196908e-06,2.793105134886407041e-06,3.685392156295207745e-06,4.845216882335987309e-06,6.347714312675029831e-06,8.287696674188611238e-06,1.078442166678335562e-05,1.398741510580675839e-05,1.808355559382436478e-05,2.330566324672842058e-05,2.994287388550019000e-05,3.835312397512173713e-05,4.897812131186377060e-05,6.236123207367383077e-05,7.916877762131275848e-05,1.002153054648643424e-04,1.264934794567389696e-04,1.592093263400845668e-04,1.998236815458199578e-04,2.501007987220818084e-04,3.121652271419690693e-04,3.885682216422249157e-04,4.823651326577931778e-04,5.972054315753211199e-04,7.374372606149385591e-04,9.082286582004005064e-04,1.115707902799909987e-03,1.367125741620836424e-03,1.671042629717992781e-03,2.037544502318206635e-03,2.478491042722632924e-03,3.007800897467963804e-03,3.641778829426418201e-03,4.399490401096154378e-03,5.303190444552650061e-03,6.313570385021865204e-03,7.412099949840439926e-03,8.698203320244006498e-03,1.041142740114940450e-02,1.264730538465231799e-02,1.535807461766541988e-02,1.752046994486947465e-02,1.970132154146575151e-02,2.213071903190383730e-02,2.488218677905851620e-02,2.854254940219554115e-02,3.268400581436231578e-02,3.737694013971064322e-02,4.267642571393243101e-02,4.867401059298441524e-02,5.543135413321471916e-02,6.298876826530507012e-02,7.153050423525855739e-02,8.112418988904461503e-02,9.193178563505927103e-02
7.692649574879145575e+02,0.000000000000000000e+00,0.000000000000000000e+00,0.000000000000000000e+00,0.000000000000000000e+00,0.000000000000000000e+00,0.000000000000000000e+00,0.000000000000000000e+00,0.000000000000000000e+00,0.000000000000000000e+00,0.000000000000000000e+00,0.000000000000000000e+00,0.000000000000000000e+00,0.000000000000000000e+00,0.000000000000000000e+00,0.000000000000000000e+00,0.000000000000000000e+00,0.000000000000000000e+00,0.000000000000000000e+00,0.000000000000000000e+00,0.000000000000000000e+00,0.000000000000000000e+00,0.000000000000000000e+00,2.615382572403349946e-14,3.894080717884872920e-14,7.209030043344097015e-14,7.678766837378910277e-14,7.093437575526090381e-14,1.096812196789022597e-13,1.011858658433065976e-13,1.222919295590696128e-13,2.425982570301604630e-13,2.439607536238774369e-13,3.716959706141732518e-13,4.402452206491950580e-13,5.751243509028698236e-13,7.651301957842657349e-13,1.082312138924389749e-12,1.558596670560634281e-12,2.395830219183734483e-12,4.019966878342821536e-12,7.487564543358228655e-12,1.972511222577909854e-11,7.707604670017935869e-11,7.408253198070174933e-09,1.453552320982462492e-06,1.932428356930892457e-06,2.559249338372483193e-06,3.376828648458746012e-06,4.439545774883215484e-06,5.816244956905926644e-06,7.593800163527190653e-06,9.881484112687236932e-06,1.281630340654293401e-05,1.656949003131570302e-05,2.135437098286932858e-05,2.743587386786770007e-05,3.514196652745761823e-05,4.487737428731350847e-05,5.713996939507732240e-05,7.254028472341875829e-05,9.182466889710578888e-05,1.159026738967554857e-04,1.458793505512498564e-04,1.830932242398715208e-04,2.291608345354849690e-04,2.860288504888202320e-04,3.560349203220664126e-04,4.419785818977479660e-04,5.472037506005845205e-04,6.756945156655380603e-04,8.321862158206349679e-04,1.022294032685506409e-03,1.252661636690381589e-03,1.531132749384284597e-03,1.866948849984636713e-03,2.270976656776649630e-03,2.755969462321762944e-03,3.336866895304863630e-03,4.031138233054493321e-03,4.859174997376750592e-03,5.784959767113258440e-03,6.791513737040668838e-03,7.969936689572243438e-03,9.539719201793812886e-03,1.158839584431989138e-02,1.407220294467503505e-02,1.605354934704445249e-02,1.805180674737126567e-02,2.027780026347294345e-02,2.279889835015317182e-02,2.615279309062014043e-02,2.994750151399903568e-02,3.424751475630818248e-02,3.910329507769347290e-02,4.459872557253263120e-02,5.079030309981152902e-02,5.771496442952036426e-02,6.554153416963326428e-02,7.433197795040562272e-02,8.423469586707658940e-02
8.395578619995112604e+02,0.000000000000000000e+00,0.000000000000000000e+00,0.000000000000000000e+00,0.000000000000000000e+00,0.000000000000000000e+00,0.000000000000000000e+00,0.000000000000000000e+00,0.000000000000000000e+00,0.000000000000000000e+00,0.000000000000000000e+00,0.000000000000000000e+00,0.000000000000000000e+00,0.000000000000000000e+00,0.000000000000000000e+00,0.000000000000000000e+00,0.000000000000000000e+00,0.000000000000000000e+00,0.000000000000000000e+00,0.000000000000000000e+00,0.000000000000000000e+00,0.000000000000000000e+00,0.000000000000000000e+00,2.396406792716887376e-14,3.568044530919964959e-14,6.605446081601251160e-14,7.035853646403391071e-14,6.499531720165620215e-14,1.004980390423197312e-13,9.271396804140033741e-14,1.120529033809792264e-13,2.222864513905977942e-13,2.235348714598790945e-13,3.405753170507592512e-13,4.033852058039065748e-13,5.269714326703764912e-13,7.010688294085030880e-13,9.916943658361087546e-13,1.428101451714271005e-12,2.195236701517196623e-12,3.683390734268432479e-12,6.860659974544835746e-12,1.807360553049902402e-11,7.062276999817376008e-11,6.787989058789230712e-09,1.331852055728452512e-06,1.770633669372688450e-06,2.344973375385087939e-06,3.094099959368972749e-06,4.067839926657937531e-06,5.329273456933144234e-06,6.958000900682250739e-06,9.054145997465837779e-06,1.174324432113078846e-05,1.518219127170048215e-05,1.956645280790389956e-05,2.513877518143153221e-05,3.219966676555539425e-05,4.111996681334103236e-05,5.235586267142893689e-05,6.646676967686408288e-05,8.413654759570942721e-05,1.061985951695788518e-04,1.336654416324638500e-04,1.677635428554797789e-04,2.099740918594810465e-04,2.620807706899033187e-04,3.262255054028985425e-04,4.049734394772874476e-04,5.013885153078718581e-04,6.191212498806540751e-04,7.625105104854130447e-04,9.367013414906508227e-04,1.147781164719685436e-03,1.402936977516078959e-03,1.710636506095131485e-03,2.080836640813152946e-03,2.525222890798413909e-03,3.057484047908325814e-03,3.693626755031658923e-03,4.452335231404860524e-03,5.300607654032386991e-03,6.222886786814723140e-03,7.302644982781106124e-03,8.740995729272119791e-03,1.061814466879360333e-02,1.289399229043614037e-02,1.470944828814131113e-02,1.654039939191789821e-02,1.858001915493707676e-02,2.089003553409886707e-02,2.396312175212271176e-02,2.744011404308561997e-02,3.138010395177918271e-02,3.582932873017007080e-02,4.086464826838755171e-02,4.653782916381951629e-02,5.288271561480217819e-02,6.005399720350064474e-02,6.810845141968864536e-02,7.718205339756772920e-02
9.162739011886741309e+02,0.000000000000000000e+00,0.000000000000000000e+00,0.000000000000000000e+00,0.000000000000000000e+00,0.000000000000000000e+00,0.000000000000000000e+00,0.000000000000000000e+00,0.000000000000000000e+00,0.000000000000000000e+00,0.000000000000000000e+00,0.000000000000000000e+00,0.000000000000000000e+00,0.000000000000000000e+00,0.000000000000000000e+00,0.000000000000000000e+00,0.000000000000000000e+00,0.000000000000000000e+00,0.000000000000000000e+00,0.000000000000000000e+00,0.000000000000000000e+00,0.000000000000000000e+00,0.000000000000000000e+00,2.195765000797738011e-14,3.269306081960944940e-14,6.052397850280212593e-14,6.446769068782586112e-14,5.955351285135679611e-14,9.208373029511788291e-14,8.495138919197584199e-14,1.026711509204072989e-13,2.036752739970493842e-13,2.048191687242519632e-13,3.120602744026684059e-13,3.696113362037412280e-13,4.828501704278699403e-13,6.423710713239054885e-13,9.086636653714786168e-13,1.308532088455442552e-12,2.011438096531715978e-12,3.374994797690347631e-12,6.286243679605180014e-12,1.656037304797552007e-11,6.470980097897704657e-11,6.219657216122836581e-09,1.220341278908463176e-06,1.622385419812128271e-06,2.148637902847664954e-06,2.835043040438723915e-06,3.727255559009914649e-06,4.883074180885377949e-06,6.375434629742426202e-06,8.296077675029833010e-06,1.076002828673423760e-05,1.391104562511362280e-05,1.792823004672217232e-05,2.303400360659526403e-05,2.950371428425070634e-05,3.767715240880876402e-05,4.797231054004861238e-05,6.090176635122924591e-05,7.709212269806714685e-05,9.730700109678658359e-05,1.224741556586845300e-04,1.537173558894236089e-04,1.923937802966355049e-04,2.401377701865717404e-04,2.989119165027603604e-04,3.710665932676491196e-04,4.594092109323404745e-04,5.672846429369542576e-04,6.986684801398360383e-04,8.582749924163020393e-04,1.051681925508585191e-03,1.285474537510503329e-03,1.567411584955547650e-03,1.906616306614201343e-03,2.313795829522801578e-03,2.801492836399098029e-03,3.384373796367717412e-03,4.079558571879104457e-03,4.856808453830796513e-03,5.701868752810173267e-03,6.691223007368734578e-03,8.009146257133696253e-03,9.729128839061226830e-03,1.181442861785459569e-02,1.347788356730828842e-02,1.515553627805136735e-02,1.702438663525446608e-02,1.914099435479877515e-02,2.195678305247662776e-02,2.514266034332015426e-02,2.875277026760280491e-02,3.282947881256433748e-02,3.744321068957841281e-02,4.264139828078491318e-02,4.845505214182594528e-02,5.502591029962520391e-02,6.240599648623734036e-02,7.071990116834186990e-02
1.000000000000000000e+03,0.000000000000000000e+00,0.000000000000000000e+00,0.000000000000000000e+00,0.000000000000000000e+00,0.000000000000000000e+00,0.000000000000000000e+00,0.000000000000000000e+00,0.000000000000000000e+00,0.000000000000000000e+00,0.000000000000000000e+00,0.000000000000000000e+00,0.000000000000000000e+00,0.000000000000000000e+00,0.000000000000000000e+00,0.000000000000000000e+00,0.000000000000000000e+00,0.000000000000000000e+00,0.000000000000000000e+00,0.000000000000000000e+00,0.000000000000000000e+00,0.000000000000000000e+00,0.000000000000000000e+00,2.011922163374495945e-14,2.995579837898215018e-14,5.545654189822196324e-14,5.907006244715897188e-14,5.456732954980254262e-14,8.437391879351336639e-14,7.783874078632907741e-14,9.407489599337273440e-14,1.866223378809485828e-13,1.876704587651916479e-13,2.859326850329411041e-13,3.386652209469606841e-13,4.424230093475606333e-13,5.885878475327029860e-13,8.325848015383247253e-13,1.198973801519631620e-12,1.843028231708636574e-12,3.092419649771215155e-12,5.759921020134484200e-12,1.517383761780830327e-11,5.929190178814999356e-11,5.698909581473160602e-09,1.118166864407033655e-06,1.486549417842883634e-06,1.968740833484081966e-06,2.597675946700589754e-06,3.415186991781187002e-06,4.474233429513534378e-06,5.841644359967463860e-06,7.601479455863851308e-06,9.859133095186466321e-06,1.274632804453649958e-05,1.642716928631813181e-05,2.110545634460903513e-05,2.703348338678640583e-05,3.452259142329945955e-05,4.395577612756490119e-05,5.580269904392195579e-05,7.063750001547392573e-05,8.915986550792324333e-05,1.122198724001718012e-04,1.408472013612099751e-04,1.762853996368348927e-04,2.200319715115993662e-04,2.738851878457674487e-04,3.399986350141398972e-04,4.209446699429861510e-04,5.197881128682671189e-04,6.401716939352892566e-04,7.864149755939648084e-04,9.636287006953679493e-04,1.177846769363455511e-03,1.436178327715542614e-03,1.746982761331335654e-03,2.120070731270941745e-03,2.566934770359525619e-03,3.101013381478572375e-03,3.737993047783363422e-03,4.450166829317676355e-03,5.224473526203177697e-03,6.130993008685163212e-03,7.338571686214560331e-03,8.914546836533867105e-03,1.082525259999674722e-02,1.234943295598429046e-02,1.388662235009660746e-02,1.559900115762893717e-02,1.753839357010186437e-02,2.011842726504612863e-02,2.303756347903572824e-02,2.634541298307814181e-02,3.008079462557925257e-02,3.430823673156948445e-02,3.907120035487481741e-02,4.439809965829148025e-02,5.041880549669563311e-02,5.718098585801138778e-02,6.479879973519407643e-02
