distance_kpc\alpha,0.1,0.10202020202,0.10404040404,0.106060606061,0.108080808081,0.110101010101,0.112121212121,0.114141414141,0.116161616162,0.118181818182,0.120202020202,0.122222222222,0.124242424242,0.126262626263,0.128282828283,0.130303030303,0.132323232323,0.134343434343,0.136363636364,0.138383838384,0.140404040404,0.142424242424,0.144444444444,0.146464646465,0.148484848485,0.150505050505,0.152525252525,0.154545454545,0.156565656566,0.158585858586,0.160606060606,0.162626262626,0.164646464646,0.166666666667,0.168686868687,0.170707070707,0.172727272727,0.174747474747,0.176767676768,0.178787878788,0.180808080808,0.182828282828,0.184848484848,0.186868686869,0.188888888889,0.190909090909,0.192929292929,0.194949494949,0.19696969697,0.19898989899,0.20101010101,0.20303030303,0.205050505051,0.207070707071,0.209090909091,0.211111111111,0.213131313131,0.215151515152,0.217171717172,0.219191919192,0.221212121212,0.223232323232,0.225252525253,0.227272727273,0.229292929293,0.231313131313,0.233333333333,0.235353535354,0.237373737374,0.239393939394,0.241414141414,0.243434343434,0.245454545455,0.247474747475,0.249494949495,0.251515151515,0.253535353535,0.255555555556,0.257575757576,0.259595959596,0.261616161616,0.263636363636,0.265656565657,0.267676767677,0.269696969697,0.271717171717,0.273737373737,0.275757575758,0.277777777778,0.279797979798,0.281818181818,0.283838383838,0.285858585859,0.287878787879,0.289898989899,0.291919191919,0.293939393939,0.29595959596,0.29797979798,0.3
1.000000000000000000e+00,4.315268580560789254e-14,1.047288306947147437e-14,1.216446492458898962e-14,1.082637417852617993e-14,6.544359936656402520e-15,4.675931587365430926e-15,5.114262625853448026e-15,6.996768078762025442e-15,9.581403474344653029e-15,1.307656911232455257e-14,1.775783862925706115e-14,2.400212081362706911e-14,3.229336063303761591e-14,4.325662861234743197e-14,5.769500551755551524e-14,7.663752588783236590e-14,1.013991679315222796e-13,1.336562948732794287e-13,1.755416001048959245e-13,2.297631711947733302e-13,2.997544591193427867e-13,3.898630636969188531e-13,5.055894375401691990e-13,6.538880323772068847e-13,8.435500355085220803e-13,1.085689883488199805e-12,1.394366207584470808e-12,1.787378713773825092e-12,2.287294760578336212e-12,2.922776720838512015e-12,3.730312059277003092e-12,4.756474970068690755e-12,6.060907269281539586e-12,7.720273652425143172e-12,9.833538491213725160e-12,1.252906853991411370e-11,1.597426364643553810e-11,2.038872092993156449e-11,2.606238069012255175e-11,3.338077673877409563e-11,4.298452285005560358e-11,5.548225722154637102e-11,7.180436875502531307e-11,9.325769363574142362e-11,1.216594452213351846e-10,1.595467004050463471e-10,2.105253778679270215e-10,2.797527962016043122e-10,3.746825810775597654e-10,5.061830810152721502e-10,6.902236999209965603e-10,9.503943964336813262e-10,1.321614551157977121e-09,1.855424714144547598e-09,2.627085836714228866e-09,3.743813215714459956e-09,5.350110749097506739e-09,7.616287138192812244e-09,1.067617395697096946e-08,1.447505838127221668e-08,1.860359820515577705e-08,2.241083442838165022e-08,2.543628961508528284e-08,2.764609219123347813e-08,2.924645036417418292e-08,3.048274260823258095e-08,3.156347617509271070e-08,3.263633906780497493e-08,3.378381640991296655e-08,3.503356312869331977e-08,3.637881945919396087e-08,3.780455650001032250e-08,3.929925224512098622e-08,4.085720656194500951e-08,4.247712511992097312e-08,4.416053949541106463e-08,4.591083758540876674e-08,4.773278258056093948e-08,4.963234327149038234e-08,2.661352999299339153e-20,3.058824753116078554e-20,3.485588290801146438e-20,3.975717401765007744e-20,4.539592626252921562e-20,5.164786366485741373e-20,5.874087000338403702e-20,6.693495188856862273e-20,7.461576780090982923e-20,8.311106172936445296e-20,9.246229736232142715e-20,1.024791156997338470e-19,1.136701638997719034e-19,1.264717733427096603e-19,1.408961184180733601e-19,1.566934822883169975e-19,1.745287544715097355e-19,1.940689414625336351e-19,2.156657847240650738e-19,2.372599673471147120e-19,2.647835013612576305e-19
1.091376714651273394e+00,3.953967976987344190e-14,9.596029426757437694e-15,1.114598173232593686e-14,9.919924104286502652e-15,5.996426209943022340e-15,4.284434077246670474e-15,4.686065367894168240e-15,6.410955983239661112e-15,8.779189940300485587e-15,1.198171899471292756e-14,1.627104407750829554e-14,2.199251687470393264e-14,2.958956352972610562e-14,3.963491985090517684e-14,5.286442778467263399e-14,7.022096482269212607e-14,9.290941117790136548e-14,1.224657747219634287e-13,1.608441867490150389e-13,2.105259972201160175e-13,2.746571876559810049e-13,3.572213503029441338e-13,4.632584063347180329e-13,5.991405383668490493e-13,7.729228818832376061e-13,9.947893050248092466e-13,1.277621364709078865e-12,1.637728466971136233e-12,2.095788493443525178e-12,2.678064028306142258e-12,3.417987583204894033e-12,4.358233876731118492e-12,5.553451148367386786e-12,7.073885257751716261e-12,9.010214675833382960e-12,1.148005850932738249e-11,1.463680086993589658e-11,1.868165286671555242e-11,2.388027922920294474e-11,3.058593452714466536e-11,3.938559644255412249e-11,5.083694427113974530e-11,6.579246908155713597e-11,8.544959076347892509e-11,1.114733744894025208e-10,1.461884776019123266e-10,1.928989092782651198e-10,2.563301859440839081e-10,3.433118702713771584e-10,4.638023463575657649e-10,6.324339622194918651e-10,8.708215812881439710e-10,1.210960920657237480e-09,1.700077241191104198e-09,2.407130188363656793e-09,3.430358340484400875e-09,4.902166847867029661e-09,6.978605128685046877e-09,9.782299561322707836e-09,1.326311821294209996e-08,1.704599150358469125e-08,2.053446269058668863e-08,2.330660831737913488e-08,2.533139274468322277e-08,2.679775917110278161e-08,2.793054148857546597e-08,2.892078945002795002e-08,2.990382571817398523e-08,3.095522925895287955e-08,3.210033956046750193e-08,3.333296282651408289e-08,3.463932846697208485e-08,3.600887916843474439e-08,3.743639204818482353e-08,3.892068114490939321e-08,4.046314980205679570e-08,4.206690226122207303e-08,4.373630290968132945e-08,4.547682079450390758e-08,2.438528295108182426e-20,2.802721289590150388e-20,3.193753581149927647e-20,3.642846093738920597e-20,4.159510245464100374e-20,4.732358952825964474e-20,5.382272611721742134e-20,6.133074949281494273e-20,6.836848065312786188e-20,7.615249676269743065e-20,8.472078991704145325e-20,9.389893913256057192e-20,1.041530045251999237e-19,1.158827851509742800e-19,1.290994360852693863e-19,1.435741483071545480e-19,1.599161427292103709e-19,1.778203060934320114e-19,1.976089299220357500e-19,2.173951158770380990e-19,2.426142117626759961e-19
1.191103133283006876e+00,3.622917663449280796e-14,8.792591318776347478e-15,1.021277216445597479e-14,9.089367558530152616e-15,5.494368836574504433e-15,3.925715126344500911e-15,4.293719395865526346e-15,5.874191649111872590e-15,8.044142615875483469e-15,1.097853640623204470e-14,1.490873303331138784e-14,2.015116923374270695e-14,2.711214480985223800e-14,3.631644263508929040e-14,4.843829548036890040e-14,6.434163738332072466e-14,8.513046863711822492e-14,1.122121931665866843e-13,1.473773304760395523e-13,1.928994767745115475e-13,2.516612128230552804e-13,3.273126002299643712e-13,4.244715872307597943e-13,5.489768384496748747e-13,7.082090643011464367e-13,9.114994773758511405e-13,1.170651112083984799e-12,1.500607851519388589e-12,1.920316298953831727e-12,2.453840174849123219e-12,3.131812817077593851e-12,3.993335956525058874e-12,5.088482348775304059e-12,6.481616441681210150e-12,8.255824551573293543e-12,1.051887799621562907e-11,1.341131863401793259e-11,1.711751095283802515e-11,2.188087661081663214e-11,2.802509355068819056e-11,3.608799410306181261e-11,4.658056525182840256e-11,6.028392231419354365e-11,7.829522988382848305e-11,1.021401437220708052e-10,1.339486866811372396e-10,1.767482361394360004e-10,2.348686594674038533e-10,3.145677066979345075e-10,4.249699852775071707e-10,5.794827338070639350e-10,7.979110875261772921e-10,1.109571886957634740e-09,1.557736406108250434e-09,2.205590568360994439e-09,3.143147819110746157e-09,4.491727541972905955e-09,6.394313746115532519e-09,8.963265781649406025e-09,1.215264906689900494e-08,1.561879713461852667e-08,1.881519223831713195e-08,2.135523692644136700e-08,2.321049405271335775e-08,2.455408733882089879e-08,2.559202621204914315e-08,2.649936457483333923e-08,2.740009505125746197e-08,2.836346867529052968e-08,2.941270335855066589e-08,3.054212388722709512e-08,3.173911262898838907e-08,3.299399619309325988e-08,3.430198898841894683e-08,3.566200434956657973e-08,3.707532812351227786e-08,3.854480464581258359e-08,4.007443289062324542e-08,4.166922400303828670e-08,2.234359834117739222e-20,2.568060369957316956e-20,2.926353053235540859e-20,3.337844801740081192e-20,3.811250679645648635e-20,4.336136999530992004e-20,4.931635923203231575e-20,5.619576510060680447e-20,6.264425448638380980e-20,6.977654529401461338e-20,7.762744868907361175e-20,8.603714727646907666e-20,9.543267977682650511e-20,1.061803716308920840e-19,1.182904439431076058e-19,1.315532449792376769e-19,1.465269879615383103e-19,1.629321055747930107e-19,1.810639051293828963e-19,1.991934709240174097e-19,2.223010702956021155e-19
1.299942224413245695e+00,3.319584901174026601e-14,8.056421949212869572e-15,9.357696593077170087e-15,8.328350272192192077e-15,5.034346768457595532e-15,3.597030313771062724e-15,3.934223021459180972e-15,5.382368498661663757e-15,7.370637936366291875e-15,1.005934638228011677e-14,1.366048297821267323e-14,1.846399044731460429e-14,2.484215069451556037e-14,3.327580857054793657e-14,4.438274596672731149e-14,5.895456309408228683e-14,7.800282660815235173e-14,1.028171039936854034e-13,1.350380015420531854e-13,1.767487561214356331e-13,2.305906012512539316e-13,2.999079931209182232e-13,3.889322371756766575e-13,5.030131494285078569e-13,6.489134822043916394e-13,8.351831820666083116e-13,1.072637061400052019e-12,1.374967810266024168e-12,1.759535706758622714e-12,2.248389709902503143e-12,2.869598347696376783e-12,3.658989515642218893e-12,4.662443572842053113e-12,5.938935983027891884e-12,7.564596569399293298e-12,9.638173377720192983e-12,1.228844124487596548e-11,1.568432853939674699e-11,2.004887617362096017e-11,2.567866179886660604e-11,3.306648714288629678e-11,4.268055624286638581e-11,5.523658467778105389e-11,7.173987573011955108e-11,9.358834795619362590e-11,1.227336857044249419e-10,1.619497958556979340e-10,2.152040228771522211e-10,2.882301798040909282e-10,3.893889062983146883e-10,5.309649051768761616e-10,7.311051049693076517e-10,1.016671761511950035e-09,1.427313213848430643e-09,2.020925074497072586e-09,2.879984314229274574e-09,4.115652717960126358e-09,5.858942801577640738e-09,8.212806505142848236e-09,1.113515517030444592e-08,1.431109618241139473e-08,1.723986959381769079e-08,1.956724624939885049e-08,2.126716993419617659e-08,2.249826939606884122e-08,2.344930569663706437e-08,2.428067615800348462e-08,2.510599198555614674e-08,2.598870609435119279e-08,2.695009245084442267e-08,2.798495100473734581e-08,2.908172054882988821e-08,3.023153760764980650e-08,3.143001726894955035e-08,3.267616384958481591e-08,3.397115553758074275e-08,3.531759852337400494e-08,3.671915696261505592e-08,3.818042243676861241e-08,2.047285601866338840e-20,2.353046693668819321e-20,2.681340928343515173e-20,3.058380078052719113e-20,3.492149528646901847e-20,3.973089164648812298e-20,4.518729286595631216e-20,5.149071291901531319e-20,5.739929544529496756e-20,6.393442736801494851e-20,7.112800524966106486e-20,7.883359258215479118e-20,8.744247380000225646e-20,9.729030334390066817e-20,1.083864465450913210e-19,1.205388049911553982e-19,1.342588548889445364e-19,1.492904360039004197e-19,1.659041307173555507e-19,1.825157786948620656e-19,2.036886689181689065e-19
1.418726674116596476e+00,3.041649007725743251e-14,7.381889169027332810e-15,8.574213163478779138e-15,7.631049994367291766e-15,4.612840553471232658e-15,3.295864998292930405e-15,3.604825876018694542e-15,4.931723781903746689e-15,6.753523176203576480e-15,9.217116553099973294e-15,1.251674403056839558e-14,1.691807255867135504e-14,2.276221433078068787e-14,3.048975493414345994e-14,4.066675179239910081e-14,5.401852751908857519e-14,7.147195423999542986e-14,9.420862898521567141e-14,1.237317964816591813e-13,1.619502723016332815e-13,2.112841497859282747e-13,2.747978668545696293e-13,3.563684582549957284e-13,4.608978207760601022e-13,5.945824878733448181e-13,7.652565524393414298e-13,9.828293448085803382e-13,1.259847119521297940e-12,1.612216646312493105e-12,2.060140810884836361e-12,2.629338072888330965e-12,3.352636597905951280e-12,4.272075361560045606e-12,5.441692042078756473e-12,6.931242409561947399e-12,8.831206721136495851e-12,1.125957799897030113e-11,1.437114089831790945e-11,1.837026198605232251e-11,2.352868762375206822e-11,3.029795917301754232e-11,3.910707977355377777e-11,5.061184093104895440e-11,6.573337580602728299e-11,8.575256068762456003e-11,1.124576730076579859e-10,1.483903712454096293e-10,1.971858295931448338e-10,2.640977912894072535e-10,3.567868922535476653e-10,4.865092850606904770e-10,6.698925267091822357e-10,9.315498011489150887e-10,1.307809846671044928e-09,1.851720902019443354e-09,2.638854462961044229e-09,3.771065171823092088e-09,5.368396377642841926e-09,7.525180256174952840e-09,1.020285206823608377e-08,1.311288392934442156e-08,1.579644256871132764e-08,1.792895705645612646e-08,1.948655276284839455e-08,2.061457706952974218e-08,2.148598681082342709e-08,2.224774986679266535e-08,2.300396521981710099e-08,2.381277311991702521e-08,2.469366634733063984e-08,2.564188023168457809e-08,2.664682154055517452e-08,2.770036890269338943e-08,2.879850453744778440e-08,2.994031612633938808e-08,3.112688321230631725e-08,3.236059377962723696e-08,3.364480519849454315e-08,3.498372461516953855e-08,1.875874365269471800e-20,2.156035273687038837e-20,2.456842712830172342e-20,2.802313845435084883e-20,3.199765472147484594e-20,3.640437908663215073e-20,4.140393711844490648e-20,4.717959640129219661e-20,5.259347636314167878e-20,5.858144718475495263e-20,6.517273485387539850e-20,7.223316341996944736e-20,8.012125659831644604e-20,8.914456579274531404e-20,9.931167221184845126e-20,1.104465610938667276e-19,1.230178847382172128e-19,1.367909302074518552e-19,1.520136250757070376e-19,1.672344445732298543e-19,1.866346112975787417e-19
1.548365256585498617e+00,2.786983602355524780e-14,6.763832387047091353e-15,7.856327744923979069e-15,6.992131948504724338e-15,4.226625409490406751e-15,3.019915079777064428e-15,3.303007868525527059e-15,4.518809789229905107e-15,6.188077027428173728e-15,8.445403341819612321e-15,1.146876588306894694e-14,1.550158834392684685e-14,2.085642292455715406e-14,2.793696669979423574e-14,3.726188331349300720e-14,4.949576694638301337e-14,6.548788633705896790e-14,8.632090800591992054e-14,1.133722158633328577e-13,1.483908078003855185e-13,1.935941521836845535e-13,2.517901135011622265e-13,3.265311175058979047e-13,4.223086442918387124e-13,5.448004157421769178e-13,7.011846067137902139e-13,9.005408779704660814e-13,1.154365035105092832e-12,1.477232036078068168e-12,1.887653257787446840e-12,2.409193853589300213e-12,3.071933414831208394e-12,3.914391157708635980e-12,4.986080396462862129e-12,6.350916522693708348e-12,8.091804234579371807e-12,1.031685745885467752e-11,1.316790133543385028e-11,1.683219161581815234e-11,2.155872239886496948e-11,2.776122924951594103e-11,3.583279654821078993e-11,4.637430893623281779e-11,6.022977668808978701e-11,7.857283331816824387e-11,1.030420307653269763e-10,1.359662243598670594e-10,1.806762293404358270e-10,2.419859135200572614e-10,3.269145176581410863e-10,4.457757605870713993e-10,6.138050388249601654e-10,8.535547704502496740e-10,1.198312030222239563e-09,1.696683534805965046e-09,2.417913473446458287e-09,3.455328596623080507e-09,4.918921492069950855e-09,6.895126270473407129e-09,9.348607067813603668e-09,1.201499331377467799e-08,1.447386805733596167e-08,1.642783542636325238e-08,1.785501972073402460e-08,1.888859895285259022e-08,1.968704895604157276e-08,2.038503256311591130e-08,2.107793295477037989e-08,2.181902252470715425e-08,2.262616199872010900e-08,2.349498563369835711e-08,2.441578712724287420e-08,2.538112507883629214e-08,2.638731810092700192e-08,2.743353025990314790e-08,2.852075071278414522e-08,2.965116750724097438e-08,3.082785691395755999e-08,3.205467383125162147e-08,1.718814722805285967e-20,1.975518851321612660e-20,2.251140857091866327e-20,2.567687039511838814e-20,2.931861592053394045e-20,3.335638244605980478e-20,3.793734698808804292e-20,4.322943285111910992e-20,4.819002976433012060e-20,5.367665114925366623e-20,5.971607601569544739e-20,6.618536244201439533e-20,7.341301635147817526e-20,8.168083906868914005e-20,9.099669333112117235e-20,1.011993014063504418e-19,1.127180771650648962e-19,1.253379592684094848e-19,1.392861172819504721e-19,1.532325569422343485e-19,1.710084233904641755e-19
1.689849786812457344e+00,2.553640337879159600e-14,6.197523088265936225e-15,7.198548071858308340e-15,6.406708018082385528e-15,3.872746552816950011e-15,2.767069371405835262e-15,3.026459905350770052e-15,4.140467474307253581e-15,5.669973478777623224e-15,7.738302667120917873e-15,1.050853085749914708e-14,1.420370082651072296e-14,1.911019599792486936e-14,2.559791346539852821e-14,3.414209118929137963e-14,4.535167947228776552e-14,6.000484109465745453e-14,7.909359513273284935e-14,1.038800025155004267e-13,1.359666243637978878e-13,1.773852690686584160e-13,2.307087095784488133e-13,2.991919408966262615e-13,3.869503890109829194e-13,4.991864023012956868e-13,6.424771550470903445e-13,8.251421034378721389e-13,1.057714554111543588e-12,1.353549160658138927e-12,1.729607414604412565e-12,2.207481450948042110e-12,2.814732414199235210e-12,3.586654456852140449e-12,4.568615336507394684e-12,5.819179058372168929e-12,7.414309033673069888e-12,9.453067231832239877e-12,1.206540432708551856e-11,1.542289787738098126e-11,1.975369467705164449e-11,2.543688982624708642e-11,3.283265628372914072e-11,4.249156896393080987e-11,5.518697245371865594e-11,7.199423651188541046e-11,9.441472351574947020e-11,1.245823028241098551e-10,1.655489135098206203e-10,2.217253770137278700e-10,2.995432404498384366e-10,4.084526952084640228e-10,5.624135374934115222e-10,7.820899593986529944e-10,1.097982038773051224e-09,1.554626841519250188e-09,2.215471011051442670e-09,3.166027413116614630e-09,4.507079385179744860e-09,6.317824247035178010e-09,8.565884668705577026e-09,1.100902479636815183e-08,1.326202755018534926e-08,1.505239685419935410e-08,1.636008857531766576e-08,1.730713025051853973e-08,1.803872914984461490e-08,1.867827331246436080e-08,1.931315985746076327e-08,1.999220088883696682e-08,2.073176172349419100e-08,2.152784214496063480e-08,2.237154852167102372e-08,2.325606249254300814e-08,2.417801089824288476e-08,2.513662779461898084e-08,2.613281952043237047e-08,2.716859092665852592e-08,2.824676071983812000e-08,2.937086104269140762e-08,1.574905071485327851e-20,1.810116364772221438e-20,2.062661615252778480e-20,2.352704620725108335e-20,2.686388258695998661e-20,3.056358267339260999e-20,3.476100092552380723e-20,3.961000108466871210e-20,4.415526657056105593e-20,4.918251455127016013e-20,5.471628193458065244e-20,6.064392024633085192e-20,6.726643089039678455e-20,7.484202106583202207e-20,8.337789519377575148e-20,9.272627869716513458e-20,1.032806322985199543e-19,1.148439009058926353e-19,1.276242340633558752e-19,1.404029927385766250e-19,1.566905552361050235e-19
1.844262708585534538e+00,2.339833994621299819e-14,5.678628657792304899e-15,6.595841724695816016e-15,5.870299349505101873e-15,3.548496592264574124e-15,2.535393447797715057e-15,2.773066224266853386e-15,3.793802285428320529e-15,5.195248719035886935e-15,7.090404773381599916e-15,9.628692564562299153e-15,1.301448036762376552e-14,1.751017383949879526e-14,2.345470003323078445e-14,3.128350708875144610e-14,4.155456027553138978e-14,5.498086984000822071e-14,7.247139697130660487e-14,9.518253516036678480e-14,1.245826693372720432e-13,1.625334925029421879e-13,2.113923693636499758e-13,2.741417668895627522e-13,3.545525425055681032e-13,4.573914722569467849e-13,5.886850492795977405e-13,7.560561741520471018e-13,9.691562408398222311e-13,1.240221769886887406e-12,1.584794133304440494e-12,2.022657640861795736e-12,2.579065849960546416e-12,3.286357871395653507e-12,4.186102997412034409e-12,5.331961897530098587e-12,6.793537862902047469e-12,8.661598790709741763e-12,1.105521509219734970e-11,1.413159880574238414e-11,1.809979488463204603e-11,2.330715827520189672e-11,3.008370605947930867e-11,3.893391566220844760e-11,5.056638254496065447e-11,6.596643995184527288e-11,8.650974704542575717e-11,1.141515126277158259e-10,1.516881488191896202e-10,2.031611761888978661e-10,2.744636535016703173e-10,3.742545444896875229e-10,5.153248460804103855e-10,7.166086181786950374e-10,1.006052286101676983e-09,1.424464000971468926e-09,2.029978266266520306e-09,2.900948289086644569e-09,4.129719211225692326e-09,5.788857469855316500e-09,7.848696562527107471e-09,1.008728209845108795e-08,1.215164972107999752e-08,1.379211838783735965e-08,1.499032218269856527e-08,1.585807175302312445e-08,1.652841673061396736e-08,1.711441435548000454e-08,1.769614432687605741e-08,1.831833190176231217e-08,1.899597219290003871e-08,1.972539990633702045e-08,2.049846603958320848e-08,2.130892310632996596e-08,2.215368036871527327e-08,2.303203601210317663e-08,2.394482049104608853e-08,2.489387079816860520e-08,2.588176964070905436e-08,2.691175342885728806e-08,1.443044413851688050e-20,1.658562383155303059e-20,1.889963005039794124e-20,2.155721841176413463e-20,2.461467449902830197e-20,2.800461313045199190e-20,3.185059792725279167e-20,3.629361021993698925e-20,4.045831835863379911e-20,4.506465447816100608e-20,5.013510110673755660e-20,5.556644138748034279e-20,6.163447505098215917e-20,6.857579061483478118e-20,7.639698930210125649e-20,8.496266912455968579e-20,9.463334787339778166e-20,1.052284691107676711e-19,1.169387548314474758e-19,1.286475978951406018e-19,1.435714663256052873e-19
2.012785375849939218e+00,2.143928822385536210e-14,5.203179233677157190e-15,6.043597628710064374e-15,5.378802086116372460e-15,3.251394815948975299e-15,2.323114845461814075e-15,2.540888207563534940e-15,3.476162020407912971e-15,4.760270811436471723e-15,6.496752842713152179e-15,8.822519699477873169e-15,1.192482869838603120e-14,1.604411529440941626e-14,2.149092950065848273e-14,2.866426108307381612e-14,3.807535905584103032e-14,5.037753609905102012e-14,6.640364962749212976e-14,8.721327281641736212e-14,1.141518484541607979e-13,1.489251972494908576e-13,1.936933109583485951e-13,2.511889462266556046e-13,3.248672412979399339e-13,4.190958686553036118e-13,5.393967466748635336e-13,6.927545402080794108e-13,8.880125696556536562e-13,1.136382839433379861e-12,1.452105503103782583e-12,1.853308407361516673e-12,2.363130727765832125e-12,3.011203947525800795e-12,3.835616924216325140e-12,4.885537528839266307e-12,6.224741440514223950e-12,7.936396914494713154e-12,1.012960506100756833e-11,1.294841516777077579e-11,1.658436966965660283e-11,2.135574083844111678e-11,2.756491471333244846e-11,3.567413079236252956e-11,4.633265660346995023e-11,6.044332728220565669e-11,7.926662341615758760e-11,1.045940518019853147e-10,1.389878918826469569e-10,1.861512834766808924e-10,2.514838825284718370e-10,3.429196715171560211e-10,4.721787070975504709e-10,6.566097742040175390e-10,9.218194529861670490e-10,1.305199187272954380e-09,1.860016105360244470e-09,2.658063205988027877e-09,3.783953932483577404e-09,5.304179017329524689e-09,7.191555818592845342e-09,9.242713320738448667e-09,1.113423949581222532e-08,1.263735812087977667e-08,1.373524098641632714e-08,1.453033727047240671e-08,1.514455687823180283e-08,1.568149120805510565e-08,1.621451519838454034e-08,1.678460943489668770e-08,1.740551354806008289e-08,1.807386912468612000e-08,1.878220944647244903e-08,1.952481010476642825e-08,2.029883913712967467e-08,2.110365348912779807e-08,2.194001408459329071e-08,2.280960411192474652e-08,2.371479003835906177e-08,2.465853730208673091e-08,1.322223934668408971e-20,1.519697425178493152e-20,1.731723775730080768e-20,1.975231661292342640e-20,2.255378382971402064e-20,2.565989612431879923e-20,2.918387161799579457e-20,3.325488782444277567e-20,3.707090119799872348e-20,4.129156676442421891e-20,4.593748467755900606e-20,5.091408002527839209e-20,5.647406090267939413e-20,6.283420719375229335e-20,7.000056742690568108e-20,7.784907629416277553e-20,8.671006683850306072e-20,9.641809990823492921e-20,1.071479290895562350e-19,1.178764364019322795e-19,1.315507875495406390e-19
2.196707090793235118e+00,1.964426025958034039e-14,4.767537335025261541e-15,5.537590776472787510e-15,4.928455971167624141e-15,2.979168212314196611e-15,2.128609502360618712e-15,2.328149550428536319e-15,3.185116535603059912e-15,4.361711907109467784e-15,5.952805072251384460e-15,8.083844543354513458e-15,1.092640931247681983e-14,1.470080411192937887e-14,1.969157781373910049e-14,2.626431432727871486e-14,3.488745778125494864e-14,4.615962153375070481e-14,6.084393109734802478e-14,7.991124571893082859e-14,1.045943595109921645e-13,1.364562714690837072e-13,1.774761256659569333e-13,2.301578756945696723e-13,2.976673745524655337e-13,3.840066065448509692e-13,4.942351613642559337e-13,6.347529051226226567e-13,8.136627415029644284e-13,1.041237937531484900e-12,1.330526374266444392e-12,1.698138124518904405e-12,2.165275010948828130e-12,2.759087588274199382e-12,3.514475682616993022e-12,4.476490530953226485e-12,5.703568123590771234e-12,7.271913362225821315e-12,9.281492746749934508e-12,1.186429487998392163e-11,1.519582509597136898e-11,1.956770797081271730e-11,2.525701194031818773e-11,3.268727499263300302e-11,4.245340401849656621e-11,5.538264328969035473e-11,7.262993827157617951e-11,9.583679988573528940e-11,1.273509779133025157e-10,1.705655627224570873e-10,2.304281181304369850e-10,3.142083452153630004e-10,4.326450260104965193e-10,6.016343993685291584e-10,8.446391063792442985e-10,1.195919951150875956e-09,1.704284213132194011e-09,2.435513943356723094e-09,3.467138231634950043e-09,4.860080800811628251e-09,6.589434905518170642e-09,8.468856991961538557e-09,1.020201305959687766e-08,1.157928142613687847e-08,1.258524284239025304e-08,1.331376881640293370e-08,1.387656221259121278e-08,1.436854112566053437e-08,1.485693709670684022e-08,1.537929956684100714e-08,1.594821780087332228e-08,1.656061457244966586e-08,1.720964832246206502e-08,1.789007392466236891e-08,1.859929652577913362e-08,1.933672691181708933e-08,2.010306229742473836e-08,2.089984494420249747e-08,2.172924318431754926e-08,2.259397417138943601e-08,1.211519282863660936e-20,1.392459088394680372e-20,1.586733299769380682e-20,1.809853220043719497e-20,2.066544349621808663e-20,2.351149312592571137e-20,2.674041989921041346e-20,3.047058580049390063e-20,3.396709926127016053e-20,3.783438496543155239e-20,4.209131829630190730e-20,4.665124273019414633e-20,5.174570809926478893e-20,5.757334415351683314e-20,6.413969300167165444e-20,7.133107683998719991e-20,7.945017121444582538e-20,8.834538854811770815e-20,9.817685099117504466e-20,1.080071022402170510e-19,1.205365533124599847e-19
2.397434967801077121e+00,1.799952298401130378e-14,4.368370033026248338e-15,5.073949903945137130e-15,4.515815579538372098e-15,2.729734080194415894e-15,1.950389332835245224e-15,2.133222671121811773e-15,2.918439153817568405e-15,3.996522784988282258e-15,5.454399926567500200e-15,7.407015776342212296e-15,1.001158368672739022e-14,1.346996313424802732e-14,1.804287882395505872e-14,2.406530575070124344e-14,3.196646704378561755e-14,4.229485650012246451e-14,5.574970611022192861e-14,7.322058886373145157e-14,9.583708183146743446e-14,1.250313202006380375e-13,1.626167420317976438e-13,2.108876546519611798e-13,2.727448465377777180e-13,3.518552314610746424e-13,4.528547794078403692e-13,5.816075206675495217e-13,7.455379344087925201e-13,9.540591470876220592e-13,1.219126591583536154e-12,1.555959644110154118e-12,1.983984981428430736e-12,2.528079948229249292e-12,3.220222344344198938e-12,4.101691442430669430e-12,5.226030615297878693e-12,6.663064425512697907e-12,8.504389567918940997e-12,1.087094375453567431e-11,1.392353794246643550e-11,1.792938011973727313e-11,2.314234086292425703e-11,2.995049697672681458e-11,3.889894611876676207e-11,5.074567062518529831e-11,6.654891688318965811e-11,8.781275850874091232e-11,1.166883773528142964e-10,1.562847735641471407e-10,2.111352707429400257e-10,2.879009062565181707e-10,3.964213458125128461e-10,5.512618981987066855e-10,7.739207690986252866e-10,1.095790239150381112e-09,1.561591144700904327e-09,2.231597862278874737e-09,3.176848273460554959e-09,4.453165195451844139e-09,6.037727227507953238e-09,7.759792634633573871e-09,9.347838306094627181e-09,1.060979336528798502e-08,1.153152955660374849e-08,1.219905889292962689e-08,1.271473179361828229e-08,1.316551923159887429e-08,1.361302371331430425e-08,1.409165081165868813e-08,1.461293574141284790e-08,1.517405892038045445e-08,1.576875160650743056e-08,1.639220782750415460e-08,1.704204998704059184e-08,1.771773820371065893e-08,1.841991131710030350e-08,1.914998246126279985e-08,1.990993842237203719e-08,2.070226885737512864e-08,1.110083499674790735e-20,1.275873921169017891e-20,1.453882310725667719e-20,1.658321270508341733e-20,1.893520653207385076e-20,2.154296752926263401e-20,2.450154886047276291e-20,2.791940252292275397e-20,3.112316655218692754e-20,3.466665951135006955e-20,3.856717642152674271e-20,4.274531617169473988e-20,4.741324182988369418e-20,5.275295265202097863e-20,5.876952672768555828e-20,6.535880405216412047e-20,7.279811832876833850e-20,8.094857381701298544e-20,8.995688626410306389e-20,9.896408892572760157e-20,1.104444979394442505e-19
2.616504698748820967e+00,1.649249314409522952e-14,4.002623451996654792e-15,4.649127872923705734e-15,4.137723958112214626e-15,2.501184094867412401e-15,1.787090842833724314e-15,1.954616258972904759e-15,2.674089628850194702e-15,3.661909523390635070e-15,4.997724299359217259e-15,6.786855241555129694e-15,9.173352841714586946e-15,1.234217566988505084e-14,1.653221896869980542e-14,2.205041158349324629e-14,2.929003946542860929e-14,3.875367316558233347e-14,5.108200070773506955e-14,6.709011460550314992e-14,8.781301684825681124e-14,1.145629355310088078e-13,1.490014766200673483e-13,1.932308540404821564e-13,2.499089845662756331e-13,3.223957655844825375e-13,4.149390153999580364e-13,5.329117919227275565e-13,6.831169516448896210e-13,8.741794966667138916e-13,1.117053878113097251e-12,1.425685213200950973e-12,1.817873658833166204e-12,2.316413676680874144e-12,2.950605690147194873e-12,3.758272819428146850e-12,4.788475459610430742e-12,6.105192035035986601e-12,7.792350206625344441e-12,9.960762043571046489e-12,1.275777442889223718e-11,1.642822306820631495e-11,2.120472294510966240e-11,2.744285870740504697e-11,3.564208911237042783e-11,4.649693359217400053e-11,6.097703569244096223e-11,8.046053881294290807e-11,1.069185147404392087e-10,1.431996591700095758e-10,1.934577382021604307e-10,2.637960865314144672e-10,3.632305330420953374e-10,5.051068900392023922e-10,7.091234023129359341e-10,1.004043997310789105e-09,1.430845210216783814e-09,2.044754879154568702e-09,2.910863161008204158e-09,4.080319046274282502e-09,5.532211881061785129e-09,7.110095469750839104e-09,8.565180272406244570e-09,9.721476757618127075e-09,1.056603957350180956e-08,1.117767928265500814e-08,1.165017690310628347e-08,1.206322166751160769e-08,1.247325834477241942e-08,1.291181186338704189e-08,1.338945163960375007e-08,1.390359416384378949e-08,1.444849555136972478e-08,1.501975221520274115e-08,1.561518562587806502e-08,1.623430110415356503e-08,1.687768400206889370e-08,1.754662913747593790e-08,1.824295695069308998e-08,1.896894864940389096e-08,1.017140538892196027e-20,1.169049975174426053e-20,1.332154416717810591e-20,1.519476499952835839e-20,1.734983555895655860e-20,1.973925890121839209e-20,2.245012975955027550e-20,2.558181986853532040e-20,2.851734523411715164e-20,3.176415535164415663e-20,3.533809719758412897e-20,3.916641760618203135e-20,4.344351605946952891e-20,4.833615372568863907e-20,5.384898352578845745e-20,5.988656636590249627e-20,6.670301588029523864e-20,7.417106552697379305e-20,8.242514711599549910e-20,9.067821183755922339e-20,1.011974109917989816e-19
2.855592301990107718e+00,1.511164103346759368e-14,3.667499405350250933e-15,4.259874533248804824e-15,3.791288473141319462e-15,2.291769708195226091e-15,1.637464698341811546e-15,1.790963864935914430e-15,2.450198536354740537e-15,3.355312124797094027e-15,4.579284340839301205e-15,6.218618328982517312e-15,8.405303795258031310e-15,1.130881345020150842e-14,1.514804076975596250e-14,2.020421664442327541e-14,2.683769872695848847e-14,3.550897929681894278e-14,4.680510406899900265e-14,6.147292104077959023e-14,8.046077552269899400e-14,1.049710278706239567e-13,1.365261642655420754e-13,1.770523884616917748e-13,2.289850802306414655e-13,2.954028258588029524e-13,3.801977903959067379e-13,4.882931665744843373e-13,6.259222342517776547e-13,8.009878577499611554e-13,1.023527314736624932e-12,1.306318152166641261e-12,1.665670189247193283e-12,2.122469396299183437e-12,2.703562986580669479e-12,3.443607297988784013e-12,4.387555090123476750e-12,5.594028123448441687e-12,7.139927123252972541e-12,9.126786296474909653e-12,1.168961574644619298e-11,1.505275204030316486e-11,1.942933421654061167e-11,2.514517520760358813e-11,3.265791603750600310e-11,4.260392673581196583e-11,5.587166637683387870e-11,7.372389178987790336e-11,9.796664461052095596e-11,1.312101103565930940e-10,1.772602764976306624e-10,2.417094693244440777e-10,3.328186575413221286e-10,4.628162606534983754e-10,6.497512662614592281e-10,9.199793103810270891e-10,1.311046122762460460e-09,1.873555530097531659e-09,2.667147944363381621e-09,3.738689850624185521e-09,5.069021362462813430e-09,6.514794913892517320e-09,7.848051142581937696e-09,8.907535434017779752e-09,9.681386300126414562e-09,1.024181580255412115e-08,1.067475304054737485e-08,1.105321517819459812e-08,1.142892108409880331e-08,1.183075622747984346e-08,1.226840508859681183e-08,1.273950046504922511e-08,1.323877938516073496e-08,1.376220695711103850e-08,1.430778705120859583e-08,1.487506640577437962e-08,1.546458136360533228e-08,1.607751833250593201e-08,1.671554533442858843e-08,1.738075258043692620e-08,9.319793296279024209e-21,1.071169981437593540e-20,1.220618324391750493e-20,1.392256660376296429e-20,1.589720151258710000e-20,1.808656775999262781e-20,2.057046797697507204e-20,2.343995389044878500e-20,2.612969916920875291e-20,2.910466654201407882e-20,3.237937617981495017e-20,3.588716625560116462e-20,3.980615994116294340e-20,4.428915614269217851e-20,4.934041821021881394e-20,5.487249779287989905e-20,6.111823258168817090e-20,6.796101156572102688e-20,7.552401110402355384e-20,8.308607891321336927e-20,9.272454655964923128e-20
3.116526944929430609e+00,1.384640228309818959e-14,3.360433987747415307e-15,3.903211857154162428e-15,3.473858679816846071e-15,2.099888771154067724e-15,1.500366167208386189e-15,1.641013447412775045e-15,2.245052971592536148e-15,3.074384930293490941e-15,4.195878727633030039e-15,5.697957676300200962e-15,7.701560499157040163e-15,1.036197061783107873e-14,1.387975441146937489e-14,1.851259640524684736e-14,2.459068291147655289e-14,3.253595098752413589e-14,4.288629530084357826e-14,5.632603317949841317e-14,7.372410868084954545e-14,9.618221321880159016e-14,1.250953611459139108e-13,1.622284826905668317e-13,2.098130527769312558e-13,2.706698996718037626e-13,3.483653126293710469e-13,4.474102846609735857e-13,5.735162074186070793e-13,7.339242692253152338e-13,9.378313656468945723e-13,1.196945229479307755e-12,1.526210122395202080e-12,1.944763313900621733e-12,2.477204204823571251e-12,3.155287493089969996e-12,4.020202219107660339e-12,5.125661972031258597e-12,6.542128879425824486e-12,8.362636085186391338e-12,1.071088982339280273e-11,1.379244383559434625e-11,1.780259186008824733e-11,2.303986778354365207e-11,2.992359613237777820e-11,3.903686615617886191e-11,5.119374971701362156e-11,6.755127794112304476e-11,8.976427964364637632e-11,1.202243996918319303e-10,1.624189650722670059e-10,2.214720784121523913e-10,3.049530497337643789e-10,4.240664606825349647e-10,5.953501275396677730e-10,8.429530317356892340e-10,1.201277345541844323e-09,1.716690034656078820e-09,2.443838052029187272e-09,3.425663934765921732e-09,4.644611978992527392e-09,5.969336551196425893e-09,7.190964437141779220e-09,8.161742242103815223e-09,8.870801594131408436e-09,9.384308520662070663e-09,9.780997612687998609e-09,1.012777259200222399e-08,1.047202210810469397e-08,1.084021316256515052e-08,1.124121939189157528e-08,1.167287179030557411e-08,1.213034803421741644e-08,1.260995105755803548e-08,1.310985185878768842e-08,1.362963512605947132e-08,1.416979229628031483e-08,1.473141044395762827e-08,1.531601793407301572e-08,1.592552997247204682e-08,8.539483361853628401e-21,9.814850977280227744e-21,1.118420713952811104e-20,1.275688441658903289e-20,1.456619084792066360e-20,1.657225000056173352e-20,1.884818294253963108e-20,2.147741799488413401e-20,2.394196139465734505e-20,2.666784635524670250e-20,2.966837733033465618e-20,3.288247382762620219e-20,3.647334546062967340e-20,4.058099787921886691e-20,4.520933747975786307e-20,5.027823762064894310e-20,5.600104140138011892e-20,6.227090119605177081e-20,6.920068028770036221e-20,7.612960566027999743e-20,8.496108201216059563e-20
3.401304938279252177e+00,1.268709703736213231e-14,3.079077959640334947e-15,3.576411155520531306e-15,3.183006044733916377e-15,1.924073276407627155e-15,1.374746361239525474e-15,1.503617793363977393e-15,2.057083444656317030e-15,2.816978673835684804e-15,3.844574170682883862e-15,5.220889908871534018e-15,7.056738883803207846e-15,9.494403242002491878e-15,1.271765672213774270e-14,1.696260892936693906e-14,2.253180096419226603e-14,2.981184274022221342e-14,3.929559310283341349e-14,5.161007415986166509e-14,6.755147667265976201e-14,8.812925173095212957e-14,1.146216145777725262e-13,1.486457247188048467e-13,1.922462243882238333e-13,2.480077649066304865e-13,3.191980440417256849e-13,4.099503669582451514e-13,5.254979327663795318e-13,6.724756533401258203e-13,8.593104040583813653e-13,1.096729674924177191e-12,1.398426502880694580e-12,1.781935868516335428e-12,2.269797560794679207e-12,2.891107580665376172e-12,3.683606370869138195e-12,4.696510291287510091e-12,5.994381950430585137e-12,7.662465189994910228e-12,9.814108803682184587e-12,1.263765632016570082e-11,1.631205029491278180e-11,2.111082953689877839e-11,2.741821016580808374e-11,3.576846164310210067e-11,4.690749676968461772e-11,6.189547296939318473e-11,8.224866669647488871e-11,1.101584797237012016e-10,1.488202587537929579e-10,2.029290852910666587e-10,2.794205205589398398e-10,3.885610302928595093e-10,5.455037839339456894e-10,7.723758629072796408e-10,1.100699079809199801e-09,1.572958275186044276e-09,2.239225025806111492e-09,3.138846457669312043e-09,4.255736737499127762e-09,5.469547289272890170e-09,6.588893038128911125e-09,7.478391404668853766e-09,8.128083983325488435e-09,8.598596978185143249e-09,8.962072840094734189e-09,9.279813703225600282e-09,9.595240550327124099e-09,9.932604404180377218e-09,1.030003594632626124e-08,1.069554777337850231e-08,1.111472131608874672e-08,1.155416904930693900e-08,1.201221510665697689e-08,1.248847894873268853e-08,1.298341086634597461e-08,1.349800691749662363e-08,1.403366750312876768e-08,1.459214747637410864e-08,7.824505734101392630e-21,8.993091794538017915e-21,1.024779710743763668e-20,1.168880025140102707e-20,1.334662051368301772e-20,1.518472015948869639e-20,1.727009811507859934e-20,1.967919757363230185e-20,2.193739436919129810e-20,2.443505161622204333e-20,2.718435983840333461e-20,3.012935257477351049e-20,3.341957453461334109e-20,3.718330924092115467e-20,4.142413602273304672e-20,4.606863692956313009e-20,5.131229267547097592e-20,5.705720156944078267e-20,6.340677729212134902e-20,6.975557077430006526e-20,7.784762206449322170e-20
3.712105009066362094e+00,1.162485589718306298e-14,2.821278774143710604e-15,3.276972201723488788e-15,2.916505366115475136e-15,1.762978127146889338e-15,1.259644211557873601e-15,1.377725741422316393e-15,1.884851872905878312e-15,2.581124039040718795e-15,3.522682973780815213e-15,4.783765164478298783e-15,6.465905666732170694e-15,8.699473898008012838e-15,1.165285693877150804e-14,1.554239585804887585e-14,2.064530117026716295e-14,2.731581344920664120e-14,3.600552639185590750e-14,4.728896399109320191e-14,6.189565506191362801e-14,8.075053329235817040e-14,1.050247939497201754e-13,1.362001980831169522e-13,1.761501980089909583e-13,2.272430422760817219e-13,2.924728370659060118e-13,3.756268220265596113e-13,4.815000409224338740e-13,6.161718903403591638e-13,7.873636962585884840e-13,1.004904777792161708e-12,1.281341707320127806e-12,1.632741329913489922e-12,2.079756265937876402e-12,2.649046421692411957e-12,3.375192379879716994e-12,4.303289806570760712e-12,5.492495734936002064e-12,7.020916872359046312e-12,8.992411760239981268e-12,1.157955465835992361e-11,1.494630596010558723e-11,1.934330213710331985e-11,2.512259039223592012e-11,3.277370788924259217e-11,4.298011506015402653e-11,5.671320648358399008e-11,7.536230670154597706e-11,1.009353399654490931e-10,1.363601190642457278e-10,1.859386246442947147e-10,2.560257304447097689e-10,3.560283310763287211e-10,4.998308802183397107e-10,7.077078450900211821e-10,1.008541839891558525e-09,1.441260615211723903e-09,2.051743450034673812e-09,2.876043089000909170e-09,3.899420502900283739e-09,5.011603432478005765e-09,6.037230728561269035e-09,6.852254866971774259e-09,7.447551220590818352e-09,7.878669997950841648e-09,8.211713443930656380e-09,8.502851104158632949e-09,8.791868491891988556e-09,9.100986186382155820e-09,9.437654118923934106e-09,9.800051283663351529e-09,1.018412906091754432e-08,1.058678354980189729e-08,1.100647919769410663e-08,1.144286732626792538e-08,1.189636052524224214e-08,1.236787145656633327e-08,1.285868327107650607e-08,1.337040389489776270e-08,7.169390393858228724e-21,8.240135302329199744e-21,9.389789034221887227e-21,1.071014260656636792e-20,1.222916004575711646e-20,1.391336277899300542e-20,1.582414017381422455e-20,1.803153513305474571e-20,2.010066192057335311e-20,2.238920007014237274e-20,2.490831944045052159e-20,2.760673942397673322e-20,3.062148393489581839e-20,3.407009581728368052e-20,3.795585471691986683e-20,4.221148968189540706e-20,4.701611458868878952e-20,5.228002467294001493e-20,5.809797519125342307e-20,6.391520896301054054e-20,7.132974436729465921e-20
4.051304969235380860e+00,1.065155206366808539e-14,2.585064108725457051e-15,3.002604103360018496e-15,2.672317749648327401e-15,1.615370846271182003e-15,1.154179115833863756e-15,1.262374139861083650e-15,1.727040578750247357e-15,2.365016592703706115e-15,3.227742471037065945e-15,4.383239169627007590e-15,5.924540609974638629e-15,7.971100886816839289e-15,1.067720868728167608e-14,1.424109168667312599e-14,1.891675064449578561e-14,2.502876695324661188e-14,3.299092413141756027e-14,4.332964351928968234e-14,5.671337333020808474e-14,7.398960616285489745e-14,9.623147767384671726e-14,1.247966868402877061e-13,1.614018291248554934e-13,2.082168688642881032e-13,2.679852274100970125e-13,3.441770536093793961e-13,4.411859209185044912e-13,5.645822217649605163e-13,7.214408056251908252e-13,9.207680210707612221e-13,1.174059964921969209e-12,1.496038267991816636e-12,1.905626387312486641e-12,2.427252099234002665e-12,3.092600689174672349e-12,3.942992139012043716e-12,5.032630494311962008e-12,6.433082892557805084e-12,8.239512204649995768e-12,1.061004372084292752e-11,1.369491007042547139e-11,1.772376291103486933e-11,2.301917390665909775e-11,3.002969318409432099e-11,3.938155769970539602e-11,5.196483095363228514e-11,6.905251476400285842e-11,9.248441771794709311e-11,1.249432182615484804e-10,1.703707089844843836e-10,2.345896948392539910e-10,3.262194678490004689e-10,4.579819905522267881e-10,6.484542281224632675e-10,9.241005661494410574e-10,1.320589486529634143e-09,1.879958975201579235e-09,2.635243221145587208e-09,3.572937236567542888e-09,4.592001428287170159e-09,5.531756952034972453e-09,6.278542298899303869e-09,6.823996811193218028e-09,7.219019695200576970e-09,7.524178712713821399e-09,7.790940552433851723e-09,8.055759641803654042e-09,8.338996117660607014e-09,8.647476157615787397e-09,8.979531221531289122e-09,9.331451664855862893e-09,9.700393464217058938e-09,1.008494963282316310e-08,1.048480068582391953e-08,1.090032466841064832e-08,1.133235782890807816e-08,1.178207588493880651e-08,1.225095213724621047e-08,6.569125305325081027e-21,7.550220919787686052e-21,8.603618629725117378e-21,9.813424148405595098e-21,1.120526018338653289e-20,1.274845119216120655e-20,1.449924665001717720e-20,1.652182504078470396e-20,1.841771191443836358e-20,2.051463969276308063e-20,2.282284302575528004e-20,2.529533483110631760e-20,2.805766654521328839e-20,3.121753960837443365e-20,3.477795907442269292e-20,3.867728632581574844e-20,4.307963873291159487e-20,4.790282216131486347e-20,5.323365837965255356e-20,5.856383786182696076e-20,6.535758314221190592e-20
4.421499907374488281e+00,9.759739163091423277e-15,2.368626775724695929e-15,2.751207775510803210e-15,2.448575009686009845e-15,1.480122147179344891e-15,1.057544201135588403e-15,1.156680477890211433e-15,1.582442208602633614e-15,2.167002979772568803e-15,2.957496185969501309e-15,4.016247653797140317e-15,5.428501937452185367e-15,7.303711706332161440e-15,9.783247657701176683e-15,1.304874063693357281e-14,1.733292491084550658e-14,2.293320593819342344e-14,3.022872275771351877e-14,3.970182150453408300e-14,5.196498383083943702e-14,6.779474508625257930e-14,8.817439146536627948e-14,1.143479471065716093e-13,1.478882836312190075e-13,1.907836827275717160e-13,2.455478697799834281e-13,3.153604516102893091e-13,4.042471449095157073e-13,5.173119548783492187e-13,6.610373814468930998e-13,8.436757067562811254e-13,1.075760504288489955e-12,1.370780820140408224e-12,1.746075724110890220e-12,2.224027750133537243e-12,2.833669298288857330e-12,3.612860789568838152e-12,4.611267976264303604e-12,5.894465958634056010e-12,7.549649991646339189e-12,9.721706151879138652e-12,1.254828867665679721e-11,1.623982138623703996e-11,2.109186827759505146e-11,2.751542412528902517e-11,3.608429350839590899e-11,4.761401838249459378e-11,6.327101708970138234e-11,8.474105822158625367e-11,1.144822100235769331e-10,1.561062341694937035e-10,2.149484148690237187e-10,2.989063844496967254e-10,4.196369451574430749e-10,5.941616853440594718e-10,8.467292308364103080e-10,1.210021680691255154e-09,1.722557344282611852e-09,2.414604586820073594e-09,3.273789140452021136e-09,4.207531062960646103e-09,5.068604522868649880e-09,5.752864445990567990e-09,6.252650179891077982e-09,6.614599338879301632e-09,6.894208582339065147e-09,7.138635493907605391e-09,7.381282314033705440e-09,7.640804504726087443e-09,7.923456714374659525e-09,8.227710103197969113e-09,8.550165620711022932e-09,8.888217362523276788e-09,9.240576143358159440e-09,9.606949227585561827e-09,9.987683008147758515e-09,1.038354371755961074e-08,1.079560863519387369e-08,1.122522770807030266e-08,6.019118070907448564e-21,6.918070377010198880e-21,7.883271206197783473e-21,8.991784428478731880e-21,1.026708746206569031e-20,1.168107310795494516e-20,1.328528129230804369e-20,1.513851708487651710e-20,1.687566874681155337e-20,1.879702894276803854e-20,2.091197541542550085e-20,2.317745512757152213e-20,2.570850758363351227e-20,2.860381680247717786e-20,3.186613623650131132e-20,3.543898802914653914e-20,3.947274864360359266e-20,4.389210573969521422e-20,4.877661183806937134e-20,5.366051618623712864e-20,5.988544767797758695e-20
4.825522042741277495e+00,8.942594277549660025e-15,2.170310896253216969e-15,2.520859881447896730e-15,2.243565376478094924e-15,1.356197294031774728e-15,9.690001508539649455e-16,1.059836133905243474e-15,1.449950495881956287e-15,1.985568274163692220e-15,2.709876568068898475e-15,3.679982905884563699e-15,4.973994647839587800e-15,6.692200418318354524e-15,8.964134497616812510e-15,1.195622048900230470e-14,1.588170672707075876e-14,2.101309807175174705e-14,2.769778972916101489e-14,3.637774287425582532e-14,4.761415845988960137e-14,6.211855556027232050e-14,8.079189365290846111e-14,1.047740395882544888e-13,1.355061745828741160e-13,1.748101092559343351e-13,2.249891045718738896e-13,2.889565512775817589e-13,3.704011085106250892e-13,4.739994430279242173e-13,6.056913003298902308e-13,7.730380311676892488e-13,9.856912740091096636e-13,1.256010689744661433e-12,1.599883615501923978e-12,2.037818582966724992e-12,2.596417222621703037e-12,3.310370050109831438e-12,4.225184498038094143e-12,5.400945319341462660e-12,6.917547250454829553e-12,8.907745621992227287e-12,1.149766941900198443e-11,1.488012449617466972e-11,1.932592843006965157e-11,2.521166500613952604e-11,3.306309638457505652e-11,4.362748237459754469e-11,5.797358166095592884e-11,7.764602000754938137e-11,1.048970611950039366e-10,1.430360681823546379e-10,1.969516226463618726e-10,2.738801189699251212e-10,3.845023808223079186e-10,5.444148453670386064e-10,7.758358955889627243e-10,1.108711285889851979e-09,1.578334337867030176e-09,2.212439164593694431e-09,2.999687547391088533e-09,3.855250901431478419e-09,4.644230039751414825e-09,5.271199548937395944e-09,5.729140173096860878e-09,6.060784741034959959e-09,6.316983393348251180e-09,6.540945393166656433e-09,6.763276341654624752e-09,7.001069751765364750e-09,7.260056594579659984e-09,7.538836034106669559e-09,7.834293609098167987e-09,8.144041597372106778e-09,8.466898752105770857e-09,8.802596847281339406e-09,9.151453273711375526e-09,9.514170110251488869e-09,9.891734439875223994e-09,1.028538318380477191e-08,5.515160796545611988e-21,6.338847333040934119e-21,7.223235662231183805e-21,8.238937396929777469e-21,9.407464282712249046e-21,1.070306242669598334e-20,1.217295651809199761e-20,1.387102810757119351e-20,1.546273483780879742e-20,1.722322704014648120e-20,1.916109729545356031e-20,2.123689722936539136e-20,2.355603453739448407e-20,2.620893081049190075e-20,2.919810896522881977e-20,3.247181981564480757e-20,3.616784939031459454e-20,4.021719095749631759e-20,4.469273641563346835e-20,4.916773050576146787e-20,5.487147276833073175e-20
5.266462393484277804e+00,8.193865745437932917e-15,1.988599231702221170e-15,2.309798117924281074e-15,2.055720400077418544e-15,1.242648185384016422e-15,8.878695484753753829e-16,9.711001890340785821e-16,1.328551797392211362e-15,1.819324388644427876e-15,2.482989174764263013e-15,3.371872293482479797e-15,4.557541480467560253e-15,6.131888584829029969e-15,8.213602486911324319e-15,1.095517279093008868e-14,1.455199338034752104e-14,1.925375334626416096e-14,2.537876184944193011e-14,3.333197637983284588e-14,4.362761072385871668e-14,5.691761123941607226e-14,7.402750358177084692e-14,9.600171799682643258e-14,1.241607712202035084e-13,1.601739407751531639e-13,2.061516445710172736e-13,2.647633465131347233e-13,3.393888686996395581e-13,4.343133188244544255e-13,5.549791306693088373e-13,7.083145725852298268e-13,9.031631890039604461e-13,1.150849814627017378e-12,1.465931601823787151e-12,1.867199982929695398e-12,2.379029337685047970e-12,3.033205680192279029e-12,3.871426283259271254e-12,4.948745237859706809e-12,6.338368005831227336e-12,8.161934831859143700e-12,1.053501441312665604e-11,1.363426972228310677e-11,1.770784383671301115e-11,2.310079065063742236e-11,3.029485230967170513e-11,3.997472347441257809e-11,5.311967983436421283e-11,7.114502166409105551e-11,9.611443948437325149e-11,1.310602162041351532e-10,1.804616316276214618e-10,2.509492050665912672e-10,3.523094964923889945e-10,4.988331142294848198e-10,7.108781827335071410e-10,1.015883215214205205e-09,1.446186561137465290e-09,2.027200264484873720e-09,2.748535411395115922e-09,3.532465783515770434e-09,4.255386776540655666e-09,4.829862574648843323e-09,5.249461616860211783e-09,5.553338878932885880e-09,5.788087017567266345e-09,5.993297552858892553e-09,6.197013598384941637e-09,6.414897493944067090e-09,6.652200378766059401e-09,6.907638703392663437e-09,7.178358768265869318e-09,7.462172765866975756e-09,7.757998350561464745e-09,8.065589753849589365e-09,8.385237792649378610e-09,8.717585763492801585e-09,9.063538104746828188e-09,9.424228175045175716e-09,5.053397898733678700e-21,5.808120374884833904e-21,6.618462319437717584e-21,7.549123310334099070e-21,8.619813998613856437e-21,9.806936764374638129e-21,1.115376235783224298e-20,1.270966103762199901e-20,1.416810037288507539e-20,1.578119343113326377e-20,1.755681336996097085e-20,1.945881467349355330e-20,2.158377966211356897e-20,2.401455927971343038e-20,2.675346520890218574e-20,2.975308102117653521e-20,3.313965645846792869e-20,3.684996245347498234e-20,4.095078795034956251e-20,4.505110824310740615e-20,5.027729841740644834e-20
5.747694424835352756e+00,7.507825332388653086e-15,1.822101575932593214e-15,2.116407732468736677e-15,1.883602950732077456e-15,1.138606100626838824e-15,8.135316949281583570e-16,8.897937586513136214e-16,1.217317338327785781e-15,1.666999455110928407e-15,2.275098177770496621e-15,3.089558580659191811e-15,4.175956312137215089e-15,5.618489475275590537e-15,7.525909593495231381e-15,1.003793891134152203e-14,1.333361174468277597e-14,1.764171169110594252e-14,2.325389712712643451e-14,3.054122003187816235e-14,3.997484107749084010e-14,5.215212169668006032e-14,6.782946950212767522e-14,8.796386866976705008e-14,1.137652742205302783e-13,1.467632015828131335e-13,1.888913716075468203e-13,2.425957444013586003e-13,3.109731627434292424e-13,3.979499589774830312e-13,5.085128931366662507e-13,6.490101566914565262e-13,8.275448585986622214e-13,1.054493649330559024e-12,1.343194867678842747e-12,1.710866612658416621e-12,2.179842492282985243e-12,2.779247201697423787e-12,3.547286863726339414e-12,4.534406105082583842e-12,5.807681179872452084e-12,7.478567869635298423e-12,9.652958755394465415e-12,1.249272550829495592e-11,1.622523515390484105e-11,2.116665157000238778e-11,2.775838251171759149e-11,3.662779582683846415e-11,4.867217627172621481e-11,6.518832655030940594e-11,8.806715242690935844e-11,1.200870555919939407e-10,1.653522832263140396e-10,2.299382071265620348e-10,3.228119967768985616e-10,4.570677636171452759e-10,6.513591257631452969e-10,9.308272767564127101e-10,1.325103002220057669e-09,1.857470694830266149e-09,2.518411263954218653e-09,3.236706204277499542e-09,3.899099842807601152e-09,4.425477023478666981e-09,4.809944674820708477e-09,5.088379479222570496e-09,5.303473072005873607e-09,5.491502129742548395e-09,5.678161825511430394e-09,5.877803152501576029e-09,6.095237592540749722e-09,6.329289062759467202e-09,6.577342792730889824e-09,6.837394151524808385e-09,7.108451414084247773e-09,7.390289389147157037e-09,7.683174544665547234e-09,7.987696316462392309e-09,8.304683417808573815e-09,8.635174315640857313e-09,4.630296606931353185e-21,5.321829114469148579e-21,6.064324289301434407e-21,6.917064666114178666e-21,7.898110600030658867e-21,8.985840207804176882e-21,1.021990134854232829e-20,1.164553070172759347e-20,1.298186060109610884e-20,1.445989567055754522e-20,1.608684987893560291e-20,1.782960403338934250e-20,1.977665399340155063e-20,2.200391391654968770e-20,2.451350193727625728e-20,2.726197161965610704e-20,3.036500230725283491e-20,3.376465885590166743e-20,3.752213823201691905e-20,4.127915470278523005e-20,4.606777636214413247e-20
6.272899858196247180e+00,6.879224406750901022e-15,1.669544119341787039e-15,1.939209169535003929e-15,1.725896223957777275e-15,1.043275053738577064e-15,7.454178598524574540e-16,8.152947984927720865e-16,1.115396106574212811e-15,1.527428094013883242e-15,2.084613082933015220e-15,2.830881893651538933e-15,3.826319781315432128e-15,5.148075270298268200e-15,6.895794543225139434e-15,9.197501446188482654e-15,1.221724045023560319e-14,1.616463999485547349e-14,2.130693903851222573e-14,2.798412282567067013e-14,3.662790358346976958e-14,4.778562800228350203e-14,6.215037263627267770e-14,8.059899710969559209e-14,1.042401516298444923e-13,1.344752912652238912e-13,1.730762339637263728e-13,2.222841491344031342e-13,2.849365929919021944e-13,3.646311613901709511e-13,4.659370923990722619e-13,5.946710681827530599e-13,7.582577559968254393e-13,9.662050098507924572e-13,1.230734401464697418e-12,1.567622425593978612e-12,1.997332784380971638e-12,2.546551675867002863e-12,3.250286373261867557e-12,4.154757971477757517e-12,5.321426691541770052e-12,6.852416557215001331e-12,8.844754176818649309e-12,1.144675833796467339e-11,1.486675951217199469e-11,1.939445040914744855e-11,2.543428143469892710e-11,3.356109337419949622e-11,4.459704483183736744e-11,5.973036228021318308e-11,8.069363332078179656e-11,1.100326349095373919e-10,1.515079816222292383e-10,2.106863780761842533e-10,2.957842076372743587e-10,4.187992628770641445e-10,5.968233672378409980e-10,8.528927402064274127e-10,1.214157297320995716e-09,1.701951919895764048e-09,2.307554513620830091e-09,2.965709420794928002e-09,3.572643424093464266e-09,4.054949096923636787e-09,4.407226771699656161e-09,4.662349316155655774e-09,4.859433961535900587e-09,5.031720079805114196e-09,5.202751487441958709e-09,5.385677624961702804e-09,5.584907127589171078e-09,5.799362381285420033e-09,6.026647540150737401e-09,6.264925813182256816e-09,6.513288508593116464e-09,6.771529289507124458e-09,7.039892313554211383e-09,7.318917665395392367e-09,7.609364673372348970e-09,7.912184857636481954e-09,4.242619935693669520e-21,4.876253124174110193e-21,5.556582074631455178e-21,6.337925826394768655e-21,7.236832611509706590e-21,8.233490862662774668e-21,9.364228878392264162e-21,1.067049584748441326e-20,1.189494005765387054e-20,1.324922501684297206e-20,1.473996069640886467e-20,1.633680084432296184e-20,1.812083190699259641e-20,2.016161204573672757e-20,2.246108205186422377e-20,2.497943309003720048e-20,2.782265912366962541e-20,3.093767569220171840e-20,3.438055597879082278e-20,3.782301211729180097e-20,4.221070116642915774e-20
6.846096838574657895e+00,6.303253784325987115e-15,1.529759703435907819e-15,1.776846750990686100e-15,1.581393666172593394e-15,9.559257035018692444e-16,6.830069304627232157e-16,7.470333456338058781e-16,1.022008341941411457e-15,1.399542498487281119e-15,1.910076561967981847e-15,2.593863196500475490e-15,3.505956953221283564e-15,4.717047011529129702e-15,6.318436567916466891e-15,8.427430531287588689e-15,1.119433856909744437e-14,1.481123774939668713e-14,1.952299215520684263e-14,2.564112139282027572e-14,3.356119210878844787e-14,4.378472379040303274e-14,5.694676439576736527e-14,7.385075751359541960e-14,9.551253039437650750e-14,1.232161997410698819e-13,1.585852360969871875e-13,2.036731644997844955e-13,2.610799636520995329e-13,3.341020167419288570e-13,4.269259973610054562e-13,5.448815795678469408e-13,6.947717921937806472e-13,8.853084337240264234e-13,1.127689811357165677e-12,1.436371515489846073e-12,1.830103902316788984e-12,2.333338838625213592e-12,2.978152575209036840e-12,3.806896295020665285e-12,4.875884394548514778e-12,6.278690451449249549e-12,8.104217414648439371e-12,1.048836591829086905e-11,1.362202373625165792e-11,1.777062873779980315e-11,2.330476827410224416e-11,3.075115395413512046e-11,4.086310824955379841e-11,5.472937206590373539e-11,7.393747020392109349e-11,1.008200316466308718e-10,1.388228093822218642e-10,1.930464295671771909e-10,2.710193498418060614e-10,3.837348344113084911e-10,5.468536750195770507e-10,7.814833583644411588e-10,1.112500643473005061e-09,1.559454125278444812e-09,2.114351976400890806e-09,2.717402140783770344e-09,3.273519927750179971e-09,3.715444028159710189e-09,4.038226867528407840e-09,4.271988996618287899e-09,4.452572513505231069e-09,4.610433787212416121e-09,4.767145402313618182e-09,4.934755847968210269e-09,5.117304641572558946e-09,5.313804393507227916e-09,5.522059852703039929e-09,5.740388015502129872e-09,5.967956271335973479e-09,6.204575559110060536e-09,6.450469594088474999e-09,6.706133241750536110e-09,6.972262254838159102e-09,7.249728486432530534e-09,3.887401919738878603e-21,4.467983473270469941e-21,5.091351134797617379e-21,5.807276022395183508e-21,6.630920849197416259e-21,7.544132793133318279e-21,8.580198526028117535e-21,9.777096857792086666e-21,1.089902313103193839e-20,1.213991909390928139e-20,1.350584129066627038e-20,1.496898424257021962e-20,1.660364534420430050e-20,1.847355892339974857e-20,2.058050327658052997e-20,2.288800260688983116e-20,2.549317641668741500e-20,2.834738480020366989e-20,3.150200615172224336e-20,3.465623886741743806e-20,3.867656382967334595e-20
7.471670675868078426e+00,5.775506935146643333e-15,1.401678891348447802e-15,1.628078304344655706e-15,1.448989743819021139e-15,8.758897735941850429e-16,6.258214247139805525e-16,6.844871579219141936e-16,9.364395705180250041e-16,1.282364264968284456e-15,1.750153303003452063e-15,2.376689150207213768e-15,3.212416854927621636e-15,4.322107067344170461e-15,5.789418523497995012e-15,7.721834649899415738e-15,1.025708027193374950e-14,1.357115059407265253e-14,1.788840818492724676e-14,2.349429032945179072e-14,3.075124442206212176e-14,4.011879967990111341e-14,5.217883397298202513e-14,6.766752169272082546e-14,8.751563883685712619e-14,1.128997880263929295e-13,1.453075129495133322e-13,1.866204050036599996e-13,2.392207568177063600e-13,3.061289582751306796e-13,3.911811491208338453e-13,4.992607705964778348e-13,6.366012604692418647e-13,8.111850123235480456e-13,1.033272742782949595e-12,1.316109732054168775e-12,1.676876442156419573e-12,2.137977480462173175e-12,2.728803478421879214e-12,3.488159719659292820e-12,4.467645615937941293e-12,5.753000194305478977e-12,7.425682906601112504e-12,9.610215957046699843e-12,1.248150483090001964e-11,1.628276332015938013e-11,2.135355094280969594e-11,2.817647979960889241e-11,3.744179961051373098e-11,5.014709525243203817e-11,6.774697426776809330e-11,9.237876371482400935e-11,1.271997171266200218e-10,1.768834051300619587e-10,2.483279569771695957e-10,3.516062137480392732e-10,5.010677501895509333e-10,7.160528054826128501e-10,1.019355304669920149e-09,1.428887115093651203e-09,1.937325533902826428e-09,2.489884660634398897e-09,2.999440874818522368e-09,3.404364394330057585e-09,3.700121885795171473e-09,3.914312023766525770e-09,4.079775987274896353e-09,4.224420152381191826e-09,4.368010915311548207e-09,4.521587992231453123e-09,4.688852687504596461e-09,4.868900281792381703e-09,5.059719323833567565e-09,5.259767721300845430e-09,5.468282574860422428e-09,5.685090652765670996e-09,5.910396939474367043e-09,6.144654867309810388e-09,6.388501936351098253e-09,6.642737002822193045e-09,3.561924922487480856e-21,4.093896647500053247e-21,4.665072166602393751e-21,5.321055456319477466e-21,6.075739714967429239e-21,6.912491985449670972e-21,7.861811976417090877e-21,8.958498680188677631e-21,9.986490443416227580e-21,1.112349102829112573e-20,1.237504988823385481e-20,1.371568958877159786e-20,1.521348689348723253e-20,1.692683990358232162e-20,1.885737802565872431e-20,2.097167943903147776e-20,2.335873220900926956e-20,2.597396885937912522e-20,2.886446607190813974e-20,3.175460718757511331e-20,3.543832602478754700e-20
8.154407395185161889e+00,5.291946270809053591e-15,1.284321785989656974e-15,1.491765659362518320e-15,1.327671485351431287e-15,8.025549398624078602e-16,5.734238382701327129e-16,6.271777185026599441e-16,8.580351385059967659e-16,1.174996907807435786e-15,1.603619794621215668e-15,2.177698239573157015e-15,2.943453723908780794e-15,3.960233903950580062e-15,5.304693096139478078e-15,7.075315558997212611e-15,9.398294955570117481e-15,1.243489109844993269e-14,1.639068155365868526e-14,2.152720505582611713e-14,2.817656269300929449e-14,3.675980909370989985e-14,4.781010376390033076e-14,6.200198408515850368e-14,8.018829581206605767e-14,1.034471292183173405e-13,1.331414817622742539e-13,1.709954065341137982e-13,2.191917360946667554e-13,2.804979748655786658e-13,3.584290775764146573e-13,4.574596139848980800e-13,5.833011204317791404e-13,7.432676558274796192e-13,9.467608470216539940e-13,1.205916998581652892e-12,1.536478119466045643e-12,1.958972966676606747e-12,2.500331408750837516e-12,3.196109714301409982e-12,4.093587077643931827e-12,5.271323931575477645e-12,6.803959445821449986e-12,8.805590066228821836e-12,1.143647712411403555e-11,1.491947106949427398e-11,1.956570142659931750e-11,2.581737306775149469e-11,3.430694379664997244e-11,4.594847460022590940e-11,6.207478440605654646e-11,8.464425021596847196e-11,1.165497810417038587e-10,1.620736476740585025e-10,2.275364259136842606e-10,3.221675971530946004e-10,4.591153022260115951e-10,6.561004975366480635e-10,9.340086617072765795e-10,1.309251971305088854e-09,1.775120824821572615e-09,2.281416331509316919e-09,2.748309391754735422e-09,3.119330244660617697e-09,3.390325115171133401e-09,3.586581948486286400e-09,3.738192259836241430e-09,3.870725933282365371e-09,4.002294401807220477e-09,4.143013069209775308e-09,4.296273344078832235e-09,4.461246255696537403e-09,4.636088763768699516e-09,4.819387889342584716e-09,5.010444607669404541e-09,5.209100191020863662e-09,5.415542461305774797e-09,5.630186886727931551e-09,5.853617591971815477e-09,6.086566548146247033e-09,3.263698844468767732e-21,3.751130652268106202e-21,4.274483873419472902e-21,4.875544241403125079e-21,5.567041731240165898e-21,6.333735998443409311e-21,7.203573130043523578e-21,8.208438534490062634e-21,9.150360557772392354e-21,1.019216451932951825e-20,1.133893523849649266e-20,1.256732840699662548e-20,1.393972098657830009e-20,1.550962163325148429e-20,1.727852332975988576e-20,1.921580253407966448e-20,2.140299668797044571e-20,2.379926977613643127e-20,2.644775693343537485e-20,2.909591780847334341e-20,3.247121323832817809e-20
8.899530352885230755e+00,4.848872254435064195e-15,1.176790533230347780e-15,1.366865940363388385e-15,1.216510731379916701e-15,7.353601456659697428e-16,5.254132973263575055e-16,5.746665748710438756e-16,7.861952037158534767e-16,1.076619000601347398e-15,1.469354965240960716e-15,1.995368061585403219e-15,2.697009826574227600e-15,3.628658968792448278e-15,4.860551837808342585e-15,6.482926989383295723e-15,8.611412383462061633e-15,1.139376617763303040e-14,1.501835373031207347e-14,1.972481615819033495e-14,2.581744902081086307e-14,3.368205368524444594e-14,4.380715029198424259e-14,5.681079983914622622e-14,7.347444263339314156e-14,9.478590465563644565e-14,1.219940649043596773e-13,1.566786282303556536e-13,2.008396671397784744e-13,2.570129737056062631e-13,3.284192092103991624e-13,4.191583051422072351e-13,5.344635931857505199e-13,6.810367546324050342e-13,8.674922547932238315e-13,1.104950272800147098e-12,1.407834800614190303e-12,1.794955802499923641e-12,2.290988414160701605e-12,2.928511916549969481e-12,3.750847001488346926e-12,4.829976543213879333e-12,6.234290464952345300e-12,8.068332362251712494e-12,1.047894551036698769e-11,1.367032196051706811e-11,1.792754157564295184e-11,2.365578513923205091e-11,3.143455723041703591e-11,4.210138807561766753e-11,5.687750487318326895e-11,7.755731735857564540e-11,1.067915225577676933e-10,1.485038534341881622e-10,2.084856886344590466e-10,2.951937610800469758e-10,4.206753690660444755e-10,6.011677624497341092e-10,8.558077602065383283e-10,1.199633411386675047e-09,1.626496883240518179e-09,2.090402242307593809e-09,2.518204168056581767e-09,2.858160892371003642e-09,3.106466419575793350e-09,3.286291433872403637e-09,3.425208005313456069e-09,3.546645151320801941e-09,3.667197905249490480e-09,3.796134747600500898e-09,3.936563137552020012e-09,4.087723510870429075e-09,4.247927137835321597e-09,4.415879342709377377e-09,4.590939627358997257e-09,4.772962553709351264e-09,4.962120218073553399e-09,5.158793303123513759e-09,5.363517027062664592e-09,5.576962075914439877e-09,2.990442072526363734e-21,3.437063116622110869e-21,3.916598014266132764e-21,4.467333942488413118e-21,5.100935045163573399e-21,5.803436992392880792e-21,6.600446054362883114e-21,7.521177998664647449e-21,8.384236565553076271e-21,9.338814345682840050e-21,1.038957042630290318e-20,1.151511502699803538e-20,1.277260252985372426e-20,1.421106151985958153e-20,1.583185997813859902e-20,1.760693835237237432e-20,1.961100727241493669e-20,2.180664976322221566e-20,2.423338942308861919e-20,2.665983011903487044e-20,2.975252523021225918e-20
9.712740198471170316e+00,4.442895096936735336e-15,1.078262452764870151e-15,1.252423587578686796e-15,1.114657033679362825e-15,6.737913094480294000e-16,4.814224916776261005e-16,5.265519844398244325e-16,7.203701464045490750e-16,9.864778917748474944e-16,1.346331606232283007e-15,1.828303678096138909e-15,2.471199715339355393e-15,3.324845509418725869e-15,4.453596794358426738e-15,5.940136803683575847e-15,7.890412419339237402e-15,1.043981058481137806e-14,1.376092556190451233e-14,1.807333425149444314e-14,2.365585473303807093e-14,3.086198673022526810e-14,4.013934849799494318e-14,5.205425319826338342e-14,6.732271418936252721e-14,8.684985063651767022e-14,1.117799777717818795e-13,1.435605379215178191e-13,1.840241453235994898e-13,2.354942800733378373e-13,3.009219500485115973e-13,3.840638154682827092e-13,4.897150415716238190e-13,6.240162040199071662e-13,7.948605125503460377e-13,1.012437097078080026e-12,1.289962284987942747e-12,1.644671155617851410e-12,2.099172891821078713e-12,2.683319038454760065e-12,3.436803214815566002e-12,4.425581449900364964e-12,5.712317645465235025e-12,7.392802369647202297e-12,9.601584283127497452e-12,1.252575923326817074e-11,1.642653845823650748e-11,2.167517853520520277e-11,2.880266438565284317e-11,3.857640309750450480e-11,5.211537328002942835e-11,7.106374574187013649e-11,9.785028498788404627e-11,1.360702051276945954e-10,1.910299952671028903e-10,2.704783390713718673e-10,3.854538615481296530e-10,5.508343309686837160e-10,7.841543151119857963e-10,1.099192785847545701e-09,1.490316644478008217e-09,1.915381017612729922e-09,2.307364757054782369e-09,2.618858231077680232e-09,2.846374105176323009e-09,3.011143072557187331e-09,3.138428701411235355e-09,3.249698388932605021e-09,3.360157731073882397e-09,3.478299194621791212e-09,3.606970063320314831e-09,3.745474368285909013e-09,3.892264770549606002e-09,4.046154992522796882e-09,4.206558162481903803e-09,4.373341019314721095e-09,4.546661250381446563e-09,4.726867665278985350e-09,4.914450670478583964e-09,5.110024798079407778e-09,2.740064024072473552e-21,3.149291230499042284e-21,3.588676541919441608e-21,4.093301499396436260e-21,4.673853653542050233e-21,5.317537853322487490e-21,6.047816455816467263e-21,6.891459106370876849e-21,7.682257146408042983e-21,8.556911852995565342e-21,9.519692226183030750e-21,1.055099936842380838e-20,1.170320234836139357e-20,1.302122477883398024e-20,1.450632010524188147e-20,1.613277809211671200e-20,1.796905413973508449e-20,1.998086405040268404e-20,2.220442226571774883e-20,2.442770654819538118e-20,2.726146236290102623e-20
1.060025848806882465e+01,4.070908823042251481e-15,9.879837441001351724e-16,1.147563046531437466e-15,1.021331148736784176e-15,6.173773916949704654e-16,4.411148645694300492e-16,4.824658409613154523e-16,6.600563643459518585e-16,9.038839463329174521e-16,1.233608513136066648e-15,1.675226943686749493e-15,2.264295803790330020e-15,3.046469165764738064e-15,4.080714509088165122e-15,5.442792322705566317e-15,7.229778969455521792e-15,9.565725972215926129e-15,1.260877694857318285e-14,1.656012448210368433e-14,2.167524230219333342e-14,2.827803297973657525e-14,3.677863743942954122e-14,4.769595365143576711e-14,6.168604596889726447e-14,7.957825146037562030e-14,1.024210763077337707e-13,1.315407741380936102e-13,1.686165215485658526e-13,2.157772627104153057e-13,2.757269291242528312e-13,3.519076505045301091e-13,4.487131116116051372e-13,5.717697616622674430e-13,7.283099427353339553e-13,9.276696886478678385e-13,1.181958775252157451e-12,1.506969255930452177e-12,1.923417334858408786e-12,2.458655203498782547e-12,3.149053089256833031e-12,4.055044780128432542e-12,5.234047573839327984e-12,6.773831867953511599e-12,8.797681088693082777e-12,1.147702627801667306e-11,1.505120847615413947e-11,1.986040039541346596e-11,2.639112966127019353e-11,3.534655135997727226e-11,4.775195638719651232e-11,6.511385554398332697e-11,8.965766235827199355e-11,1.246775776878957468e-10,1.750357990074421784e-10,2.478322429279586637e-10,3.531813134489435313e-10,5.047151213453286843e-10,7.185001334415914488e-10,1.007161662046976729e-09,1.365538245842277652e-09,1.755013637270747145e-09,2.114178107411840672e-09,2.399591448049614026e-09,2.608058305592328718e-09,2.759031810129222292e-09,2.875660309844574737e-09,2.977613820513824409e-09,3.078824832860347268e-09,3.187074772557529324e-09,3.304972531389260916e-09,3.431880411231511778e-09,3.566380625770723918e-09,3.707386219812890577e-09,3.854359458114351206e-09,4.007178236995948671e-09,4.165987041270379074e-09,4.331105476067772042e-09,4.502982888038703840e-09,4.682182356907081759e-09,2.510649152843620427e-21,2.885613361748634981e-21,3.288210655168804027e-21,3.750585333593418666e-21,4.282530120715908584e-21,4.872321153582239132e-21,5.541456377644009770e-21,6.314464120276651925e-21,7.039051725473863925e-21,7.840475005671846926e-21,8.722645534200213009e-21,9.667605352744910481e-21,1.072333887213353726e-20,1.193100842635683136e-20,1.329176251472166490e-20,1.478204351947494110e-20,1.646457533728554482e-20,1.830794425258298593e-20,2.034533261304984288e-20,2.238246997600708225e-20,2.497896647136351407e-20
1.156887528316282676e+01,3.730067508672315483e-15,9.052637195176229579e-16,1.051482069505319626e-15,9.358190760585626452e-16,5.656867911940384182e-16,4.041820378313450689e-16,4.420708582878987377e-16,6.047924199636778565e-16,8.282052697282758411e-16,1.130323284870742966e-15,1.534966727068236478e-15,2.074715149584109378e-15,2.791400187366260392e-15,3.739052202879436458e-15,4.987088554885191364e-15,6.624457781074838733e-15,8.764825054264104970e-15,1.155309324388697047e-14,1.517360986338720473e-14,1.986045882344045226e-14,2.591042359628520629e-14,3.369930560702991475e-14,4.370255752311521128e-14,5.652131398882534851e-14,7.291547491537164010e-14,9.384575915243005175e-14,1.205273782848892247e-13,1.544989180041684960e-13,1.977110742914855370e-13,2.526413890114520571e-13,3.224437957859261073e-13,4.111441132908741329e-13,5.238977101000039247e-13,6.673313925046040003e-13,8.499995246318641787e-13,1.082997978044481029e-12,1.380796599102788319e-12,1.762377105024635476e-12,2.252801594987661887e-12,2.885395159143602622e-12,3.715531700183046218e-12,4.795821189488873322e-12,6.206685351645923642e-12,8.061085572550627538e-12,1.051609964180325909e-11,1.379102950804978383e-11,1.819756654947457068e-11,2.418150333150815872e-11,3.238712250817219595e-11,4.375387136828794675e-11,5.966212644072134253e-11,8.215097606047077040e-11,1.142388104988421599e-10,1.603807344042256040e-10,2.270822160679397484e-10,3.236108199008032240e-10,4.624572932239990943e-10,6.583429202731096061e-10,9.228359452114517869e-10,1.251207055740241734e-09,1.608073192061391321e-09,1.937166222285933843e-09,2.198683017363398102e-09,2.389695758192604842e-09,2.528028840170750560e-09,2.634892490594718370e-09,2.728309831555513068e-09,2.821046840681516463e-09,2.920233435231292164e-09,3.028260074657443899e-09,3.144542452812086866e-09,3.267781489098644323e-09,3.396981234841086827e-09,3.531648977269898976e-09,3.671672835970629357e-09,3.817185198606269995e-09,3.968478911016244978e-09,4.125965697809063095e-09,4.290161494240029612e-09,2.300442293792062609e-21,2.644012212291584971e-21,3.012901604941684746e-21,3.436563455352664157e-21,3.923970580666366575e-21,4.464380711236896359e-21,5.077491853410732633e-21,5.785778673401794011e-21,6.449699385168801367e-21,7.184022620619229897e-21,7.992332452307590314e-21,8.858174471712082962e-21,9.825515542137946690e-21,1.093207163593291116e-20,1.217889509303739569e-20,1.354440068313005469e-20,1.508606067570944856e-20,1.677509150305896801e-20,1.864189728434033089e-20,2.050847308315436582e-20,2.288757505637732152e-20
1.262600109874856535e+01,3.417763507868298946e-15,8.294695198869816083e-16,9.634455778555791654e-16,8.574665956269593625e-16,5.183240430182642314e-16,3.703414525941146101e-16,4.050579899252782430e-16,5.541555100494577683e-16,7.588628734789450702e-16,1.035685725832912134e-15,1.406449951205623040e-15,1.901007343964674281e-15,2.557687139456878019e-15,3.425995948680445144e-15,4.569539085758039186e-15,6.069817774325107504e-15,8.030980445706798182e-15,1.058579781737282316e-14,1.390318270464073218e-14,1.819762008555079772e-14,2.374104491001930621e-14,3.087779421590264345e-14,4.004351287362719429e-14,5.178900486885094869e-14,6.681054665773244214e-14,8.598841984860975603e-14,1.104360911011384659e-13,1.415633263291084521e-13,1.811574973492631272e-13,2.314887111112484387e-13,2.954468346788545375e-13,3.767206206357872542e-13,4.800337986571433591e-13,6.114583383958635143e-13,7.788323804429562530e-13,9.923227823222620975e-13,1.265187886607964849e-12,1.614820145386523590e-12,2.064183306043411122e-12,2.643812278939422546e-12,3.404444725916904953e-12,4.394285790696275002e-12,5.687023800603205617e-12,7.386162325376696993e-12,9.635627644083885984e-12,1.263636040874889094e-11,1.667395529442757611e-11,2.215688039416788860e-11,2.967547508883843506e-11,4.009053041072860671e-11,5.466684934705166565e-11,7.527279532138489058e-11,1.046740405629277151e-10,1.469526811880643303e-10,2.080695080071404675e-10,2.965161484173742441e-10,4.237375481955079975e-10,6.032224358785860641e-10,8.455704916760339962e-10,1.146448370157905557e-09,1.473435497087014242e-09,1.774974851744858112e-09,2.014595865796845146e-09,2.189615855013163313e-09,2.316366847700731302e-09,2.414283221569963091e-09,2.499879093010782886e-09,2.584851594147235926e-09,2.675733682080977638e-09,2.774715672420280070e-09,2.881262180691531499e-09,2.994182893248547899e-09,3.112565248312560516e-09,3.235957786032079473e-09,3.364257993303289593e-09,3.497587173486629275e-09,3.636213653581834042e-09,3.780514686102158083e-09,3.930963009056741347e-09,2.107835234992273968e-21,2.422639384546906035e-21,2.760643107457533202e-21,3.148833403918414072e-21,3.595431832096756648e-21,4.090595530676496652e-21,4.652373268778361364e-21,5.301357996492090103e-21,5.909691217142806686e-21,6.582532432822460837e-21,7.323165635672714712e-21,8.116514080605548234e-21,9.002863456984681978e-21,1.001677192593029364e-20,1.115920371906496889e-20,1.241038085319411218e-20,1.382296366890133427e-20,1.537057853430480971e-20,1.708108395028105474e-20,1.879137863932475830e-20,2.097128768565542544e-20
1.377972359833557547e+01,3.131607502694771804e-15,7.600212729039407032e-16,8.827800382047074054e-16,7.856742627140848458e-16,4.749267929762307865e-16,3.393342075402896069e-16,3.711440646364771273e-16,5.077582310582158978e-16,6.953262455497997493e-16,9.489718004143452336e-16,1.288693383617795811e-15,1.741843415242830808e-15,2.343541973290252312e-15,3.139150673354022016e-15,4.186949404741642566e-15,5.561615611585217407e-15,7.358577783357720334e-15,9.699490263318741885e-15,1.273912345572005683e-14,1.667400434813699451e-14,2.175329983799889133e-14,2.829251696630617284e-14,3.669082575801726027e-14,4.745291352986126772e-14,6.121676022662839701e-14,7.878894491173522914e-14,1.011897080252678944e-13,1.297107812808174824e-13,1.659898868257860987e-13,2.121070644110414555e-13,2.707102238050391485e-13,3.451792727281711011e-13,4.398424413979989871e-13,5.602633171363218591e-13,7.136237836005287316e-13,9.092394669968179218e-13,1.159258640598933080e-12,1.479617554331370839e-12,1.891357290596930064e-12,2.422456190834342411e-12,3.119403850397087101e-12,4.026369384379230502e-12,5.210871483931535608e-12,6.767747768685710376e-12,8.828874131846168903e-12,1.157836724855044645e-11,1.527791006587069265e-11,2.030177123693504427e-11,2.719086332927729139e-11,3.673390670016145718e-11,5.008980731691651587e-11,6.897049782250186382e-11,9.591009149977522596e-11,1.346489064823230926e-10,1.906486598201105353e-10,2.716900080758272064e-10,3.882596563652217153e-10,5.527169746070064883e-10,7.747741731380244964e-10,1.050460720635980514e-09,1.350070491065790976e-09,1.626363131920048579e-09,1.845921613272248653e-09,2.006287861577483976e-09,2.122426488126858973e-09,2.212144706002268635e-09,2.290573969052992748e-09,2.368432054163049570e-09,2.451704939422271629e-09,2.542399553857883616e-09,2.640025338649614369e-09,2.743491640469236680e-09,2.851962302775641823e-09,2.965023664689476247e-09,3.082581796129183584e-09,3.204747844198059498e-09,3.331767669922947015e-09,3.463986939935898222e-09,3.601838811736787618e-09,1.931354413829315462e-21,2.219801240052120834e-21,2.529505229859736512e-21,2.885193867201535307e-21,3.294400351253235057e-21,3.748105925077905966e-21,4.262848204769450240e-21,4.857495973043578057e-21,5.414895826351880526e-21,6.031402671923206302e-21,6.710025546048670485e-21,7.436950020689245176e-21,8.249088821600302849e-21,9.178106689889334129e-21,1.022488712582681333e-20,1.137130807959338819e-20,1.266562084689352420e-20,1.408365995715435090e-20,1.565095142765526225e-20,1.721804981456760200e-20,1.921544358068548604e-20
1.503886946955410053e+01,2.869410223485858976e-15,6.963876567100754040e-16,8.088683094973137470e-16,7.198928217605694480e-16,4.351630253793566052e-16,3.109230781497082275e-16,3.400696200074861828e-16,4.652456152323715199e-16,6.371092916087887725e-16,8.695180936836916307e-16,1.180796114043509789e-15,1.596005661344351577e-15,2.147326346466062488e-15,2.876321833893141998e-15,3.836392465162220918e-15,5.095963233339018939e-15,6.742472772757482602e-15,8.887389783112619794e-15,1.167252634649675573e-14,1.527795501250439314e-14,1.993198090629019063e-14,2.592369489516409855e-14,3.361884605513235184e-14,4.347986620277478365e-14,5.609131971098444293e-14,7.219225392481514788e-14,9.271748853245506537e-14,1.188506035904054302e-13,1.520922011597294775e-13,1.943481673775822597e-13,2.480447128575021853e-13,3.162787588321105012e-13,4.030161496880951844e-13,5.133546552854048066e-13,6.538748481806783342e-13,8.331123935398847546e-13,1.062198437108263099e-12,1.355734948774449679e-12,1.733001323196889188e-12,2.219633384434436985e-12,2.858228335386309055e-12,3.689257183451796223e-12,4.774585543174762332e-12,6.201110650274598104e-12,8.089666943890454959e-12,1.060895572822448899e-11,1.399875025806504737e-11,1.860198313230648237e-11,2.491427841940495502e-11,3.365831999805769865e-11,4.589598316006007437e-11,6.319586710674871553e-11,8.787991370186170872e-11,1.233752788333470819e-10,1.746863912897650495e-10,2.489424636136204682e-10,3.557521900119355670e-10,5.064401385763629849e-10,7.099053541614066421e-10,9.625097425425955199e-10,1.237034355728560707e-09,1.490194091633812633e-09,1.691369797881453615e-09,1.838309205835083195e-09,1.944723998262173681e-09,2.026930459762570762e-09,2.098793146585410135e-09,2.170132477968281581e-09,2.246433249407985872e-09,2.329534357593706682e-09,2.418986316281431770e-09,2.513789788291261945e-09,2.613178625207271033e-09,2.716773800361764845e-09,2.824489248072475822e-09,2.936426809529347899e-09,3.052811760774596234e-09,3.173960827121681795e-09,3.300270899482843472e-09,1.769649643337350795e-21,2.033945942086012524e-21,2.317719625040733571e-21,2.643627840386387247e-21,3.018573061920138908e-21,3.434291638039515547e-21,3.905936554759238576e-21,4.450796785228911731e-21,4.961527723341704924e-21,5.526416855842866663e-21,6.148221284153676378e-21,6.814283208402122878e-21,7.558424795819588801e-21,8.409659622270765277e-21,9.368797215995179484e-21,1.041923281570731948e-20,1.160517782435972372e-20,1.290449005195652904e-20,1.434055832193212884e-20,1.577644967445478022e-20,1.760660945274554857e-20
1.641307195375129169e+01,2.629165699584051462e-15,6.380818349533795745e-16,7.411449214909911399e-16,6.596190042322794226e-16,3.987285229174088293e-16,2.848907017858240103e-16,3.115969174000091563e-16,4.262924148798895964e-16,5.837666161059370733e-16,7.967167358536946744e-16,1.081932661923072616e-15,1.462378333639197992e-15,1.967539088601680330e-15,2.635498627815428972e-15,3.515186290545020163e-15,4.669298112125589564e-15,6.177951831152911339e-15,8.143283307956960163e-15,1.069523125223215748e-14,1.399879144149244927e-14,1.826315390342466553e-14,2.375320505481690951e-14,3.080407122839757048e-14,3.983946662877801058e-14,5.139501233440485501e-14,6.614787813929370551e-14,8.495461492604871017e-14,1.088997062104093582e-13,1.393581144969978423e-13,1.780761535119266161e-13,2.272768967191678542e-13,2.897979722182095526e-13,3.692731797167493655e-13,4.703734726917245618e-13,5.991284580316618275e-13,7.633591429574237504e-13,9.732647058057001343e-13,1.242224550491391463e-12,1.587903883170746853e-12,2.033792140364360442e-12,2.618920027352422020e-12,3.380370071969715619e-12,4.374828122203780944e-12,5.681915847229738317e-12,7.412350689995562315e-12,9.720709252638178319e-12,1.282668951072321187e-11,1.704451165448436116e-11,2.282830308264895582e-11,3.084024017207707407e-11,4.205329153895790917e-11,5.790472369290161237e-11,8.052207136372879942e-11,1.130455480468713125e-10,1.600605812316441308e-10,2.280994823067714502e-10,3.259664469986504910e-10,4.640378814918965407e-10,6.504677483321989872e-10,8.819225567316097596e-10,1.133462295027825653e-09,1.365425953869625207e-09,1.549758003057537906e-09,1.684394747621564029e-09,1.781899844622916949e-09,1.857223479804802246e-09,1.923069384209865611e-09,1.988435751684240747e-09,2.058348157195003766e-09,2.134491533785436284e-09,2.216454028941206019e-09,2.303319976085884509e-09,2.394387373421521048e-09,2.489308928704652893e-09,2.588005782196830674e-09,2.690571248322465859e-09,2.797211741639602666e-09,2.908217469286812127e-09,3.023952092048597666e-09,1.621483782437859271e-21,1.863651583162022397e-21,2.123666002697622875e-21,2.422287194601822867e-21,2.765839715468605147e-21,3.146751797006106967e-21,3.578907724824694592e-21,4.078148933799701661e-21,4.546118362922061792e-21,5.063711532097987029e-21,5.633454701402725110e-21,6.243749859167084146e-21,6.925587374506818554e-21,7.705551629766901062e-21,8.584384374545486792e-21,9.546871099441193561e-21,1.063352155911436709e-20,1.182404744275663670e-20,1.313987931886045039e-20,1.445554909011945845e-20,1.613247672997253940e-20
1.791284454622003963e+01,2.409035912429327273e-15,5.846577321903604911e-16,6.790917485607236108e-16,6.043916783060988367e-16,3.653445392087316465e-16,2.610379147376759696e-16,2.855081231044712967e-16,3.906006140291370159e-16,5.348901147230977718e-16,7.300107517029708013e-16,9.913466609637001275e-16,1.339939100777379627e-15,1.802804716454268991e-15,2.414838609285839355e-15,3.220873455842628070e-15,4.278355997010222984e-15,5.660696025686188082e-15,7.461477965066330856e-15,9.799761263597781875e-15,1.282672724602290230e-14,1.673405127510007055e-14,2.176444186131161257e-14,2.822496651693761734e-14,3.650386350922640125e-14,4.709190845328513860e-14,6.060957435804362584e-14,7.784169644227217516e-14,9.978195864771221289e-14,1.276902032324620659e-13,1.631665318870461183e-13,2.082478888069272061e-13,2.655343185609457096e-13,3.383553769834121380e-13,4.309909368389105298e-13,5.489657695538252946e-13,6.994460599256410279e-13,8.917770488778355691e-13,1.138217935031093863e-12,1.454954885745504048e-12,1.863510658658515056e-12,2.399648070363351641e-12,3.097344873305128528e-12,4.008540830561578206e-12,5.206191199566940192e-12,6.791743483700790437e-12,8.906832189235619175e-12,1.175276083732619612e-11,1.561744118751019922e-11,2.091697832305618396e-11,2.825810717606471213e-11,3.853233349622560199e-11,5.305658707534718052e-11,7.378027246023656366e-11,1.035806853209184258e-10,1.466593331916451692e-10,2.090016025123423165e-10,2.986745480480644955e-10,4.251857999739074790e-10,5.960066213617563512e-10,8.080826216027614430e-10,1.038561918915413242e-09,1.251104165536387332e-09,1.420002811359898538e-09,1.543366946544921874e-09,1.632708322160131507e-09,1.701725403219950107e-09,1.762058286926473790e-09,1.821951783458751888e-09,1.886010695997583209e-09,1.955778884715777369e-09,2.030878979903312023e-09,2.110471980174015829e-09,2.193914659601838683e-09,2.280888803368009793e-09,2.371322154352334766e-09,2.465300214126505114e-09,2.563012114962882995e-09,2.664723766088479107e-09,2.770768380389019897e-09,1.485723271048503964e-21,1.707615306560314087e-21,1.945859733113507220e-21,2.219478537597180284e-21,2.534266746154989991e-21,2.883286545115255133e-21,3.279259743019402760e-21,3.736701433201082808e-21,4.165489607660063681e-21,4.639746720009497809e-21,5.161787516423949562e-21,5.720985041505255863e-21,6.345734961662385770e-21,7.060395852617259409e-21,7.865647360167886425e-21,8.747548826430383809e-21,9.743218282343587954e-21,1.083406607821458467e-20,1.203972848464063684e-20,1.324524235862813816e-20,1.478176738920743551e-20
1.954966143091260378e+01,2.207336733585235441e-15,5.357066211341843711e-16,6.222340457187721097e-16,5.537883209274990466e-16,3.347556662187628651e-16,2.391822284948467035e-16,2.616036417779899642e-16,3.578971484231686933e-16,4.901058521245900169e-16,6.688897993725572381e-16,9.083450724715749338e-16,1.227751227224532984e-15,1.651862910626893417e-15,2.212653593271367043e-15,2.951202286619969942e-15,3.920145940054513790e-15,5.186748030898703161e-15,6.836757523684652476e-15,8.979265483714384400e-15,1.175279541319645692e-14,1.533297444452723836e-14,1.994219005145806731e-14,2.586180018139411982e-14,3.344753742605774221e-14,4.314908667291145192e-14,5.553497114642962877e-14,7.132431487430521810e-14,9.142760451838617087e-14,1.169992006593826015e-13,1.495052347155698437e-13,1.908121054914283000e-13,2.433021659673137537e-13,3.100262012567553564e-13,3.949057470743497693e-13,5.030030072881259021e-13,6.408841699991138863e-13,8.171120355658168656e-13,1.042919387733856453e-12,1.333137189215553915e-12,1.707486181115712442e-12,2.198734898911700787e-12,2.838016270390028266e-12,3.672921344892742981e-12,4.770297120761340280e-12,6.223097297683275581e-12,8.161097877263775652e-12,1.076874802215433613e-11,1.430985376346464225e-11,1.916568132914561025e-11,2.589216610242046668e-11,3.530617153448964022e-11,4.861436602328492169e-11,6.760293807790421338e-11,9.490827862679429933e-11,1.343801193692382290e-10,1.915027136886683854e-10,2.736676933257639682e-10,3.895866516721192037e-10,5.461053120894171611e-10,7.404250161787329098e-10,9.516071810706205239e-10,1.146354094549425641e-09,1.301111515663618359e-09,1.414146853076366538e-09,1.496008023848877342e-09,1.559246573960212165e-09,1.614528020683951267e-09,1.669406868407412047e-09,1.728102378105270958e-09,1.792029148560958233e-09,1.860841405758081781e-09,1.933770394623430404e-09,2.010226744028397242e-09,2.089918882039571927e-09,2.172780601343543770e-09,2.258890244798965331e-09,2.348421109370873956e-09,2.441616840744065171e-09,2.538782753189269963e-09,1.361329457650409816e-21,1.564643338671511811e-21,1.782940488825864452e-21,2.033650258248700316e-21,2.322082478152158618e-21,2.641880210937567026e-21,3.004700117747355437e-21,3.423841999776464284e-21,3.816729413171563920e-21,4.251278827670455262e-21,4.729611184780766755e-21,5.241989282622066207e-21,5.814431329231752720e-21,6.469256451813948536e-21,7.207087392075420973e-21,8.015150689031770656e-21,8.927456625695766805e-21,9.926971991221549704e-21,1.103168898787407363e-20,1.213626988812967269e-20,1.354414767217261137e-20
2.133604526501410703e+01,2.022525040119208180e-15,4.908539956392219286e-16,5.701368165231508908e-16,5.074217852489648407e-16,3.067278802312794172e-16,2.191564335979739771e-16,2.397005894170831875e-16,3.279318164099985973e-16,4.490712011215973065e-16,6.128862659364023173e-16,8.322928831790384854e-16,1.124956406658204652e-15,1.513558873348981268e-15,2.027396739885892813e-15,2.704109632358214225e-15,3.591927413722690271e-15,4.752481852754226528e-15,6.264342487707552746e-15,8.227466614571783596e-15,1.076877970312186801e-14,1.404920431111321251e-14,1.827250827669544303e-14,2.369649254396793855e-14,3.064710560252809523e-14,3.953638197851678310e-14,5.088524466473951345e-14,6.535260823948898643e-14,8.377272786839691667e-14,1.072033140241289420e-13,1.369877446609635376e-13,1.748361522926557599e-13,2.229314247785247436e-13,2.840689168962321582e-13,3.618418294736421533e-13,4.608885277975259674e-13,5.872254386551532872e-13,7.486984325361092756e-13,9.555998160242037876e-13,1.221518813182238769e-12,1.564525024396644197e-12,2.014643403505508163e-12,2.600400239707201251e-12,3.365401969444023824e-12,4.370898752669091683e-12,5.702061638424948046e-12,7.477800989983083581e-12,9.867122761177168609e-12,1.311174553328917287e-11,1.756101360039517480e-11,2.372431604488993846e-11,3.235012352794332461e-11,4.454407480996938309e-11,6.194280780445763131e-11,8.696197871247443723e-11,1.231289962166515863e-10,1.754689385597338209e-10,2.507545649929033641e-10,3.569680811786456087e-10,5.003820447680284606e-10,6.784321181117744844e-10,8.719328241987342094e-10,1.050374338356412038e-09,1.192174524338611843e-09,1.295745853921968636e-09,1.370753108221569382e-09,1.428696941237597497e-09,1.479349888090511862e-09,1.529633943986826293e-09,1.583415107639941247e-09,1.641989538995766600e-09,1.705040414347373341e-09,1.771863343484771621e-09,1.841918301024705201e-09,1.914938127214270092e-09,1.990862158020121278e-09,2.069762176958986167e-09,2.151796971517083881e-09,2.237189787876529657e-09,2.326220377535254369e-09,1.247350652964402411e-21,1.433641855893417480e-21,1.633661837283715683e-21,1.863380655778890623e-21,2.127663571138341538e-21,2.420685887348921073e-21,2.753128298790436924e-21,3.137177066188810915e-21,3.497169549188266314e-21,3.895335836470419863e-21,4.333619291384658530e-21,4.803097969977337984e-21,5.327611677228824111e-21,5.927610846893564078e-21,6.603666080944650638e-21,7.344073390454226947e-21,8.179995510118934626e-21,9.095825353387266195e-21,1.010804870561950971e-20,1.112014735627520381e-20,1.241014902585709312e-20
2.328566298498195408e+01,1.853186908761804918e-15,4.497567054983980178e-16,5.224014850869584030e-16,4.649373387181902722e-16,2.810467514228465680e-16,2.008073203834120798e-16,2.196313941824152902e-16,3.004753647458772846e-16,4.114722213631693967e-16,5.615716898745061962e-16,7.626082470020265255e-16,1.030768195395904945e-15,1.386834493562204438e-15,1.857650720112445013e-15,2.477705082082730724e-15,3.291189344158232028e-15,4.354575087551490083e-15,5.739853529593760035e-15,7.538612931833255064e-15,9.867151789620879643e-15,1.287291924274043285e-14,1.674262244319005986e-14,2.171247766774981861e-14,2.808114301056967396e-14,3.622615495434113969e-14,4.662482164190100716e-14,5.988088930445163081e-14,7.675876417719314233e-14,9.822759876124305382e-14,1.255182952155389274e-13,1.601978033300087258e-13,2.042662462793681894e-13,2.602849346909517411e-13,3.315462247050608137e-13,4.223001293781434902e-13,5.380593435537874033e-13,6.860128335937057400e-13,8.755911714036758575e-13,1.119245808329848215e-12,1.433533447611217728e-12,1.845965170834018845e-12,2.382678872288478787e-12,3.083629991610520827e-12,4.004940451808815752e-12,5.224650262257906396e-12,6.851713885404324504e-12,9.040987065891359077e-12,1.201395023118003503e-11,1.609069844046143826e-11,2.173797161548434551e-11,2.964157388888412187e-11,4.081457320097077002e-11,5.675657815757061245e-11,7.968099148996532678e-11,1.128198857128767721e-10,1.607776088715629641e-10,2.297598635069163338e-10,3.270805363413927115e-10,4.584870082443669015e-10,6.216296435539705437e-10,7.989292904030319577e-10,9.624305927143014629e-10,1.092358402313491045e-09,1.187258108522131356e-09,1.255985298036677379e-09,1.309077719964098468e-09,1.355489693183720678e-09,1.401563661247426244e-09,1.450841937878332274e-09,1.504512160606642592e-09,1.562284032138419946e-09,1.623512138107998399e-09,1.687701667350720067e-09,1.754607828357551679e-09,1.824175036257998104e-09,1.896469064414972003e-09,1.971635405657931322e-09,2.049878614637088662e-09,2.131455020348816423e-09,1.142914848941932263e-21,1.313608616206831768e-21,1.496881704871006189e-21,1.707367062870032685e-21,1.949522600743953084e-21,2.218011301553561715e-21,2.522619606805649492e-21,2.874513469156459311e-21,3.204365185952967311e-21,3.569194563322795901e-21,3.970782254383516035e-21,4.400953314742533607e-21,4.881551535512786665e-21,5.431315115411462241e-21,6.050766882134473124e-21,6.729182776087423307e-21,7.495116397762508884e-21,8.334267381078994837e-21,9.261741220903109481e-21,1.018910079992719613e-20,1.137109566225489595e-20
2.541343036702636482e+01,1.698026798522957635e-15,4.121003311327824880e-16,4.786628467273840599e-16,4.260099491555959440e-16,2.575158033426150292e-16,1.839945068349528451e-16,2.012425143710290055e-16,2.753177346667945889e-16,3.770212574992006682e-16,5.145534830784297081e-16,6.987580335592023521e-16,9.444659956166147763e-16,1.270720251719259453e-15,1.702116872363378864e-15,2.270256501554946385e-15,3.015630899922455261e-15,3.989983503489813718e-15,5.259277985812451896e-15,6.907434280602241192e-15,9.041013663896724273e-15,1.179511993423252183e-14,1.534082798215079456e-14,1.989457661710107871e-14,2.573001845613172690e-14,3.319308032507955358e-14,4.272110721805073044e-14,5.486729604963700712e-14,7.033205230305816902e-14,9.000338512135988677e-14,1.150091380276934837e-13,1.467850662190429857e-13,1.871638303595630649e-13,2.384922925299174700e-13,3.037871527348826435e-13,3.869425870177931277e-13,4.930097337890455142e-13,6.285756553024010452e-13,8.022813384684066116e-13,1.025535723187460522e-12,1.313509284527179437e-12,1.691409708538502794e-12,2.183186465591593686e-12,2.825449682235368262e-12,3.669622411807191857e-12,4.787210678145478822e-12,6.278046611608024201e-12,8.284020489460615916e-12,1.100806904700989660e-11,1.474348703289210893e-11,1.991793605604849326e-11,2.715980054454017757e-11,3.739732821220417461e-11,5.200457128655708110e-11,7.300961292309203402e-11,1.033739168137978896e-10,1.473163269045336841e-10,2.105229664720593676e-10,2.996953590364116368e-10,4.200996796883895844e-10,5.695830185937211209e-10,7.320380576914848344e-10,8.818500338096602778e-10,1.000899494784009133e-09,1.087853618813458750e-09,1.150826548867685262e-09,1.199473749430678417e-09,1.241999829194486060e-09,1.284216203655459777e-09,1.329368602427914788e-09,1.378545226784848645e-09,1.431480084892241082e-09,1.487581800411380184e-09,1.546396990786073239e-09,1.607701359945360378e-09,1.671443976923105791e-09,1.737685108135140082e-09,1.806558064863905812e-09,1.878250275196758854e-09,1.952996606703193265e-09,1.047223047366487724e-21,1.203625291406888706e-21,1.371553639340109428e-21,1.564415879456972236e-21,1.786296678839150828e-21,2.032305868155049552e-21,2.311410508342850320e-21,2.633841670403376786e-21,2.936076189766294905e-21,3.270359826637182481e-21,3.638324146994740076e-21,4.032478662648365671e-21,4.472838269297860557e-21,4.976572289383071124e-21,5.544159776276580745e-21,6.165774554057251618e-21,6.867579541641052940e-21,7.636471686810761280e-21,8.486291760276840163e-21,9.336007139553925665e-21,1.041903818324389681e-20
2.773562614198414877e+01,1.555857639005543635e-15,3.775967780881786360e-16,4.385862739249761762e-16,3.903417980579862365e-16,2.359550097464730753e-16,1.685893645749482450e-16,1.843932637277603876e-16,2.522664548095719380e-16,3.454547384398519468e-16,4.714719273104927290e-16,6.402537493962162326e-16,8.653895423436800430e-16,1.164327802362258703e-15,1.559605266919456137e-15,2.080176781378699697e-15,2.763143889217057779e-15,3.655917750421061671e-15,4.818939157496083227e-15,6.329101755491792371e-15,8.284044860518752880e-15,1.080756055712751994e-14,1.405640030266967268e-14,1.822888132944816286e-14,2.357574438845638220e-14,3.041395320192963713e-14,3.914423557378293241e-14,5.027347139907478268e-14,6.444342394232891928e-14,8.246775280533501119e-14,1.053798715729812986e-13,1.344953252607602414e-13,1.714933330049718773e-13,2.185242632798177559e-13,2.783522395673902659e-13,3.545453937428309891e-13,4.517319521028780004e-13,5.759474678761578357e-13,7.351094518493173259e-13,9.396716178933216937e-13,1.203534276381261635e-12,1.549794572150970673e-12,2.000396779849920677e-12,2.588885802954098133e-12,3.362379243155964186e-12,4.386396203876431890e-12,5.752410260662416121e-12,7.590431771404980378e-12,1.008640637025803846e-11,1.350907238075266843e-11,1.825028497370208789e-11,2.488581640045207947e-11,3.426619581502955138e-11,4.765043141237811986e-11,6.689680285731650692e-11,9.471882204013197486e-11,1.349821055616029829e-10,1.928966997791661013e-10,2.746030357924329663e-10,3.849263723961927675e-10,5.218940544976895212e-10,6.707473669395558665e-10,8.080161707421409310e-10,9.170980847835160976e-10,9.967718792324237080e-10,1.054472331522491283e-09,1.099046491764252916e-09,1.138012028771697617e-09,1.176693790893095870e-09,1.218065755464359886e-09,1.263125012911177651e-09,1.311627841858107021e-09,1.363032379600205671e-09,1.416923203533980161e-09,1.473094797023470810e-09,1.531500493353645023e-09,1.592195513068446540e-09,1.655302005816711194e-09,1.720991707063233205e-09,1.789479819832175944e-09,9.595431470251825408e-22,1.102850441326743523e-21,1.256718803807684786e-21,1.433433440951549166e-21,1.636737026600319329e-21,1.862148826223060649e-21,2.117885123727797615e-21,2.413320382453793809e-21,2.690249984584338434e-21,2.996545356643564361e-21,3.333701459955822559e-21,3.694854955684901669e-21,4.098344970395544506e-21,4.559903306140474055e-21,5.079968907022265034e-21,5.649538304495890271e-21,6.292583898342967879e-21,6.997099703790944742e-21,7.775767657814152900e-21,8.554339683284382677e-21,9.546692762794632020e-21
3.027001653763463196e+01,1.425591748585808304e-15,3.459820729351292904e-16,4.018651562170420764e-16,3.576600021035923931e-16,2.161994172854123300e-16,1.544740347780073792e-16,1.689547351087469405e-16,2.311451686874026557e-16,3.165311608743959358e-16,4.319974221377278955e-16,5.866478007099463950e-16,7.929338520111244033e-16,1.066843177732901535e-15,1.429025602234692542e-15,1.906011694635959697e-15,2.531796630918557188e-15,3.349822019603225546e-15,4.415468181429795671e-15,5.799190756524546405e-15,7.590454101969497907e-15,9.902685674012066081e-15,1.287951274199679195e-14,1.670264821003884240e-14,2.160183928423790684e-14,2.786751155090181357e-14,3.586684143823854006e-14,4.606426976512744701e-14,5.904782746159327947e-14,7.556304958520748416e-14,9.655682603293697284e-14,1.232345563683163381e-13,1.571348652603138844e-13,2.002280792197793945e-13,2.550468924530169310e-13,3.248606910732180799e-13,4.139101980448790189e-13,5.277256332706253463e-13,6.735616052466413552e-13,8.609965791633864300e-13,1.102767046634145813e-12,1.420036318665801022e-12,1.832911361398346977e-12,2.372128494404723199e-12,3.080860346402334699e-12,4.019140361885046533e-12,5.270783390774906011e-12,6.954914530891694973e-12,9.241910913850620614e-12,1.237801045175240994e-11,1.672225981065904025e-11,2.280222407750730084e-11,3.139722091833212324e-11,4.366084668354301090e-11,6.129579453112300321e-11,8.678838458670743660e-11,1.236805804535913180e-10,1.767462116330768663e-10,2.516115948837855126e-10,3.526979889058636700e-10,4.781979013217721828e-10,6.145883066177375366e-10,7.403641289894346953e-10,8.403130399172531568e-10,9.133160583794581897e-10,9.661854768996293293e-10,1.007027616596557441e-09,1.042730721202280218e-09,1.078173810286106083e-09,1.116081861663657856e-09,1.157368483269118239e-09,1.201810359567008131e-09,1.248910995902761314e-09,1.298289751386832811e-09,1.349758316489432723e-09,1.403273931717522447e-09,1.458887194214327031e-09,1.516710026515114298e-09,1.576899785344183625e-09,1.639653655616032489e-09,8.792043426836208832e-22,1.010513076302105717e-21,1.151498641062030475e-21,1.313417651034979998e-21,1.499699420583024111e-21,1.706238369597313079e-21,1.940562864587525788e-21,2.211262481649078929e-21,2.465005848547860507e-21,2.745656304020603542e-21,3.054583642112097793e-21,3.385499164571708383e-21,3.755206534441303868e-21,4.178120391360461819e-21,4.654642928354452001e-21,5.176524502175292924e-21,5.765730397091742484e-21,6.411259842598639659e-21,7.124732966562089301e-21,7.838118193696062364e-21,8.747385421215512645e-21
3.303599120128339450e+01,1.306232512979101328e-15,3.170143437096151089e-16,3.682185544387848865e-16,3.277145254266078208e-16,1.980978835108227140e-16,1.415405264783996693e-16,1.548088142623905116e-16,2.117922854541204697e-16,2.900292416221623784e-16,3.958279632855861827e-16,5.375300689802580136e-16,7.265445939667953750e-16,9.775205604178472503e-16,1.309378863458075510e-15,1.746428771155325534e-15,2.319819176028086570e-15,3.069354490189568846e-15,4.045778256173136707e-15,5.313647138218041702e-15,6.954934991805161729e-15,9.073572434772225086e-15,1.180116138551863108e-14,1.530420063559430607e-14,1.979320155381941164e-14,2.553427352516522773e-14,3.286385072793040528e-14,4.220748816310079310e-14,5.410398322494977109e-14,6.923645022915124278e-14,8.847249967559523291e-14,1.129166077248527175e-13,1.439785760048243828e-13,1.834637632742220539e-13,2.336928111339738675e-13,2.976613727525060005e-13,3.792551119043578103e-13,4.835412247541391198e-13,6.171669197302453999e-13,7.889086945001386855e-13,1.010436663921780671e-12,1.301142217533515916e-12,1.679448843641506071e-12,2.173519429689030300e-12,2.822911928615555198e-12,3.682633418809268405e-12,4.829481259785787824e-12,6.372606669653927202e-12,8.468121767472087622e-12,1.134164792558135637e-11,1.532217023340312757e-11,2.089308281127591696e-11,2.876845409732280148e-11,4.000529431993051653e-11,5.616373678149143487e-11,7.952193172312537285e-11,1.133252879534917233e-10,1.619479408533582620e-10,2.305451376284702439e-10,3.231679622361751934e-10,4.381602565843365226e-10,5.631312253295749941e-10,6.783763287693037036e-10,7.699569073046951332e-10,8.368476678296085829e-10,8.852905361906624424e-10,9.227131228636594243e-10,9.554269458052923964e-10,9.879025233103072534e-10,1.022636681432477256e-09,1.060466535277813087e-09,1.101187466649425209e-09,1.144344550453254654e-09,1.189589015376486583e-09,1.236748318311628889e-09,1.285783279851182568e-09,1.336740260836959539e-09,1.389721812966980259e-09,1.444872118100897051e-09,1.502371851629571888e-09,8.055919930127447268e-22,9.259067586254981323e-22,1.055088152059362707e-21,1.203450315003885015e-21,1.374135438708000980e-21,1.563381687268731801e-21,1.778087106437480055e-21,2.026122100612749360e-21,2.258620525301844774e-21,2.515773213008233153e-21,2.798835270265158891e-21,3.102044526993114535e-21,3.440797741081732361e-21,3.828302670627798106e-21,4.264927834603605716e-21,4.743114300206912433e-21,5.282988284145370892e-21,5.874470067512136772e-21,6.528206870199396309e-21,7.181863135315809857e-21,8.015000965098066958e-21
3.605471154250503929e+01,1.196866760526845935e-15,2.904719694435760779e-16,3.373890513656794201e-16,3.002762666888327232e-16,1.815119205416809445e-16,1.296898903726620215e-16,1.418472761825933392e-16,1.940597436347121337e-16,2.657462246799311937e-16,3.626868321192511181e-16,4.925247733107579019e-16,6.657138495014964309e-16,8.956765773861993366e-16,1.199749679354722310e-15,1.600207103294631573e-15,2.125589766471549353e-15,2.812369412856968720e-15,3.707041026128068922e-15,4.868756192875075899e-15,6.372625417454931599e-15,8.313877612526758311e-15,1.081309618126628862e-14,1.402283962095017168e-14,1.813599400473182827e-14,2.339638841692181132e-14,3.011228871456302105e-14,3.867361983857912811e-14,4.957406777937128431e-14,6.343955235591985121e-14,8.106504242567129924e-14,1.034625406690419129e-13,1.319238115235303888e-13,1.681030581020267538e-13,2.141266237374741532e-13,2.727393472451146381e-13,3.475015609303528707e-13,4.430562043910243246e-13,5.654939412258289786e-13,7.228564471913055866e-13,9.258367439556787415e-13,1.192202655660716438e-12,1.538835143810209659e-12,1.991539127150548942e-12,2.586560525544617389e-12,3.374300889300150978e-12,4.425127634621514055e-12,5.839053173944765188e-12,7.759118967622376495e-12,1.039205599068085737e-11,1.403930469443725567e-11,1.914378649534580644e-11,2.635978366692124875e-11,3.665580709472382103e-11,5.146136620611096105e-11,7.286387061000742426e-11,1.038370036964756541e-10,1.483886715551791536e-10,2.112424926549181074e-10,2.961103694973341995e-10,4.014748076463602750e-10,5.159824447138877847e-10,6.215785252355001643e-10,7.054914192032389841e-10,7.667816773028787141e-10,8.111686132808308643e-10,8.454579527642692370e-10,8.754327749337948427e-10,9.051892990276699088e-10,9.370153015947747399e-10,9.716778093590380751e-10,1.008989336006941314e-09,1.048533045547802548e-09,1.089989367930206299e-09,1.133200206407927741e-09,1.178129661912411260e-09,1.224820213673046107e-09,1.273365827134251330e-09,1.323898612371050939e-09,1.376584117528679185e-09,7.381429182041463150e-22,8.483841978627447782e-22,9.667497371853808918e-22,1.102690115015347894e-21,1.259084439186589573e-21,1.432485837640651804e-21,1.629214809668750007e-21,1.856482801413034249e-21,2.069515040023132597e-21,2.305137336389018135e-21,2.564499711870313091e-21,2.842322440408954824e-21,3.152713169422134681e-21,3.507773822947150348e-21,3.907842065300408252e-21,4.345991843634372912e-21,4.840664285047935488e-21,5.382623606175436663e-21,5.981625576724302394e-21,6.580553752798936428e-21,7.343936202321390248e-21
3.934927263095849526e+01,1.096657775870983063e-15,2.661518846280226505e-16,3.091407823131768697e-16,2.751353063133473322e-16,1.663146355469745451e-16,1.188314617964904261e-16,1.299709571208120114e-16,1.778118783638515575e-16,2.434963300136422969e-16,3.323204785756677617e-16,4.512875954735152590e-16,6.099762259580656460e-16,8.206850717649718797e-16,1.099299319152211638e-15,1.466228005245598756e-15,1.947622427651608258e-15,2.576900693502154298e-15,3.396664942876829146e-15,4.461114230782159981e-15,5.839070352065530098e-15,7.617789074035069726e-15,9.907757821937210744e-15,1.284876196523111554e-14,1.661753797865002648e-14,2.143750008849844286e-14,2.759110425421232853e-14,3.543562852258257576e-14,4.542342448199625277e-14,5.812800612682179139e-14,7.427778267339517854e-14,9.480002576571482935e-14,1.208783454443444965e-13,1.540284448488903206e-13,1.961986368802946857e-13,2.499039457079335110e-13,3.184066109028080086e-13,4.059608368432101599e-13,5.181473396255487741e-13,6.623344968673620461e-13,8.483200452480889038e-13,1.092384178309741707e-12,1.409994480505214225e-12,1.824795325404119115e-12,2.369997903401392324e-12,3.091783839623460049e-12,4.054628961032462310e-12,5.350172030938476201e-12,7.109478206250387831e-12,9.521969683952273939e-12,1.286384848234848262e-11,1.754095193561354575e-11,2.415278181497941233e-11,3.358675936790205182e-11,4.715270677417225987e-11,6.676326297953824051e-11,9.514313646471246703e-11,1.359646669780687544e-10,1.935559828417415461e-10,2.713182034417420313e-10,3.678608882311028431e-10,4.727812475628630585e-10,5.695361802126341406e-10,6.464233749284856531e-10,7.025820388223033156e-10,7.432526298126334826e-10,7.746710566703062885e-10,8.021362039170142308e-10,8.294013303343239457e-10,8.585626658657258459e-10,8.903230170798699343e-10,9.245105951608494151e-10,9.607434641693263708e-10,9.987288104075866259e-10,1.038321773953202041e-09,1.079489461426578055e-09,1.122270795436946597e-09,1.166751874068642510e-09,1.213053746335494368e-09,1.261328099682370338e-09,6.763410912977051141e-22,7.773522986825206701e-22,8.858075531639738307e-22,1.010366173487300087e-21,1.153666211019449548e-21,1.312549386852524989e-21,1.492807009529547888e-21,1.701046738940398569e-21,1.896242619290629723e-21,2.112137179988833294e-21,2.349784155592640914e-21,2.604345870909624189e-21,2.888748795075327328e-21,3.214081605239293302e-21,3.580653694402008197e-21,3.982118901101023430e-21,4.435374348805553310e-21,4.931957530260614358e-21,5.480807402635126018e-21,6.029589659058848192e-21,6.729057074181751862e-21
4.294487988789274624e+01,1.004838898566199921e-15,2.438680256368361353e-16,2.832576306266130967e-16,2.520993004704714888e-16,1.523897599373988247e-16,1.088821670842231172e-16,1.190889959223122452e-16,1.629243834661321921e-16,2.231093322267247897e-16,3.044965813494141662e-16,4.135030456625738471e-16,5.589052961909407480e-16,7.519723123533973472e-16,1.007259275733649965e-15,1.343466454398472028e-15,1.784555599826894685e-15,2.361146851411017647e-15,3.112275438240555986e-15,4.087602539887079230e-15,5.350187770802205156e-15,6.979981313298566689e-15,9.078219911539005545e-15,1.177298525132696393e-14,1.522621635184860699e-14,1.964262183782100539e-14,2.528100873311054206e-14,3.246874158745937606e-14,4.162029835546781125e-14,5.326117494214212806e-14,6.805879370179628223e-14,8.686278944113831805e-14,1.107576731495216636e-13,1.411322440557172082e-13,1.797716904222076073e-13,2.289804632562507476e-13,2.917476675361799635e-13,3.719713197041468622e-13,4.747648842692342564e-13,6.068798133364952073e-13,7.772935173160186172e-13,1.000923112656650680e-12,1.291941143307009946e-12,1.672012331678887487e-12,2.171567224758571322e-12,2.832920840363884354e-12,3.715150695997793212e-12,4.902222998818526988e-12,6.514229331456897358e-12,8.724732309315232913e-12,1.178680863322144419e-11,1.607231646060764168e-11,2.213056361817004101e-11,3.077467103431284358e-11,4.320479458757641802e-11,6.117343542634685894e-11,8.717717281984845670e-11,1.245808758358138890e-10,1.773502954968105268e-10,2.486017887310672122e-10,3.370613311542432797e-10,4.331971181132726311e-10,5.218511377115257606e-10,5.923008675652722010e-10,6.437575856168040294e-10,6.810229866871627123e-10,7.098108712332536055e-10,7.349764688477160769e-10,7.599587925965068288e-10,7.866785632677362844e-10,8.157797441778425977e-10,8.471049297182940686e-10,8.803041619559492835e-10,9.151091433416826525e-10,9.513871425092447759e-10,9.891080201133909308e-10,1.028307439925127033e-09,1.069064291372071273e-09,1.111489488506359200e-09,1.155722018574861813e-09,6.197136902575532295e-22,7.122676233118162973e-22,8.116423424399477588e-22,9.257721554102806423e-22,1.057074239840346690e-21,1.202654747194164722e-21,1.367820102343436417e-21,1.558624731593190270e-21,1.737477622377654057e-21,1.935296173754012241e-21,2.153045895196202666e-21,2.386294151182975456e-21,2.646885128017750521e-21,2.944979091171361965e-21,3.280859529375365194e-21,3.648711620508989004e-21,4.064017757812237436e-21,4.519023966748749042e-21,5.021920780476249048e-21,5.524755639472735905e-21,6.165659376681755855e-21
4.686904192314192130e+01,9.207076576553818870e-16,2.234499072254433015e-16,2.595415742557071084e-16,2.309920095290145068e-16,1.396307598390458737e-16,9.976588800413810830e-17,1.091181388823790946e-16,1.492833604372723726e-16,2.044292582309809838e-16,2.790022704916420118e-16,3.788820488026447621e-16,5.121103361358844578e-16,6.890126042259152015e-16,9.229253860849492293e-16,1.230983249287803106e-15,1.635141721341482096e-15,2.163457236821726704e-15,2.851696757370362903e-15,3.745363525731064951e-15,4.902237420844870256e-15,6.395574708160119052e-15,8.318135974194539730e-15,1.078727912487007362e-14,1.395138465705109738e-14,1.799802174091408648e-14,2.316432849787212278e-14,2.975026052102833056e-14,3.813559314280102767e-14,4.880182454612899548e-14,6.236049641533999765e-14,7.959010694936212670e-14,1.014843652632922258e-13,1.293157918444439992e-13,1.647201081064386766e-13,2.098088223637946182e-13,2.673207734960717566e-13,3.408276122356179582e-13,4.350146726567604020e-13,5.560681341184844519e-13,7.122137634798142193e-13,9.171197252238196819e-13,1.183771951484069282e-12,1.532021261982984744e-12,1.989750372722997444e-12,2.595731430158912124e-12,3.404095621725714096e-12,4.491778991624290518e-12,5.968818322771696850e-12,7.994244509883133608e-12,1.079994512892615043e-11,1.472664410449989675e-11,2.027765786192479103e-11,2.819802788640790626e-11,3.958742568681393265e-11,5.605162232721225088e-11,7.987816823424174456e-11,1.141502051155829520e-10,1.625014471318266331e-10,2.277873308030973970e-10,3.088405008365458943e-10,3.969272133973389536e-10,4.781585777906874516e-10,5.427098266014679120e-10,5.898582743929105758e-10,6.240035888110087085e-10,6.503811760910245970e-10,6.734397563929725107e-10,6.963304076350353935e-10,7.208130361468295587e-10,7.474776887085299773e-10,7.761801386691384676e-10,8.065997287080036707e-10,8.384906247831087552e-10,8.717312086076901727e-10,9.062938642863017761e-10,9.422112696015339341e-10,9.795557088769925039e-10,1.018428809763925177e-09,1.058957922649237270e-09,5.678274805923175711e-22,6.526322339023026110e-22,7.436866954773642939e-22,8.482608644496250119e-22,9.685695375845662549e-22,1.101961156994675279e-21,1.253297861298511370e-21,1.428127163306041843e-21,1.592005399283994310e-21,1.773261375081101869e-21,1.972779761829684720e-21,2.186499051288139390e-21,2.425271762247106222e-21,2.698407480786658527e-21,3.006165960232801237e-21,3.343219230836218326e-21,3.723753405450665253e-21,4.140663719577991075e-21,4.601454944987441357e-21,5.062189402893808437e-21,5.649432770472718298e-21
5.115178099293142822e+01,8.436203973341823422e-16,2.047413182137040899e-16,2.378111707639265396e-16,2.116519497145613722e-16,1.279400210436613118e-16,9.141287940710390455e-17,9.998210280420497041e-17,1.367844470504144527e-16,1.873131939564076967e-16,2.556424988238743511e-16,3.471597329467567340e-16,4.692333355302697618e-16,6.313242668422468821e-16,8.456524440141192091e-16,1.127917824122844844e-15,1.498237684009922655e-15,1.982319402437511116e-15,2.612935312882832491e-15,3.431778849091367659e-15,4.491792206150630113e-15,5.860098188189484782e-15,7.621690899693077925e-15,9.884102326955843544e-15,1.278328964670001296e-14,1.649111759422591217e-14,2.122486964116125745e-14,2.725938726898200684e-14,3.494264870309832394e-14,4.471583816200678248e-14,5.713929533054587504e-14,7.292633779051579163e-14,9.298747526945307183e-14,1.184886850786111491e-13,1.509287360589065985e-13,1.922423481710754840e-13,2.449390480000194215e-13,3.122914458959501602e-13,3.985925911895236585e-13,5.095107185754502776e-13,6.525828835439165138e-13,8.403328684879134522e-13,1.084659344104037310e-12,1.403751098421144431e-12,1.823156336406518106e-12,2.378400963949761043e-12,3.119083975337902822e-12,4.115699859932915089e-12,5.469072450092457669e-12,7.324917604126754479e-12,9.895707855904775507e-12,1.349363964504730056e-11,1.857988867611500387e-11,2.583711701730597668e-11,3.627292497207370696e-11,5.135863865770892122e-11,7.319028082779386501e-11,1.045928537627424769e-10,1.488958349122837554e-10,2.087155862363089596e-10,2.829824905465656556e-10,3.636940463075288811e-10,4.381242254591010446e-10,4.972708500335555559e-10,5.404717422264112047e-10,5.717582026755958694e-10,5.959272974766007516e-10,6.170552728057387961e-10,6.380293791200531712e-10,6.604621726579078711e-10,6.848942978844576922e-10,7.111936036835371264e-10,7.390662801210082371e-10,7.682870758801473026e-10,7.987445552988856864e-10,8.304134146529679984e-10,8.633235957417304368e-10,8.975413308043585076e-10,9.331597386053292241e-10,9.702955069804701336e-10,5.202855008444586114e-22,5.979898829991416363e-22,6.814207097271576001e-22,7.772392914949343721e-22,8.874749887751200233e-22,1.009698248277895372e-21,1.148364120723407969e-21,1.308555647315940635e-21,1.458712997915377387e-21,1.624793117972752742e-21,1.807606608557747372e-21,2.003432015669116953e-21,2.222213219036885069e-21,2.472480349417091857e-21,2.754471412003103852e-21,3.063304527167298077e-21,3.411978059876889113e-21,3.793982099848129687e-21,4.216193073587555710e-21,4.638352032745471830e-21,5.176427804104173755e-21
5.582586268862694823e+01,7.729873525877301554e-16,1.875991263741823022e-16,2.179001691821088357e-16,1.939311576591501400e-16,1.172281021998365572e-16,8.375923563323687273e-17,9.161099138545591507e-17,1.253320189208187953e-16,1.716301909705483469e-16,2.342385497069722927e-16,3.180934028427428923e-16,4.299462589140941105e-16,5.784659488946247789e-16,7.748492639265533746e-16,1.033481664929279289e-15,1.372796087635655141e-15,1.816347532273418708e-15,2.394164432688800671e-15,3.144449394073724019e-15,4.115711968058516693e-15,5.369455028241057506e-15,6.983556454315988246e-15,9.056544998867877438e-15,1.171299467460660235e-14,1.511038065302254964e-14,1.944779410832786699e-14,2.497706511696300809e-14,3.201703704505324953e-14,4.097195547762332233e-14,5.235524504369103108e-14,6.682050002671890604e-14,8.520199672682707939e-14,1.085680897236952216e-13,1.382920617901699960e-13,1.761466463323826142e-13,2.244312570644176025e-13,2.861445014389338416e-13,3.652199885141269910e-13,4.668513738065722072e-13,5.979446645537383433e-13,7.699750757064890856e-13,9.938450486829542047e-13,1.286220495248227682e-12,1.670510568836050051e-12,2.179266729829149473e-12,2.857935242217936821e-12,3.771108366782409287e-12,5.011168349729713685e-12,6.711630829018814011e-12,9.067178842153273313e-12,1.236386983880163959e-11,1.702426708091515407e-11,2.367387600491521606e-11,3.323593447168603607e-11,4.705858020263838114e-11,6.706234414317726886e-11,9.583570215364448437e-11,1.364293675258229640e-10,1.912406444396238389e-10,2.592894705811886868e-10,3.332433626492936057e-10,4.014417932666765217e-10,4.556363017076538349e-10,4.952201517320329866e-10,5.238871189021925980e-10,5.460326296837082156e-10,5.653916420627556112e-10,5.846096682793184203e-10,6.051642515288085642e-10,6.275507702244696107e-10,6.516481377475460452e-10,6.771871437234772134e-10,7.039613962495411292e-10,7.318687897369221997e-10,7.608861390434826840e-10,7.910408790585086944e-10,8.223936966541834946e-10,8.550299141241078867e-10,8.890564494868373460e-10,4.767240255906550631e-22,5.479225229669819846e-22,6.243680120524574769e-22,7.121640777751842612e-22,8.131701701723535593e-22,9.251601529729573300e-22,1.052216072880338074e-21,1.198995387888647153e-21,1.336580649314548279e-21,1.488755528829403081e-21,1.656262759037634902e-21,1.835692468763429741e-21,2.036155975479967118e-21,2.265469215372733895e-21,2.523850266388758134e-21,2.806825989636505683e-21,3.126306447693559483e-21,3.476326779667841657e-21,3.863187675700733848e-21,4.250000912130108142e-21,4.743025698288050158e-21
6.092704661368677677e+01,7.082681371250642819e-16,1.718921833824590002e-16,1.996562380861628354e-16,1.776940583903852017e-16,1.074130505315887709e-16,7.674640159424729718e-17,8.394076046851366258e-17,1.148384579204312982e-16,1.572602646423414032e-16,2.146266697487845151e-16,2.914606831651003460e-16,3.939485359566925314e-16,5.300332516984857288e-16,7.099741578911552188e-16,9.469522769317163567e-16,1.257857226754470039e-15,1.664271839310585649e-15,2.193710384826934797e-15,2.881176913398291862e-15,3.771119461141890883e-15,4.919891505983573160e-15,6.398850516567451770e-15,8.298275817403441829e-15,1.073231132510394979e-14,1.384524742939082857e-14,1.781950617715167631e-14,2.288583289496322729e-14,2.933637543777322284e-14,3.754153348481056711e-14,4.797174462387174939e-14,6.122588023885960216e-14,7.806836592995444610e-14,9.947810711573215770e-14,1.267134069599041526e-13,1.613985748162737744e-13,2.056405034590919666e-13,2.621867386371399418e-13,3.346415436679216692e-13,4.277637295530397004e-13,5.478810904856065438e-13,7.055080664356291081e-13,9.106342799337777044e-13,1.178530270969921312e-12,1.530645235884317772e-12,1.996805228271237921e-12,2.618651473731625965e-12,3.455368175036965648e-12,4.591602773320051843e-12,6.149692163043240223e-12,8.308019330475180761e-12,1.132869125098775562e-11,1.559889161310804006e-11,2.169175472328059427e-11,3.045321933802287810e-11,4.311854886667155021e-11,6.144747569092642822e-11,8.781175268547559910e-11,1.250066688195891421e-10,1.752288113465301445e-10,2.375801747465715829e-10,3.053421959399001620e-10,3.678306380166346840e-10,4.174876516888514494e-10,4.537573003747567202e-10,4.800240942190064700e-10,5.003154477766015677e-10,5.180536055723111866e-10,5.356625814269074475e-10,5.544962096082251034e-10,5.750083924275316237e-10,5.970881813762781080e-10,6.204889060143254462e-10,6.450214548277926601e-10,6.705922711304827594e-10,6.971801109817594100e-10,7.248101122546575448e-10,7.535378807463032678e-10,7.834415950475128483e-10,8.146192213482553517e-10,4.368097827183186268e-22,5.020471076680972298e-22,5.720921141807220166e-22,6.525373578295019623e-22,7.450866041540799197e-22,8.477001025888416035e-22,9.641181259914930016e-22,1.098608181567957610e-21,1.224673965800731548e-21,1.364107836316723909e-21,1.517590339616929678e-21,1.681997099736535062e-21,1.865676579081658478e-21,2.075790315992418014e-21,2.312538129600100407e-21,2.571821399482000499e-21,2.864553005139481265e-21,3.185267500212911916e-21,3.539738042638316103e-21,3.894164915812875387e-21,4.345910660008524528e-21
6.649435996665044968e+01,6.489676090912172573e-16,1.575003214516846280e-16,1.829398001678630996e-16,1.628164280994062493e-16,9.841977484915499976e-17,7.032072479095362955e-17,7.691272806322902658e-17,1.052234818452449443e-16,1.440934761858014205e-16,1.966568159898519218e-16,2.670578172068025323e-16,3.609647619086052110e-16,4.856556352934897676e-16,6.505307913940723270e-16,8.676676570237211696e-16,1.152541748296684502e-15,1.524928850843560048e-15,2.010039572383482382e-15,2.639947210454194498e-15,3.455378340509009793e-15,4.507968183612587822e-15,5.863099725938419671e-15,7.603493556351882148e-15,9.833736766624382257e-15,1.268603887505039239e-14,1.632754844219443859e-14,2.096969138862003764e-14,2.688015516910405933e-14,3.439832734273260655e-14,4.395525759334175984e-14,5.609967614017041959e-14,7.153200621006431034e-14,9.114919328979668228e-14,1.161041877280594343e-13,1.478853017931992318e-13,1.884230263468651862e-13,2.402348658509874285e-13,3.066233127164065373e-13,3.919487412645804935e-13,5.020091441667515146e-13,6.464386283530518731e-13,8.343904242310613894e-13,1.079856529050554642e-12,1.402490281619581688e-12,1.829620516422027524e-12,2.399402001689546691e-12,3.166063677784308968e-12,4.207165785818698180e-12,5.634802429341043822e-12,7.612421283085407274e-12,1.038018412790454886e-11,1.429285727256179042e-11,1.987558872392815063e-11,2.790349008660458904e-11,3.950840098365961137e-11,5.630271826952135828e-11,8.045961720333573307e-11,1.145403481139254855e-10,1.605575865731393343e-10,2.176885135601279766e-10,2.797770850713687616e-10,3.370336136722207938e-10,3.825330393110421660e-10,4.157659718072192806e-10,4.398335494746085975e-10,4.584259871592249564e-10,4.746789982026000671e-10,4.908136432048281165e-10,5.080704051720610420e-10,5.268651829458023284e-10,5.470963173032928185e-10,5.685377905580384391e-10,5.910163247654555834e-10,6.144461963757004030e-10,6.388079401204092846e-10,6.641245891765756695e-10,6.904470936848610085e-10,7.178470866476617848e-10,7.464143319280457854e-10,4.002374036886907399e-22,4.600126619235376245e-22,5.241930732996463194e-22,5.979029505297873926e-22,6.827034095116799412e-22,7.767254800371168393e-22,8.833962765089387397e-22,1.006626004403067452e-21,1.122136792328440818e-21,1.249896408823965500e-21,1.390528420887048742e-21,1.541170044363629973e-21,1.709470757471490636e-21,1.901992490884043112e-21,2.118918333656242973e-21,2.356492826863887166e-21,2.624715157180891989e-21,2.918577478749579534e-21,3.243369585514169998e-21,3.568121679283926500e-21,3.982044514663454748e-21
7.257039612324216193e+01,5.946320829270952900e-16,1.443134339750051148e-16,1.676229643824841787e-16,1.491844437522480356e-16,9.017947105514608297e-17,6.443304483862210858e-17,7.047312539355838531e-17,9.641353020699809076e-17,1.320290915606013977e-16,1.801915079823646052e-16,2.446981080150084414e-16,3.307425905856382106e-16,4.449935835846292194e-16,5.960643860740014495e-16,7.950212290363603786e-16,1.056043923994616677e-15,1.397252507197588710e-15,1.841746800531425402e-15,2.418914729455019419e-15,3.166072992141032833e-15,4.130533594033122210e-15,5.372205258943835004e-15,6.966882703541476279e-15,9.010396350417408893e-15,1.162388633067358733e-14,1.496050650797653908e-14,1.921398093537340386e-14,2.462958464135184935e-14,3.151828958869060578e-14,4.027505535280428868e-14,5.140266911237505949e-14,6.554291038994800364e-14,8.351762692584241588e-14,1.063832370339310670e-13,1.355034424025188916e-13,1.726471014246182658e-13,2.201209377348217388e-13,2.809509389380562368e-13,3.591324022244869578e-13,4.599778769580563764e-13,5.923148438801055509e-13,7.645301691246664413e-13,9.894443545972113098e-13,1.285065241718774780e-12,1.676433528276845676e-12,2.198509432607991827e-12,2.900981517455186371e-12,3.854916207519607461e-12,5.163022404359729451e-12,6.975062946544349244e-12,9.511091805931842880e-12,1.309617209226308804e-11,1.821148321849524564e-11,2.556723971843264866e-11,3.620051669902419772e-11,5.158871131634110381e-11,7.372304734304769706e-11,1.049503316098551664e-10,1.471147262148084629e-10,1.994623035637017901e-10,2.563524412015382708e-10,3.088151040311617974e-10,3.505050402630886125e-10,3.809555089693005948e-10,4.030080022507608460e-10,4.200437676606515658e-10,4.349359774954274689e-10,4.497197316159132610e-10,4.655316522255140866e-10,4.827528165782341809e-10,5.012900769814442136e-10,5.209363393278025256e-10,5.415328335590356611e-10,5.630010134237044546e-10,5.853230434044275556e-10,6.085200282001456801e-10,6.326386520950086950e-10,6.577445505395764773e-10,6.839199718188475609e-10,3.667270872794624207e-22,4.214975963368658935e-22,4.803044322483469454e-22,5.478428690141463927e-22,6.255433163880751299e-22,7.116932857462538008e-22,8.094329525723928591e-22,9.223451360923647733e-22,1.028184656374124172e-21,1.145247458594847449e-21,1.274104900919900946e-21,1.412133888944183308e-21,1.566343439916358496e-21,1.742746079653883561e-21,1.941509567879407944e-21,2.159192875593698084e-21,2.404957996579176618e-21,2.674216372375278721e-21,2.971814903115757663e-21,3.269376770993362413e-21,3.648643462157639730e-21
7.920164050192552452e+01,5.448458583955565365e-16,1.322306331422120234e-16,1.535885475035488754e-16,1.366938122735345631e-16,8.262909575082977443e-17,5.903831735974902472e-17,6.457268553331432494e-17,8.834120145013816788e-17,1.209748107946288523e-16,1.651047759800712620e-16,2.242104900443992702e-16,3.030508037651510274e-16,4.077360068350163623e-16,5.461582403876570024e-16,7.284572030569599766e-16,9.676254860651426067e-16,1.280266005715589852e-15,1.687544525924687152e-15,2.216388435800495810e-15,2.900990051957161363e-15,3.784700130195602128e-15,4.922411470598776174e-15,6.383572793897842199e-15,8.255991015253146342e-15,1.065066367517998525e-14,1.370792166182220341e-14,1.760526926901939062e-14,2.256744560398810003e-14,2.887938616022389370e-14,3.690298208870375992e-14,4.709892415910643574e-14,6.005525819825731188e-14,7.652502184136184219e-14,9.747618361815941155e-14,1.241582677946507538e-13,1.581920331512515822e-13,2.016910703515942388e-13,2.574280128633936186e-13,3.290636472294905621e-13,4.214657237808420286e-13,5.427226327339844736e-13,7.005190406402946416e-13,9.066020387958962251e-13,1.177471742311627656e-12,1.536072289037718101e-12,2.014436814615822413e-12,2.658093652274901905e-12,3.532159112219437198e-12,4.730742680367215551e-12,6.391068137066755960e-12,8.714765193584798426e-12,1.199968069361613388e-11,1.668670677504270224e-11,2.342659447943428868e-11,3.316958866086062967e-11,4.726938977512013775e-11,6.755050419653159513e-11,9.616324977520696973e-11,1.347973841111461954e-10,1.827621030263925447e-10,2.348890513789735772e-10,2.829592201166187274e-10,3.211586206281533160e-10,3.490595903826178371e-10,3.692657144325583873e-10,3.848751416644140341e-10,3.985204848670444938e-10,4.120664529292361392e-10,4.265545031114806932e-10,4.423338065559588421e-10,4.593190144629583932e-10,4.773203719068323155e-10,4.961924020268942767e-10,5.158631349429145306e-10,5.363162284358022087e-10,5.575710201903892285e-10,5.796702857978376758e-10,6.026741653084884195e-10,6.266580206793032128e-10,3.360224589331122524e-22,3.862072469372289113e-22,4.400904158944038393e-22,5.019741228299875246e-22,5.731690148694023837e-22,6.521059833805054172e-22,7.416622892041730748e-22,8.451207760897493085e-22,9.420987662382546905e-22,1.049360356713114818e-21,1.167429068089486329e-21,1.293901427423620228e-21,1.435199614293448801e-21,1.596832749185730834e-21,1.778954545956001205e-21,1.978412079539028183e-21,2.203600245720499356e-21,2.450314668138919331e-21,2.722996434888515778e-21,2.995644608413717240e-21,3.343156779117729294e-21
8.643882620598270705e+01,4.992280402185882160e-16,1.211594780858629104e-16,1.407291775989786452e-16,1.252489726402237006e-16,7.571088391530525073e-17,5.409526936683222194e-17,5.916626648383934099e-17,8.094473728841261528e-17,1.108460618323562361e-16,1.512811971921419005e-16,2.054382204004059669e-16,2.776775422242580651e-16,3.735978616378120940e-16,5.004305415863398495e-16,6.674663232939905211e-16,8.866099790064946998e-16,1.173074327616264252e-15,1.546253006198603820e-15,2.030818878620382401e-15,2.658101472216320958e-15,3.467821953123604857e-15,4.510277161421417024e-15,5.849101147386656186e-15,7.564749095724638825e-15,9.758925155905660718e-15,1.256021085826655594e-14,1.613124875460146412e-14,2.067796142342935919e-14,2.646142782096253665e-14,3.381323936391234037e-14,4.315551498105392341e-14,5.502706571621029779e-14,7.011788030113307101e-14,8.931488303679440194e-14,1.137629803970326895e-13,1.449472313524652772e-13,1.848042638659744708e-13,2.358745696215897158e-13,3.015124317863387641e-13,3.861780429459800488e-13,4.972825839585557136e-13,6.418673142244296773e-13,8.306957869131209860e-13,1.078886626867299578e-12,1.407462948784405815e-12,1.845775878826124205e-12,2.435541840494774077e-12,3.236425209372425496e-12,4.334656051259830578e-12,5.855968934712785371e-12,7.985111901869208845e-12,1.099499424215806427e-11,1.528959391475984685e-11,2.146517711523629769e-11,3.039242840311035810e-11,4.331170817605732907e-11,6.189476400741787400e-11,8.811187602250972076e-11,1.235113250095480465e-10,1.674601451294389629e-10,2.152227074535189087e-10,2.592681484935588359e-10,2.942692622233312780e-10,3.198341926272016461e-10,3.383485367383429736e-10,3.526510475233960593e-10,3.651539193727286384e-10,3.775657363744501250e-10,3.908407586355526456e-10,4.052989225606644896e-10,4.208620252721116677e-10,4.373561992839017881e-10,4.546481479453611715e-10,4.726719271335633692e-10,4.914125628996682898e-10,5.108877738595965864e-10,5.311367541711381508e-10,5.522146085928362829e-10,5.741903893189976488e-10,3.078886093336536434e-22,3.538716208185121566e-22,4.032433622473112743e-22,4.599457878211950392e-22,5.251798092948561707e-22,5.975076933805320225e-22,6.795657990936299213e-22,7.743621104833541089e-22,8.632205118461618907e-22,9.615015077982639124e-22,1.069684786579411218e-21,1.185568108659033903e-21,1.315035949573137872e-21,1.463136172642244451e-21,1.630009621860430779e-21,1.812767354278021830e-21,2.019101393806641326e-21,2.245159380115477680e-21,2.495010566318150411e-21,2.744830971926052913e-21,3.063247304287562848e-21
9.433732216299779338e+01,4.574296239938618423e-16,1.110152676517172215e-16,1.289464725696898449e-16,1.147623647809312147e-16,6.937190696751955000e-17,4.956608349859951422e-17,5.421250580991614137e-17,7.416755021594612705e-17,1.015653535065339846e-16,1.386150127277368788e-16,1.882376796595385310e-16,2.544286848863036124e-16,3.423179701586244266e-16,4.585314446132764366e-16,6.115819719566451415e-16,8.123775842970889811e-16,1.074857390549234695e-15,1.416791274214309192e-15,1.860786336521105144e-15,2.435549005703005314e-15,3.177474749616291224e-15,4.132649250137778450e-15,5.359378726763118481e-15,6.931382165453105767e-15,8.941848424009964012e-15,1.150859340285623548e-14,1.478064222742361568e-14,1.894667638207451753e-14,2.424591570053584574e-14,3.098218874379838861e-14,3.954227206949652760e-14,5.041986417475752433e-14,6.424718372659964797e-14,8.183689631433369269e-14,1.042380498592397402e-13,1.328113651378205805e-13,1.693313238087774765e-13,2.161257120983734273e-13,2.762679721297524776e-13,3.538448619635202752e-13,4.556470531968899898e-13,5.881262680499144022e-13,7.611448693758804847e-13,9.885556585399894432e-13,1.289621566861201743e-12,1.691236265211965391e-12,2.231623423698388993e-12,2.965451952497042150e-12,3.971732210398935946e-12,5.365671501048964935e-12,7.316549633753809827e-12,1.007442626780917251e-11,1.400945586386760985e-11,1.966798157508340354e-11,2.784778893951537691e-11,3.968538781762142287e-11,5.671255688022907459e-11,8.073461238419773748e-11,1.131702036074807854e-10,1.534393604713724985e-10,1.972029497828243877e-10,2.375606378741574703e-10,2.696312448972845293e-10,2.930557234120557442e-10,3.100199337187207547e-10,3.231249510725344207e-10,3.345810062379844332e-10,3.459536302229917308e-10,3.581171866585386135e-10,3.713648249222261888e-10,3.856248897582439297e-10,4.007380709269116476e-10,4.165822321861013367e-10,4.330969506570386009e-10,4.502685061012035737e-10,4.681131336239294812e-10,4.866667458090782944e-10,5.059798337087344955e-10,5.261156680463612972e-10,2.821102972057022560e-22,3.242433305273371862e-22,3.694813686547814237e-22,4.214363213422243390e-22,4.812085526881215316e-22,5.474807052040259311e-22,6.226684058499186851e-22,7.095277919052775057e-22,7.909464259753664161e-22,8.809987375491071093e-22,9.801242524412908689e-22,1.086305116045890323e-21,1.204933119718730885e-21,1.340633488877173961e-21,1.493535275197131592e-21,1.660991415651793410e-21,1.850049910998700008e-21,2.057180944008753008e-21,2.286113065107293401e-21,2.515016982750183312e-21,2.806773557805252878e-21
1.029575567312512732e+02,4.191308260961239220e-16,1.017203923827437102e-16,1.181502874659480099e-16,1.051537596874614999e-16,6.356366783002687137e-17,4.541610869390531952e-17,4.967350419166549540e-17,6.795779057797181288e-17,9.306168268303862702e-17,1.270093184753611242e-16,1.724772730923492120e-16,2.331263636750771147e-16,3.136570219642307652e-16,4.201403955734850037e-16,5.603765993413772369e-16,7.443603784021242339e-16,9.848637744600250102e-16,1.298168867994416952e-15,1.704989955842773169e-15,2.231629988991687791e-15,2.911437184759423404e-15,3.786638650668189426e-15,4.910658853918829265e-15,6.351044577369313671e-15,8.193182339305403948e-15,1.054502377442931636e-14,1.354311671579548385e-14,1.736034508316272231e-14,2.221589976682169558e-14,2.838817094764396178e-14,3.623155189098151068e-14,4.619840564480811789e-14,5.886801767355692141e-14,7.498501224710751648e-14,9.551060459682506826e-14,1.216915876570242824e-13,1.551538726597110564e-13,1.980303493715567396e-13,2.531371325968120803e-13,3.242188120868824821e-13,4.174975029978375009e-13,5.388847500176307383e-13,6.974171788327814105e-13,9.057877497925746006e-13,1.181646584124963320e-12,1.549635650557529792e-12,2.044778300416147301e-12,2.717166229302034357e-12,3.639194566898947077e-12,4.916424758763021438e-12,6.703963476160164055e-12,9.230933858643161277e-12,1.283649877791651462e-11,1.802125820630862427e-11,2.551620221108855111e-11,3.636268511583744560e-11,5.196423573903204864e-11,7.397501825022426062e-11,1.036949039577429289e-10,1.405924814149996477e-10,1.806919161234226041e-10,2.176706124338240754e-10,2.470560726443935287e-10,2.685193109564332665e-10,2.840631741147063079e-10,2.960709594906304280e-10,3.065678438493099523e-10,3.169882823948044521e-10,3.281334317023316111e-10,3.402718968957369417e-10,3.533380221342383337e-10,3.671858356030247547e-10,3.817034270510448811e-10,3.968354325714432984e-10,4.125692806677458934e-10,4.289198471432527146e-10,4.459200377612807215e-10,4.636161161550985405e-10,4.820660556373246447e-10,2.584903025861650025e-22,2.970957013966918205e-22,3.385461350738470960e-22,3.861511022588433901e-22,4.409188378569005805e-22,5.016422815828190638e-22,5.705348093750374044e-22,6.501217978908340563e-22,7.247235673596874880e-22,8.072361501964168551e-22,8.980622724340139763e-22,9.953530265605827165e-22,1.104048770276120761e-21,1.228387476917670487e-21,1.368487393167775009e-21,1.521923084260166491e-21,1.695152449344537342e-21,1.884941209017898563e-21,2.094705736724256036e-21,2.304444422340277670e-21,2.571773357563432352e-21
1.123654800138751568e+02,3.840386371355268097e-16,9.320374075897917013e-17,1.082580248229873719e-16,9.634964561348656763e-17,5.824172989647967653e-17,4.161359508977343676e-17,4.551453547140925218e-17,6.226794988904107917e-17,8.526999104317019096e-17,1.163753237267337394e-16,1.580364238827109608e-16,2.136076027144922877e-16,2.873957431503870460e-16,3.849636792990694517e-16,5.134584528133657726e-16,6.820379878087913209e-16,9.024049727638886876e-16,1.189478253078927932e-15,1.562237798327561358e-15,2.044784316023049332e-15,2.667673907345284166e-15,3.469598168839554990e-15,4.499508545486904560e-15,5.819296391529349229e-15,7.507199145185500194e-15,9.662130071923656121e-15,1.240920438743545793e-14,1.590683111533110895e-14,2.035584914776224674e-14,2.601134014180868404e-14,3.319802539726947041e-14,4.233039336886515547e-14,5.393922820899376076e-14,6.870680970233763621e-14,8.751387427882172016e-14,1.115028257643450086e-13,1.421634441864440645e-13,1.814500407724321937e-13,2.319429480201954133e-13,2.970732357896051303e-13,3.825420658083583199e-13,4.937660321897373125e-13,6.390251592051112052e-13,8.299496751513520669e-13,1.082711925462449739e-12,1.419890702957395379e-12,1.873576990388247781e-12,2.489668501100691613e-12,3.334499002997121945e-12,4.504791693612374798e-12,6.142666767727651686e-12,8.458063778273580368e-12,1.176174881284519863e-11,1.651240856102279143e-11,2.337983014347315544e-11,3.331817934878366820e-11,4.761347300289076924e-11,6.778137856263627608e-11,9.501293418274588881e-11,1.288212214239177609e-10,1.655632868996649422e-10,1.994459012288676656e-10,2.263710314942306934e-10,2.460372365945455180e-10,2.602796727301192618e-10,2.712820930811535580e-10,2.809001142628072055e-10,2.904480901409842874e-10,3.006600995763223861e-10,3.117822584335268385e-10,3.237544079792283106e-10,3.364427980492062894e-10,3.497448882011470118e-10,3.636099499321309508e-10,3.780264643080401600e-10,3.930080616391975180e-10,4.085848926177291298e-10,4.247993474033731657e-10,4.417045454294474269e-10,2.368479179700659609e-22,2.722210373451319195e-22,3.102009879164613391e-22,3.538201769150166481e-22,4.040024236707182784e-22,4.596417303470764133e-22,5.227661555500014478e-22,5.956896360012285736e-22,6.640452903480329470e-22,7.396494165209965034e-22,8.228710218734789727e-22,9.120160007066179905e-22,1.011611073843458218e-21,1.125539385646665169e-21,1.253909282465354787e-21,1.394498401724160436e-21,1.553223947870453646e-21,1.727122435098123769e-21,1.919324197230627822e-21,2.111502280930204411e-21,2.356448807307738751e-21
1.226330684177563199e+02,3.518845802553507491e-16,8.540015515060766149e-17,9.919400273953895468e-17,8.828266566441556090e-17,5.336537706422445886e-17,3.812945111539256219e-17,4.170378097717844193e-17,5.705449736385253158e-17,7.813066734744883581e-17,1.066316718731891958e-16,1.448046506409185051e-16,1.957230714627682526e-16,2.633332187614232913e-16,3.527321722473039574e-16,4.704685796576033945e-16,6.249336078484345582e-16,8.268501248464273128e-16,1.089887879327718175e-15,1.431437722057999519e-15,1.873582502331853814e-15,2.444319978182497065e-15,3.179102249719698706e-15,4.122782248405061990e-15,5.332069406839770352e-15,6.878650647759398118e-15,8.853157614793891263e-15,1.137023011472309735e-14,1.457501420159382186e-14,1.865153331062825964e-14,2.383351210688059927e-14,3.041848424251678148e-14,3.878623467094125217e-14,4.942310705816088586e-14,6.295425656418875335e-14,8.018667899359113800e-14,1.021671291566574017e-13,1.302606536111314214e-13,1.662579367294004157e-13,2.125232698356663053e-13,2.722004526956843263e-13,3.505133110069989545e-13,4.524249285889430300e-13,5.855220755825807199e-13,7.604612266412020389e-13,9.920606798069796905e-13,1.301008793660301428e-12,1.716709698160374643e-12,2.281218270170089234e-12,3.055314409985916962e-12,4.127623059148544752e-12,5.628365242967837782e-12,7.749903094621349851e-12,1.077698346954692649e-11,1.512988901022961429e-11,2.142232817468870485e-11,3.052857817241393060e-11,4.362698265750033447e-11,6.210630816353309718e-11,8.705787186700730389e-11,1.180355231099831177e-10,1.517013187811756721e-10,1.827470739950655508e-10,2.074178681433229512e-10,2.254374986121650054e-10,2.384874711325377173e-10,2.485687017500975583e-10,2.573814435399266676e-10,2.661300046462792808e-10,2.754870023705721175e-10,2.856779462563030302e-10,2.966477144261571087e-10,3.082737550953794451e-10,3.204621131328616168e-10,3.331663073353320593e-10,3.463757832040889791e-10,3.601030298367463744e-10,3.743756735256021228e-10,3.892325552676915351e-10,4.047223470134096481e-10,2.170175657868474102e-22,2.494290318738517606e-22,2.842290693507967604e-22,3.241961938211891456e-22,3.701768768264485496e-22,4.211577214142282976e-22,4.789969847552050607e-22,5.458148666765069317e-22,6.084473687531579204e-22,6.777214563876199782e-22,7.539752413871232567e-22,8.356564589139454636e-22,9.269128251162093985e-22,1.031302363827973248e-21,1.148924349981221650e-21,1.277742490749167254e-21,1.423178566134934251e-21,1.582517211437840558e-21,1.758626669842327172e-21,1.934714432316701946e-21,2.159152541623259596e-21
1.338388753173757664e+02,3.224226571187089979e-16,7.824993332196525766e-17,9.088887586467730541e-17,8.089110247566937774e-17,4.889730223104149409e-17,3.493702092368355183e-17,3.821208609027727063e-17,5.227754687993603227e-17,7.158909137292143939e-17,9.770381797751757797e-17,1.326807221530173235e-16,1.793359422418201604e-16,2.412853556670996528e-16,3.231992835397922708e-16,4.310780808695663025e-16,5.726103548471976280e-16,7.576211895913775013e-16,9.986358190498584111e-16,1.311589025898711026e-15,1.716714748610444369e-15,2.239666602162689176e-15,2.912928420628356181e-15,3.777597774497516209e-15,4.885636036813850923e-15,6.302728063936498075e-15,8.111917265545408157e-15,1.041824510463026812e-14,1.335470512237468561e-14,1.708991318967984659e-14,2.183802511719896366e-14,2.787166322513703617e-14,3.553881455436271605e-14,4.528510311304653192e-14,5.768334225850187214e-14,7.347296118482159520e-14,9.361307400561751649e-14,1.193544372556578226e-13,1.523378082906273394e-13,1.947295255456990601e-13,2.494101706967975829e-13,3.211661988949416429e-13,4.145451543131977593e-13,5.364985964261404005e-13,6.967907748372580161e-13,9.089993093026285316e-13,1.192080402847893925e-12,1.572976292341836189e-12,2.090220763871624580e-12,2.799504853795765738e-12,3.782033283042362524e-12,5.157124178488875489e-12,7.101033942342875446e-12,9.874668686687604856e-12,1.386312242795472286e-11,1.962872020916604866e-11,2.797253941978108765e-11,3.997426559667842288e-11,5.690638926942642251e-11,7.976885588476642363e-11,1.081528692388300274e-10,1.389999591750943807e-10,1.674463744202738366e-10,1.900515792199203568e-10,2.065624963275845398e-10,2.185198455592314212e-10,2.277570140659656818e-10,2.358318993659008550e-10,2.438479775806060903e-10,2.524215503888573690e-10,2.617592462998309229e-10,2.718105585759584565e-10,2.824631962153249713e-10,2.936310705834130795e-10,3.052715921667692381e-10,3.173750901536927327e-10,3.299530079783768395e-10,3.430306588914405605e-10,3.566436318847636063e-10,3.708365237962128559e-10,1.988475316299841989e-22,2.285453121047680721e-22,2.604316782052805241e-22,2.970525112630602219e-22,3.391834110596089795e-22,3.858958284159474098e-22,4.388924358792631249e-22,5.001159172164585680e-22,5.575044442354392991e-22,6.209784827635538606e-22,6.908478358254511243e-22,7.656902036625930606e-22,8.493060303310435587e-22,9.449554402097576013e-22,1.052729396327954624e-21,1.170762096713271711e-21,1.304021376880558344e-21,1.450019219022370687e-21,1.611383719510874123e-21,1.772728340584853832e-21,1.978375122574583199e-21
1.460686320364988831e+02,2.954274658697776846e-16,7.169837167267072038e-17,8.327910486318099531e-17,7.411840603683438869e-17,4.480332187283804211e-17,3.201188045765385972e-17,3.501273719449582303e-17,4.790055182425278610e-17,6.559521603481917600e-17,8.952345845928813283e-17,1.215718828996757146e-16,1.643208434212592737e-16,2.210834741367901137e-16,2.961390683903898540e-16,3.949855948752842357e-16,5.246679236968726665e-16,6.941885230100955215e-16,9.150239377875604164e-16,1.201774793516464756e-15,1.572980919937425586e-15,2.052148054925589100e-15,2.669040287852506466e-15,3.461314249960491732e-15,4.476580791239399599e-15,5.775025231274433545e-15,7.432738079021052518e-15,9.545966085559380379e-15,1.223656776170262173e-14,1.565904142928372719e-14,2.000961246839214380e-14,2.553807759591321129e-14,3.256328825534675581e-14,4.149355809512251252e-14,5.285374104479900559e-14,6.732135677670050015e-14,8.577521652139122063e-14,1.093613558484204237e-13,1.395831579009854320e-13,1.784255820483772202e-13,2.285280301004878036e-13,2.942762059914058066e-13,3.798369057614145998e-13,4.915796619296276845e-13,6.384512015724133514e-13,8.328923433125296379e-13,1.092272161248005987e-12,1.441277123861350395e-12,1.915214733658223646e-12,2.565113233784074885e-12,3.465378390678634365e-12,4.725338289938437527e-12,6.506492072823696353e-12,9.047901200496892134e-12,1.270241726971827645e-11,1.798528404139354176e-11,2.563050782031678566e-11,3.662737628542073619e-11,5.214183929845864495e-11,7.309012077489205214e-11,9.909765142221133135e-11,1.273620348584301630e-10,1.534267427299637038e-10,1.741393019189047670e-10,1.892678243493470593e-10,2.002240313777035294e-10,2.086878078013060793e-10,2.160866144567287290e-10,2.234315377147502492e-10,2.312872787188918161e-10,2.398431657793530365e-10,2.490529208906660147e-10,2.588136547384376894e-10,2.690464865536708274e-10,2.797123926767234843e-10,2.908025119952311706e-10,3.023273298292849929e-10,3.143100400497815342e-10,3.267832519211497559e-10,3.397878283620024993e-10,1.821988035483438769e-22,2.094101047206189342e-22,2.386267497822657778e-22,2.721814633528967215e-22,3.107849072700695664e-22,3.535862761551152907e-22,4.021456844252924094e-22,4.582431625144764334e-22,5.108267720496295170e-22,5.689863769559852193e-22,6.330058416595386574e-22,7.015819500118744236e-22,7.781969497144915962e-22,8.658380076504554092e-22,9.645884708694125859e-22,1.072738753719301236e-21,1.194840754227775481e-21,1.328614766612181856e-21,1.476468846988144736e-21,1.624304712375408516e-21,1.812733491576034485e-21
1.594159037455999623e+02,2.706924766707847814e-16,6.569534672139346034e-17,7.630647030048744402e-17,6.791276104925634571e-17,4.105211451863712276e-17,2.933165059131994623e-17,3.208125730049444281e-17,4.389002548909831414e-17,6.010318449553757552e-17,8.202800853039406606e-17,1.113931434193383982e-16,1.505629002482103463e-16,2.025730173356618143e-16,2.713444994884417637e-16,3.619149919297054689e-16,4.807395252742946131e-16,6.360668261388631843e-16,8.384125531576298349e-16,1.101154878405543358e-15,1.441281364006412900e-15,1.880329704103416964e-15,2.445571956980355293e-15,3.171511911051246088e-15,4.101774145575201512e-15,5.291504898122843948e-15,6.810423916178224525e-15,8.746719585830260660e-15,1.121204768017481242e-14,1.434797097928485591e-14,1.833428567768718364e-14,2.339987398766645065e-14,2.983689116525787168e-14,3.801946435001675099e-14,4.842850349953388073e-14,6.168480220710188952e-14,7.859359226735825745e-14,1.002049561625148971e-13,1.278964046301704966e-13,1.634867041353262795e-13,2.093942696711364907e-13,2.696376072907469758e-13,3.480346434574457328e-13,4.504216145812690535e-13,5.849961731833511738e-13,7.631575166771471135e-13,1.000820474346493835e-12,1.320604612974429970e-12,1.754861275623046115e-12,2.350346309710027098e-12,3.175235777122038252e-12,4.329704149358106221e-12,5.961728874619344285e-12,8.290355730548967245e-12,1.163889342625113961e-11,1.647944637259404376e-11,2.348456538996845571e-11,3.356070895934795082e-11,4.777620650915157051e-11,6.697057010076161879e-11,9.080059166726483284e-11,1.166985085430615849e-10,1.405809201078547443e-10,1.595592975195070525e-10,1.734211677860687689e-10,1.834600543421717110e-10,1.912151917846147345e-10,1.979945252229195666e-10,2.047244867104783624e-10,2.119224971670709840e-10,2.197620331820894684e-10,2.282006914269245507e-10,2.371441971080866380e-10,2.465202738356378507e-10,2.562931652487194964e-10,2.664547521413363685e-10,2.770146419386336799e-10,2.879940865791814206e-10,2.994229650809128534e-10,3.113387190696792890e-10,1.669440085191497032e-22,1.918770136006900749e-22,2.186474629509699995e-22,2.493927712576005671e-22,2.847640994149066773e-22,3.239818766594229814e-22,3.684755951145516944e-22,4.198762502101745093e-22,4.680572392575310743e-22,5.213473673366694899e-22,5.800067320126050006e-22,6.428412303409368944e-22,7.130415550080229016e-22,7.933447690673109267e-22,8.838272412451335856e-22,9.829225228266594400e-22,1.094801399175500366e-21,1.217375035380622390e-21,1.352849870413369463e-21,1.488308015527361177e-21,1.660960388141737924e-21
1.739828052930363924e+02,2.480284516215641774e-16,6.019493163035375730e-17,6.991762722816534178e-17,6.222669050709635036e-17,3.761498112203585199e-17,2.687582591561181068e-17,2.939521878176167732e-17,4.021528487816646221e-17,5.507097933158884552e-17,7.516012338288201962e-17,1.020666300865066868e-16,1.379568559847088893e-16,1.856123688697077837e-16,2.486258831123627548e-16,3.316132615540987625e-16,4.404890802786692097e-16,5.828114322029543635e-16,7.682155408872981261e-16,1.008959476249587254e-15,1.320608498108689660e-15,1.722897033499783372e-15,2.240813757660010509e-15,2.905973591405272783e-15,3.758348598161031398e-15,4.848467836161996916e-15,6.240213690425269995e-15,8.014390877512078144e-15,1.027330666822719870e-14,1.314667134333121845e-14,1.679922746340207181e-14,2.144069382600251464e-14,2.733876466733271936e-14,3.483624292109357036e-14,4.437377383024726857e-14,5.652017436235298467e-14,7.201325739524436889e-14,9.181518610146759606e-14,1.171881376184915161e-13,1.497986001905539611e-13,1.918625043581255146e-13,2.470619023394724523e-13,3.188950605095630888e-13,4.127095699720808162e-13,5.360167257831544492e-13,6.992613150272302798e-13,9.170256804189612767e-13,1.210035540657840153e-12,1.607933587060061736e-12,2.153560982342410669e-12,2.909385672697461494e-12,3.967194911925141978e-12,5.462576573776631354e-12,7.596236587471983297e-12,1.066441428519034638e-11,1.509968661724629078e-11,2.151829434758691672e-11,3.075080172483943687e-11,4.377609112213603674e-11,6.136338553105442950e-11,8.319821235720457967e-11,1.069277976856508506e-10,1.288106280999173883e-10,1.462000200091230865e-10,1.589012899560368466e-10,1.680996597043878317e-10,1.752054897430294693e-10,1.814172160400038770e-10,1.875837041070589162e-10,1.941790532289179027e-10,2.013622154769079923e-10,2.090943377877010022e-10,2.172890386284824530e-10,2.258800930294801435e-10,2.348347383704377283e-10,2.441455352348035332e-10,2.538212866554955942e-10,2.638814652291753873e-10,2.743534483201681802e-10,2.852715427130597371e-10,1.529664379659165637e-22,1.758118998003366038e-22,2.003409638630913850e-22,2.285120874484563014e-22,2.609219122893760031e-22,2.968561380411573733e-22,3.376245710284286972e-22,3.847216497965484905e-22,4.288686325940986918e-22,4.776969861440149725e-22,5.314450310568834992e-22,5.890186419694174012e-22,6.533413673168397949e-22,7.269211065409328707e-22,8.098278343125020313e-22,9.006262545565968969e-22,1.003137949049354660e-21,1.115448972877903197e-21,1.239581028486250340e-21,1.363697791557629064e-21,1.521894654562484767e-21
1.898807824465263252e+02,2.272619969730766648e-16,5.515504483672969034e-17,6.406369706220644229e-17,5.701669246899733898e-17,3.446562549582607999e-17,2.462561785936527653e-17,2.693407178945932953e-17,3.684821596273143673e-17,5.046010107443570050e-17,6.886725946585531511e-17,9.352098933054467647e-17,1.264062666288331676e-16,1.700717693331181641e-16,2.278094078558436727e-16,3.038485768500738758e-16,4.036086480179468044e-16,5.340149046419588907e-16,7.038958506025712221e-16,9.244832354444897864e-16,1.210039100504963474e-15,1.578645586231238649e-15,2.053199163568387917e-15,2.662667759348168124e-15,3.443676732063988469e-15,4.442524539027957138e-15,5.717744942376929016e-15,7.343377194988904212e-15,9.413162779004144748e-15,1.204595183939942885e-14,1.539269368484731261e-14,1.964554817614322140e-14,2.504979655541600811e-14,3.191954020406670296e-14,4.065853085790451709e-14,5.178796065885719041e-14,6.598386829084462014e-14,8.412785875755575957e-14,1.073764320287303309e-13,1.372565477892011981e-13,1.757986053600484720e-13,2.263763730916833644e-13,2.921952211628953621e-13,3.781550077362181574e-13,4.911381364357100648e-13,6.407148930703220899e-13,8.402466976876790932e-13,1.108723985415504478e-12,1.473307580667819669e-12,1.973251722738591688e-12,2.665794160384935194e-12,3.635037158725503987e-12,5.005216347796168973e-12,6.960233332355087271e-12,9.771524480983573436e-12,1.383544876351065807e-11,1.971665150878963741e-11,2.817615706109800731e-11,4.011088979127042780e-11,5.622566865068382139e-11,7.623235060845950942e-11,9.797515033094448015e-11,1.180258167236746432e-10,1.339592626876212805e-10,1.455971048519304013e-10,1.540253309858278465e-10,1.605362175965176566e-10,1.662278602837626642e-10,1.718780523615965685e-10,1.779211986311836024e-10,1.845029427270206869e-10,1.915876846011989680e-10,1.990962751096559131e-10,2.069680340409821720e-10,2.151729418613023588e-10,2.237041820273900803e-10,2.325698205285594456e-10,2.417876995969197373e-10,2.513829043968854825e-10,2.613868693398064519e-10,1.401591548659655296e-22,1.610918553054465194e-22,1.835671965267337188e-22,2.093796618351642940e-22,2.390759384789953311e-22,2.720015316947745430e-22,3.093565828333705895e-22,3.525104069308259350e-22,3.929611350844465213e-22,4.377012810802481570e-22,4.869492118738261184e-22,5.397024089501723424e-22,5.986396434393426740e-22,6.660588381466475551e-22,7.420241090366905970e-22,8.252203317755159362e-22,9.191491220058566887e-22,1.022056781955734696e-21,1.135795744810564377e-21,1.249520695512886691e-21,1.394472352334156012e-21
2.072314645219029501e+02,2.082342365584495787e-16,5.053712810278654288e-17,5.869989363175729794e-17,5.224290724144308503e-17,3.157995312996838991e-17,2.256381094518210432e-17,2.467898703342370797e-17,3.376305859201470014e-17,4.623527366584799883e-17,6.310127249495187936e-17,8.569084173692252215e-17,1.158227630586966571e-16,1.558323235689164720e-16,2.087358148635556398e-16,2.784085208810438301e-16,3.698160704728904890e-16,4.893039199691853845e-16,6.449613970621379987e-16,8.470798607242500184e-16,1.108727247210516718e-15,1.446471749890378207e-15,1.881292807520129102e-15,2.439732975427251565e-15,3.155351113720934699e-15,4.070569290501561240e-15,5.239020464353518623e-15,6.728544870352425370e-15,8.625035382042147368e-15,1.103739128541739719e-14,1.410392349241731277e-14,1.800070306834479021e-14,2.295247481381363162e-14,2.924704162692891968e-14,3.725435068577225131e-14,4.745195674749665271e-14,6.045929641437184897e-14,7.708416134243536823e-14,9.838622227068522144e-14,1.257645925065010487e-13,1.610796739567797392e-13,2.074227625096594622e-13,2.677308552036134966e-13,3.464935641924977728e-13,4.500170562944833258e-13,5.870703346232280290e-13,7.698961196511900151e-13,1.015894851458118682e-12,1.349953284589350139e-12,1.808039054020961000e-12,2.442597615101890101e-12,3.330689678391210726e-12,4.586149109288523066e-12,6.377480148620439735e-12,8.953392856751450694e-12,1.267706061323792675e-11,1.806585319633623535e-11,2.581707735087707537e-11,3.675256146919630887e-11,5.151811276150379269e-11,6.984971328879597667e-11,8.977207321328130099e-11,1.081439755303807914e-10,1.227433762231451192e-10,1.334068272644546744e-10,1.411293909042612100e-10,1.470951463792350824e-10,1.523102500284490588e-10,1.574873735660712740e-10,1.630245507739595527e-10,1.690552311132777342e-10,1.755467951892458398e-10,1.824267207068579162e-10,1.896394079720809980e-10,1.971573508694992529e-10,2.049743035784579490e-10,2.130976567544529127e-10,2.215437587691048074e-10,2.303355945038737411e-10,2.395019664894786580e-10,1.284241756163457410e-22,1.476042627104428594e-22,1.681978312918183121e-22,1.918491195792712885e-22,2.190590428304924319e-22,2.492279045752657912e-22,2.834553630111296379e-22,3.229960857681148751e-22,3.600600322593553001e-22,4.010542603706792661e-22,4.461788540443808591e-22,4.945152317296995353e-22,5.485178815003632866e-22,6.102923300498243253e-22,6.798973251630984664e-22,7.561278527361638749e-22,8.421923517944506992e-22,9.364839548389229713e-22,1.040699998051071406e-21,1.144903202293577975e-21,1.277718622372964220e-21
2.261675949222864404e+02,1.907995962924556191e-16,4.630585152161196082e-17,5.378518053733041152e-17,4.786881242755503880e-17,2.893588685375158422e-17,2.067463108042568934e-17,2.261271172649982275e-17,3.093620941216705998e-17,4.236417457433247338e-17,5.781804911891908741e-17,7.851628185443118730e-17,1.061253749542433364e-16,1.427850910477867189e-16,1.912591794028267485e-16,2.550984615518422176e-16,3.388528136144606902e-16,4.483364116170758718e-16,5.909612954022220376e-16,7.761571686041665298e-16,1.015897840155758806e-15,1.325364313231263722e-15,1.723779500024660452e-15,2.235463651253377286e-15,2.891165874589105975e-15,3.729756403866675824e-15,4.800377719280492327e-15,6.165190057680852565e-15,7.902894817394096643e-15,1.011327357203526400e-14,1.292305700046378902e-14,1.649357442457120076e-14,2.103075363958778206e-14,2.679830092973368199e-14,3.413518923910346446e-14,4.347898952806494175e-14,5.539727538871885439e-14,7.063020523309036617e-14,9.014872770317667173e-14,1.152348138073354877e-13,1.475931012585780994e-13,1.900560638000573615e-13,2.453147951659947553e-13,3.174830097994279139e-13,4.123388837723890284e-13,5.379172257773650007e-13,7.054357210628175142e-13,9.308379387430181206e-13,1.236926962493147209e-12,1.656658997529264178e-12,2.238088445823558344e-12,3.051824025268362065e-12,4.202168735800753861e-12,5.843518615529770462e-12,8.203760201730451226e-12,1.161565978369678842e-11,1.655326978650886282e-11,2.365551418157787435e-11,3.367541287605701670e-11,4.720470216186105046e-11,6.400146929203540455e-11,8.225580774092844651e-11,9.908950234927442926e-11,1.124665521770502040e-10,1.222371940628053472e-10,1.293131775762286802e-10,1.347794436188206861e-10,1.395579069845892578e-10,1.443015701653420536e-10,1.493751411271868630e-10,1.549008961285157719e-10,1.608489468692192929e-10,1.671528430631292149e-10,1.737616401616890391e-10,1.806501350292201534e-10,1.878126047832651022e-10,1.952558212885674021e-10,2.029947641313699802e-10,2.110504937586767238e-10,2.194494011776734701e-10,1.176717203989283965e-22,1.352459336257753001e-22,1.541152830492286751e-22,1.757863412365111773e-22,2.007180837649519704e-22,2.283610244102572070e-22,2.597227512790592990e-22,2.959528835754219193e-22,3.299136104203990005e-22,3.674755517381802089e-22,4.088220392231364565e-22,4.531114005741925368e-22,5.025926191540842101e-22,5.591949341202779476e-22,6.229721745349361618e-22,6.928202174239794651e-22,7.716788717299648657e-22,8.580758067008571612e-22,9.535662471812997489e-22,1.049044923648941420e-21,1.170740226743093018e-21
2.468340467068648536e+02,1.748246904401123695e-16,4.242884322157088392e-17,4.928195719707687786e-17,4.386094350826473866e-17,2.651319793184103058e-17,1.894362487569825655e-17,2.071943759009486748e-17,2.834604128607608705e-17,3.881718750786164847e-17,5.297716942531036659e-17,7.194241988158915512e-17,9.723991132443533197e-17,1.308302524059355372e-16,1.752457944495725555e-16,2.337400625533354443e-16,3.104819894592805236e-16,4.107989529173092241e-16,5.414824115897064170e-16,7.111725568124951095e-16,9.308406772086650212e-16,1.214396729780657589e-15,1.579454167276657598e-15,2.048297000699409129e-15,2.649099834893324730e-15,3.417478450654358100e-15,4.398460820024326040e-15,5.649002745720860688e-15,7.241216265017443723e-15,9.266528629637066962e-15,1.184105985309855886e-14,1.511263178254759245e-14,1.926993068228300389e-14,2.455458373811515101e-14,3.127718301192697991e-14,3.983866335462156978e-14,5.075907763564474161e-14,6.471661369068041146e-14,8.260092641978518055e-14,1.055866523999977703e-13,1.352357066787323539e-13,1.741434110226420762e-13,2.247755443860464611e-13,2.909013959500438532e-13,3.778153576459100915e-13,4.928795149796149848e-13,6.463723401760730060e-13,8.529025095064892698e-13,1.133363893409052505e-12,1.517953402605456718e-12,2.050702031460048034e-12,2.796306705373964582e-12,3.850337541005234918e-12,5.354263598520101491e-12,7.516891364455944765e-12,1.064312590488824621e-11,1.516732908471308557e-11,2.167493026377836257e-11,3.085590193008406785e-11,4.325243660429785950e-11,5.864287595002039993e-11,7.536884985420603308e-11,9.079312488441396075e-11,1.030501665165053533e-10,1.120027506742836809e-10,1.184862896928748050e-10,1.234948866046557618e-10,1.278732678744956788e-10,1.322197626430491370e-10,1.368685433012162502e-10,1.419316483932967121e-10,1.473816920499493079e-10,1.531577876082315781e-10,1.592132559078933913e-10,1.655250039734842673e-10,1.720877880771689070e-10,1.789078131018741976e-10,1.859988044515250791e-10,1.933800592640586153e-10,2.010757589305852580e-10,1.078195263095090009e-22,1.239223192231935808e-22,1.412118116323134628e-22,1.610684366604615692e-22,1.839127416504276049e-22,2.092412467158283711e-22,2.379771785419193625e-22,2.711739032016892531e-22,3.022912308751393903e-22,3.367082573826027729e-22,3.745929647708923318e-22,4.151741506771793740e-22,4.605124998609462060e-22,5.123757238113306412e-22,5.708131446931173965e-22,6.348130834414549661e-22,7.070692102648892477e-22,7.862324669214130243e-22,8.737278653466530622e-22,9.612124847139901786e-22,1.072718714836406642e-21
2.693889309590172729e+02,1.601873011336638853e-16,3.887644170155134317e-17,4.515577117917882922e-17,4.018863781813373471e-17,2.429335130199544006e-17,1.735754906751083283e-17,1.898467991111146224e-17,2.597273783244812892e-17,3.556717583100061720e-17,4.854159770326242245e-17,6.591896172585725106e-17,8.909839290048099284e-17,1.198763457654853343e-16,1.605731477472181503e-16,2.141699189798291048e-16,2.844865437306754175e-16,3.764043591937649427e-16,4.961462016923510700e-16,6.516288530489080642e-16,8.529050186910898382e-16,1.112720029186889963e-15,1.447212631599289881e-15,1.876801083623905761e-15,2.427301040355976273e-15,3.131346312209290719e-15,4.030194854789219553e-15,5.176033783647178416e-15,6.634937476498404364e-15,8.490678337954084165e-15,1.084965410580719162e-14,1.384731008062281255e-14,1.765653456189075419e-14,2.249872423378671823e-14,2.865846649653042198e-14,3.650312749008133397e-14,4.650921808595093079e-14,5.929814409808002620e-14,7.568507309245509217e-14,9.674629390799832323e-14,1.239129485385291609e-13,1.595630625840188154e-13,2.059559649464105215e-13,2.665453569283775204e-13,3.461823516792117710e-13,4.516126360063528281e-13,5.922541057535824524e-13,7.814923097191202165e-13,1.038471756080296022e-12,1.390861086027922255e-12,1.879004750541434833e-12,2.562182853853047605e-12,3.527963799590069015e-12,4.905971995408516198e-12,6.887531375321495198e-12,9.752018493714179222e-12,1.389742779106248476e-11,1.986017291078463486e-11,2.827245763617323494e-11,3.963107882333575918e-11,5.373293672364859971e-11,6.905851008401671982e-11,8.319137073895236678e-11,9.442217809222072416e-11,1.026251973041881853e-10,1.085658948942616655e-10,1.131551415261007311e-10,1.171669380131083805e-10,1.211495177311870154e-10,1.254090741206162247e-10,1.300482651754650213e-10,1.350419979383946992e-10,1.403344835492205568e-10,1.458829511116760214e-10,1.516662411350550448e-10,1.576795489283971879e-10,1.639285598639882610e-10,1.704258501712280105e-10,1.771891013139757648e-10,1.842404700698005261e-10,9.879221799592858878e-23,1.135467868789836866e-22,1.293886975382599159e-22,1.475828048172418035e-22,1.685144452703418363e-22,1.917222934178936727e-22,2.180522777764778277e-22,2.484695701871714381e-22,2.769815654090897873e-22,3.085169885543972696e-22,3.432297571884567030e-22,3.804132387136730807e-22,4.219555847937374459e-22,4.694765033309779866e-22,5.230211869377372078e-22,5.816626604905125739e-22,6.478690636998042148e-22,7.204042897072774096e-22,8.005740397584293684e-22,8.807339132401456243e-22,9.829041617212539764e-22
2.940048064334710602e+02,1.467754433306269712e-16,3.562146890221447163e-17,4.137505461952924527e-17,3.682379995708004382e-17,2.225936377042629662e-17,1.590426919916196930e-17,1.739516672497233251e-17,2.379814181828789117e-17,3.258927495293442395e-17,4.447739909749940151e-17,6.039982422285805471e-17,8.163853205256489776e-17,1.098395669947835415e-16,1.471289845124887892e-16,1.962383071809100965e-16,2.606675952597880605e-16,3.448894906228936057e-16,4.546058157845928419e-16,5.970705113102236764e-16,7.814946088194831274e-16,1.019556322073845917e-15,1.326043163805007636e-15,1.719663850647205664e-15,2.224072593606295570e-15,2.869170901460772268e-15,3.692762362148236317e-15,4.742664667626769933e-15,6.079420045734123899e-15,7.779786964455349035e-15,9.941254894075661973e-15,1.268792882854150631e-14,1.617822180449628164e-14,2.061499382545989904e-14,2.625900489886081782e-14,3.344686303092432131e-14,4.261518269684906106e-14,5.433334182599588082e-14,6.934825718417370904e-14,8.864610414462758800e-14,1.135382007651894334e-13,1.462034698394713414e-13,1.887120754745252012e-13,2.442285540364918277e-13,3.171978538957806415e-13,4.138008718196411619e-13,5.426669799738440103e-13,7.160610073752851715e-13,9.515245672179451637e-13,1.274409713306319197e-12,1.721683013130650408e-12,2.347661279058660271e-12,3.232581153902807163e-12,4.495214099355340881e-12,6.310865242825214527e-12,8.935520029699579688e-12,1.273385037860470743e-11,1.819735811124624344e-11,2.590531505448794525e-11,3.631292320177367168e-11,4.923408755410162362e-11,6.327651044495932331e-11,7.622608181221311303e-11,8.651657747929075209e-11,9.403278989416581312e-11,9.947609605080459019e-11,1.036811029656767555e-10,1.073570073836022713e-10,1.110061412386810674e-10,1.149090615889565136e-10,1.191598312751424163e-10,1.237354582753256767e-10,1.285848247129420098e-10,1.336687407320118919e-10,1.389678184434389183e-10,1.444776554342927743e-10,1.502034610628174754e-10,1.561567585997874048e-10,1.623537491090716474e-10,1.688147342676911193e-10,9.052073099021132670e-23,1.040399573810452273e-22,1.185554866631026901e-22,1.352262723182606664e-22,1.544053881745012995e-22,1.756701337348529220e-22,1.997956112213295496e-22,2.276661824020724242e-22,2.537909794947323873e-22,2.826860646857188302e-22,3.144924686231082723e-22,3.485627222999952872e-22,3.866268898073058131e-22,4.301690672234923634e-22,4.792306633597708123e-22,5.329623151034246907e-22,5.936255144556726599e-22,6.600876489631422123e-22,7.335450985998320466e-22,8.069934985937146310e-22,9.006094307549160237e-22
3.208699997370450205e+02,1.344865080592507409e-16,3.263902227710308876e-17,3.791088270813053203e-17,3.374068684326506288e-17,2.039567407990633767e-17,1.457266678467100680e-17,1.593873727691781427e-17,2.180561624488397577e-17,2.986070209803557105e-17,4.075347998579138730e-17,5.534278257178833415e-17,7.480325625112026441e-17,1.006431285551850538e-16,1.348104486171861292e-16,1.798080392833138919e-16,2.388429144221563494e-16,3.160132390520134157e-16,4.165434443320085905e-16,5.470801266829350336e-16,7.160631139809446263e-16,9.341928487081793084e-16,1.215018742844186324e-15,1.575683105165652537e-15,2.037859671870453110e-15,2.628946415058486647e-15,3.383581775728268228e-15,4.345579857036066492e-15,5.570413922269433521e-15,7.128415752338295694e-15,9.108912404505707151e-15,1.162561804573196917e-14,1.482368240710148036e-14,1.888898081543457102e-14,2.406044086001170668e-14,3.064648767186827227e-14,3.904717969950997345e-14,4.978422307952300465e-14,6.354199815077834838e-14,8.122411166977541415e-14,1.040320901490630197e-13,1.339624236771330745e-13,1.729119495964547402e-13,2.237802499886852603e-13,2.906401150377620241e-13,3.791549391374571125e-13,4.972315907869102067e-13,6.561080127168444909e-13,8.718571272816513396e-13,1.167708359723920819e-12,1.577533211051492324e-12,2.151100758832671357e-12,2.961929744795510791e-12,4.118847359494650943e-12,5.782481115919468980e-12,8.187383796762371430e-12,1.166769476355701107e-11,1.667376430791895936e-11,2.373636408649736055e-11,3.327258380565388021e-11,4.511190947466144834e-11,5.797861507900876845e-11,6.984396935440355429e-11,7.927288196444193300e-11,8.615979123598225188e-11,9.114735060348998376e-11,9.500028869390525263e-11,9.836842397531453955e-11,1.017120300886672597e-10,1.052881741440428133e-10,1.091830434674589284e-10,1.133755710693010717e-10,1.178189189733892019e-10,1.224771785374979677e-10,1.273325851448491487e-10,1.323811049793724653e-10,1.376275112400688924e-10,1.430823623992052398e-10,1.487605030687762921e-10,1.546805351455866905e-10,8.294178332285145070e-23,9.532909762903370463e-23,1.086292982721229256e-22,1.239043040802547158e-22,1.414776273872018723e-22,1.609619587595698010e-22,1.830675041341432722e-22,2.086045811182791693e-22,2.325420508681332285e-22,2.590178633012574944e-22,2.881612411197521219e-22,3.193789253707611496e-22,3.542561286281837162e-22,3.941526893955623074e-22,4.391065494858934448e-22,4.883394596463624224e-22,5.439235659754328936e-22,6.048210852419184340e-22,6.721282291918987226e-22,7.394270811903597261e-22,8.252049165651179823e-22
3.501900461431712870e+02,1.232264773966916148e-16,2.990628427282526166e-17,3.473675239648497946e-17,3.091571076266382143e-17,1.868802385656848292e-17,1.335255424551310296e-17,1.460424898474281421e-17,1.997991706452294457e-17,2.736058200359985134e-17,3.734135009359558892e-17,5.070914728968900626e-17,6.854027142682996442e-17,9.221667202909255694e-17,1.235232956754643016e-16,1.647534136192082341e-16,2.188455289688616068e-16,2.895546833734571028e-16,3.816678867526564332e-16,5.012752419385664130e-16,6.561099429446296522e-16,8.559765259484033809e-16,1.113289963523199924e-15,1.443757305807214846e-15,1.867237631619809491e-15,2.408834987741616288e-15,3.100287673637438581e-15,3.981741408533353387e-15,5.104024895793512386e-15,6.531581310689800570e-15,8.346258704462341888e-15,1.065225040049227071e-14,1.358255330913677632e-14,1.730748014123623983e-14,2.204595401112228331e-14,2.808057681683332202e-14,3.577791167368516580e-14,4.561598429872172916e-14,5.822187453493713837e-14,7.442353367024956045e-14,9.532188908969371079e-14,1.227462725553365917e-13,1.584347066188827976e-13,2.050440026661092023e-13,2.663059520475749769e-13,3.474097752384317847e-13,4.556003294845720938e-13,6.011746484132107174e-13,7.988599312935083185e-13,1.069940694214863569e-12,1.445452509544845464e-12,1.970997484145527097e-12,2.713938922310554142e-12,3.773992338484828690e-12,5.298336530633363951e-12,7.501886091988388853e-12,1.069080419888303601e-11,1.527773506991736275e-11,2.174901092156965228e-11,3.048680016623355421e-11,4.133486528441831001e-11,5.312429182395979923e-11,6.399620627486148629e-11,7.263567281602842456e-11,7.894596804139511149e-11,8.351593852047153514e-11,8.704628513561476883e-11,9.013241958964287552e-11,9.319607860716285748e-11,9.647280607199449996e-11,1.000415731815810671e-10,1.038830768031621691e-10,1.079544005215795169e-10,1.122226421851348872e-10,1.166715245391098173e-10,1.212973515031169038e-10,1.261044966348259070e-10,1.311026343868113164e-10,1.363053664896172447e-10,1.417297373757983965e-10,7.599739137677473172e-23,8.734756418135061532e-23,9.953419091118606822e-23,1.135302800736826378e-22,1.296322575769889289e-22,1.474852418956013487e-22,1.677399761938650093e-22,1.911389333470746951e-22,2.130722121393593588e-22,2.373313080845976891e-22,2.640346245721651722e-22,2.926385739069134173e-22,3.245956449981423529e-22,3.611518223764792902e-22,4.023418711349367525e-22,4.474527017945411028e-22,4.983829677447645450e-22,5.541817752957796214e-22,6.158535546606957519e-22,6.775177363268447033e-22,7.561137281811941585e-22
3.821892620633119009e+02,1.129092051740045865e-16,2.740234776071908547e-17,3.182837963295230821e-17,2.832725890852664944e-17,1.712334852456500901e-17,1.223459696936967996e-17,1.338149219118102902e-17,1.830707655413659664e-17,2.506978721123106039e-17,3.421490452591088191e-17,4.646346821307441461e-17,6.280166188879208803e-17,8.449572983473310747e-17,1.131811720162397352e-16,1.509592530310231266e-16,2.005224465859977807e-16,2.653113993420487480e-16,3.497123235532934830e-16,4.593054215003465849e-16,6.011764170305540944e-16,7.843089507566716433e-16,1.020078538031598838e-15,1.322877138961625974e-15,1.710901109170582623e-15,2.207152631537782474e-15,2.840712681530933954e-15,3.648365733921341316e-15,4.676684803032836514e-15,5.984717488476775469e-15,7.647459023467636117e-15,9.760379030897667335e-15,1.244533910866588609e-14,1.585839234875603152e-14,2.020013228719710613e-14,2.572949966758810014e-14,3.278236670563130571e-14,4.179673588995105432e-14,5.334718411464435713e-14,6.819234153628618383e-14,8.734095918488774837e-14,1.124692060106465208e-13,1.451695867173667698e-13,1.878764682382167153e-13,2.440091935923954123e-13,3.183225100687982288e-13,4.174546912796741102e-13,5.508406403973019461e-13,7.319745057496187740e-13,9.803587339287710485e-13,1.324430409903614431e-12,1.805973554031083424e-12,2.486711403933276542e-12,3.458010683039660502e-12,4.854727482733896400e-12,6.873782435779255928e-12,9.795704870154814543e-12,1.399858991384019898e-11,1.992805108410170366e-11,2.793425932307432977e-11,3.787405826926225369e-11,4.867640211742521964e-11,5.863805358474242560e-11,6.655417129660647183e-11,7.233613012040546440e-11,7.652347479958590605e-11,7.975823926519141833e-11,8.258598372097652564e-11,8.539313452087141984e-11,8.839551437820479430e-11,9.166548254013949976e-11,9.518535204991602187e-11,9.891579971639227179e-11,1.028266781566741895e-10,1.069030729470802516e-10,1.111415974656147852e-10,1.155462590890259175e-10,1.201259222657159918e-10,1.248930499063935382e-10,1.298632593797689900e-10,6.963442627695986591e-23,8.003429339177419737e-23,9.120058140785070447e-23,1.040248326261559451e-22,1.187786543699626696e-22,1.351368779594378959e-22,1.536957623724479827e-22,1.751356161269660232e-22,1.952325070518314985e-22,2.174604835328853815e-22,2.419280355056247103e-22,2.681370877519776103e-22,2.974185179513017230e-22,3.309139892102956967e-22,3.686553558763591735e-22,4.099892326706965298e-22,4.566553061414844048e-22,5.077822972179291107e-22,5.642905390898678364e-22,6.207918193887173563e-22,6.928072754628953422e-22
4.171124612056520391e+02,1.034557579048975112e-16,2.510805608444278012e-17,2.916351357479932192e-17,2.595552803009731353e-17,1.568967735401649315e-17,1.121024189459547671e-17,1.226111205373920832e-17,1.677429645361843423e-17,2.297079173000459172e-17,3.135022404875436073e-17,4.257326328234960917e-17,5.754352373997555085e-17,7.742123200945507613e-17,1.037049540244262786e-16,1.383200236952635973e-16,1.837334844092495484e-16,2.430979109049650367e-16,3.204322749959317920e-16,4.208495703952305090e-16,5.508422609352146013e-16,7.186418220470105738e-16,9.346713415610516172e-16,1.212117796909679868e-15,1.567654033847758016e-15,2.022356352217970252e-15,2.602870890862486346e-15,3.342902303983184647e-15,4.285124229104678893e-15,5.483640440678694132e-15,7.007167113613213644e-15,8.943180571720727502e-15,1.140333941671325732e-14,1.453063102397529633e-14,1.850885401531737162e-14,2.357526903605362113e-14,3.003762703156646663e-14,3.829725825083808399e-14,4.888063250615560668e-14,6.248286281064335363e-14,8.002824140589778474e-14,1.030525981549676726e-13,1.330151035554690500e-13,1.721463044941807024e-13,2.235792557388063622e-13,2.916706081369084886e-13,3.825028385483402620e-13,5.047209025101030035e-13,6.706891359538541834e-13,8.982771217013036227e-13,1.213541018535298446e-12,1.654766433795633982e-12,2.278508759212306279e-12,3.168484938900858507e-12,4.448260089812454408e-12,6.298267448353640094e-12,8.975548716269639486e-12,1.282654259149477413e-11,1.825955310991703671e-11,2.559543276676938338e-11,3.470301112422405230e-11,4.460091686396180460e-11,5.372851811620240577e-11,6.098185017432083141e-11,6.627970814231541845e-11,7.011646278712970247e-11,7.308039304345656223e-11,7.567138148752342305e-11,7.824350050216803458e-11,8.099450280689715903e-11,8.399068929139584119e-11,8.721585385879384070e-11,9.063396569533621325e-11,9.421740154088800423e-11,9.795249569827854469e-11,1.018361450941600225e-10,1.058720215832589848e-10,1.100682474282949057e-10,1.144362420690828773e-10,1.189903152929775003e-10,6.380420742182508292e-23,7.333333423495979762e-23,8.356471251724655651e-23,9.531523921086668963e-23,1.088337810175067636e-22,1.238223943623517958e-22,1.408274157851702256e-22,1.604721942257371045e-22,1.788864508752268250e-22,1.992533656010521322e-22,2.216723448996506016e-22,2.456870154478741620e-22,2.725168257289927191e-22,3.032078518516241503e-22,3.377892811229303210e-22,3.756624336645297675e-22,4.184213388567658399e-22,4.652676664264182711e-22,5.170446936557327872e-22,5.688153421773143096e-22,6.348012250602829745e-22
4.552268275507309454e+02,9.479381089595144772e-17,2.300585649975641364e-17,2.672176635555023211e-17,2.378237292554924907e-17,1.437604187755628814e-17,1.027165207402971116e-17,1.123453697439110082e-17,1.536985005125230217e-17,2.104753695184384154e-17,2.872539209229114894e-17,3.900877003405101843e-17,5.272562898537048108e-17,7.093905428813684709e-17,9.502214279655316208e-17,1.267390277237690408e-16,1.683501965386515055e-16,2.227442711957090312e-16,2.936037306772844653e-16,3.856134776796154274e-16,5.047223873666986878e-16,6.584727458443512821e-16,8.564149564613964227e-16,1.110631902474653225e-15,1.436400477307847035e-15,1.853032344440455861e-15,2.384942665461009889e-15,3.063014135363279611e-15,3.926347494479854355e-15,5.024516619296647340e-15,6.420484347471360563e-15,8.194402951485308585e-15,1.044858229393043502e-14,1.331403797507102279e-14,1.695917987514650214e-14,2.160140373123740608e-14,2.752269370266378140e-14,3.509077822232554987e-14,4.478804783898511045e-14,5.725141646494490476e-14,7.332778895825094597e-14,9.442440613908099148e-14,1.218782678517850927e-13,1.577331659940963401e-13,2.048598368806563717e-13,2.672501659796782162e-13,3.504773680924292609e-13,4.624625903544005768e-13,6.145349510852990689e-13,8.230678826497868338e-13,1.111935963305814975e-12,1.516219295849995462e-12,2.087738109696025208e-12,2.903200055824247373e-12,4.075824625994339495e-12,5.770938085632625784e-12,8.224061037565378561e-12,1.175262621907160263e-11,1.673075196198547174e-11,2.345242703382020260e-11,3.179746338578672885e-11,4.086665609153400882e-11,4.923003889941913250e-11,5.587607776092817818e-11,6.073036674920608109e-11,6.424588489551383491e-11,6.696165683432959225e-11,6.933571192390950001e-11,7.169247744777947931e-11,7.421314906171268536e-11,7.695847654055306697e-11,7.991361066069831499e-11,8.304553732786616956e-11,8.632894606972924449e-11,8.975131536462850682e-11,9.330980194744186238e-11,9.700777024282420827e-11,1.008526624681240280e-10,1.048549419580100388e-10,1.090277203971668544e-10,5.846213004664702427e-23,6.719342024663956522e-23,7.656816513988752402e-23,8.733486607447251213e-23,9.972155311402478641e-23,1.134552283369145856e-22,1.290364856557973773e-22,1.470364834355227413e-22,1.639089862132401833e-22,1.825706586242491866e-22,2.031125842468441540e-22,2.251166001158257145e-22,2.497000550502581582e-22,2.778214412871252128e-22,3.095075023942251428e-22,3.442096836238302130e-22,3.833885524948770092e-22,4.263126198134850131e-22,4.737545585448412122e-22,5.211906526327783474e-22,5.816517949653349527e-22
4.968239594734387765e+02,8.685709491817477473e-17,2.107966588521859824e-17,2.448445710525224131e-17,2.179116762001688338e-17,1.317239197480023605e-17,9.411646717523927694e-18,1.029391302157372507e-17,1.408299246714587491e-17,1.928530879327870742e-17,2.632032707557787057e-17,3.574271789967173078e-17,4.831111776305199063e-17,6.499960401922621504e-17,8.706630947950492937e-17,1.161276633653172326e-16,1.542548913483500735e-16,2.040947623359200966e-16,2.690214357112238962e-16,3.533275655444325106e-16,4.624639508897455689e-16,6.033413916612213612e-16,7.847106731932112861e-16,1.017643026065048359e-15,1.316136269012132962e-15,1.697885175269249415e-15,2.185260720193271911e-15,2.806559911205362512e-15,3.597609736189427657e-15,4.603833444350261695e-15,5.882922240578395323e-15,7.508317560269420593e-15,9.573763260350534872e-15,1.219930551599246654e-14,1.553925390516091846e-14,1.979280246797245593e-14,2.521832593016066775e-14,3.215276425751675884e-14,4.103811932005180496e-14,5.245797871291249727e-14,6.718833925431630257e-14,8.651861898047942499e-14,1.116738759546731648e-13,1.445267833522511793e-13,1.877077219355142268e-13,2.448743521755201324e-13,3.211332653403887120e-13,4.237424018178457607e-13,5.630823370477172868e-13,7.541556197786210887e-13,1.018837902970204366e-12,1.389272169266018163e-12,1.912939942431442896e-12,2.660126441081256509e-12,3.734571730620697609e-12,5.287759953240898941e-12,7.535492490503794975e-12,1.076862467496102122e-11,1.532995137002847217e-11,2.148884681062113622e-11,2.913518582439879922e-11,3.744505040552571159e-11,4.510819979804089489e-11,5.119779175312731291e-11,5.564565006191391883e-11,5.886682758853089860e-11,6.135521853764834798e-11,6.353050325621455363e-11,6.568994599695786490e-11,6.799957161027198956e-11,7.051504352934952247e-11,7.322275579815077443e-11,7.609245846371351213e-11,7.910096020081737920e-11,8.223678786596305806e-11,8.549733624952500521e-11,8.888568808600700401e-11,9.240866248493247297e-11,9.607584672677773891e-11,9.989925470601993448e-11,5.356732396964080993e-23,6.156757730359840615e-23,7.015741137958329984e-23,8.002265844784722076e-23,9.137225650438096017e-23,1.039560646785164105e-22,1.182327641075137108e-22,1.347256922945301255e-22,1.501855262374860184e-22,1.672847296202262627e-22,1.861067599483688980e-22,2.062684654104581029e-22,2.287936435679264715e-22,2.545605358420140856e-22,2.835936466659192054e-22,3.153903496409258187e-22,3.512889246655593005e-22,3.906191272824654485e-22,4.340889375637992620e-22,4.775533925509063154e-22,5.329523593062816576e-22
5.422221006501586089e+02,7.958488920659096461e-17,1.931474769640305248e-17,2.243446903031622352e-17,1.996667816664918523e-17,1.206951898273659603e-17,8.623646254475228181e-18,9.432043842774250401e-18,1.290387844828246091e-17,1.767062512364572308e-17,2.411662877010162207e-17,3.275011956901847140e-17,4.426621634353709837e-17,5.955744075041542919e-17,7.977658704888642504e-17,1.064047471476642959e-16,1.413397310731877678e-16,1.870067040977087924e-16,2.464973204025012406e-16,3.237448268788941424e-16,4.237436484408745917e-16,5.528259706860310992e-16,7.190099098311344022e-16,9.324397455100696398e-16,1.205941313703653424e-15,1.555727873314371017e-15,2.002297365205861040e-15,2.571577598759876250e-15,3.296395907932644086e-15,4.218372430477705280e-15,5.390368111764381693e-15,6.879675422311489298e-15,8.772189411618184428e-15,1.117790525693092984e-14,1.423821279724313404e-14,1.813562833278593991e-14,2.310689388147581632e-14,2.946073874023464922e-14,3.760215768683016760e-14,4.806587680375275782e-14,6.156292172294053521e-14,7.927475253870035377e-14,1.023238579818484613e-13,1.324261196084175135e-13,1.719916866610924685e-13,2.243719779689131420e-13,2.942460298348956319e-13,3.882641036126962777e-13,5.159376496571478505e-13,6.910131118379196500e-13,9.335345800333970335e-13,1.272953830346226556e-12,1.752776943791295803e-12,2.437404431824666795e-12,3.421890608884765151e-12,4.845036440905279717e-12,6.904575101651870442e-12,9.867009741363153412e-12,1.404643434684864790e-11,1.968966949921362767e-11,2.669581037717884678e-11,3.430992241527758915e-11,4.133146620454909352e-11,4.691120038188329470e-11,5.098665686640965803e-11,5.393813776514427725e-11,5.621818544777470824e-11,5.821134206305147805e-11,6.018998308750592247e-11,6.230623275850253210e-11,6.461109402712627201e-11,6.709210011095721416e-11,6.972153376758392215e-11,7.247814539097299118e-11,7.535142243917139379e-11,7.833897782659212057e-11,8.144363618240530365e-11,8.467164567869655154e-11,8.803179089034975087e-11,9.153507983532589639e-11,4.908234090990035722e-23,5.641276424270338939e-23,6.428340502206947671e-23,7.332267343949777811e-23,8.372201392768134548e-23,9.525222893520636518e-23,1.083335960171118375e-22,1.234456356690540172e-22,1.376110780276952972e-22,1.532786318184172621e-22,1.705247669754760760e-22,1.889984114938415508e-22,2.096376443591550140e-22,2.332471752646415560e-22,2.598494569829042283e-22,2.889839460627510529e-22,3.218768734476862981e-22,3.579141116340198715e-22,3.977443642844291153e-22,4.375697100185053010e-22,4.883303374092746534e-22
5.917685748188824846e+02,7.292155690899142513e-17,1.769759922225816061e-17,2.055611845950431132e-17,1.829494609753435122e-17,1.105898524378280475e-17,7.901621996059106343e-18,8.642335608001365191e-18,1.182348704627221152e-17,1.619113261848544464e-17,2.209743752670000208e-17,3.000807982190005705e-17,4.055997873995453184e-17,5.457092858119639809e-17,7.309720463880092185e-17,9.749589277398469864e-17,1.295059067833876657e-16,1.713493623120434419e-16,2.258590613977540985e-16,2.966389355139758825e-16,3.882652458608417160e-16,5.065400088389047636e-16,6.588100150742895436e-16,8.543702032418849089e-16,1.104972552111839829e-15,1.425472847669716273e-15,1.834652818156975420e-15,2.356269438625112106e-15,3.020401538423821647e-15,3.865184563540551506e-15,4.939053618609371343e-15,6.303667038113180276e-15,8.037728214149364265e-15,1.024202285688547874e-14,1.304610278568445577e-14,1.661720292298960117e-14,2.117224380113252301e-14,2.699410601741507269e-14,3.445387571682352579e-14,4.404150845302868857e-14,5.640849845565162053e-14,7.263738677440163771e-14,9.375668053770402737e-14,1.213385972328825534e-13,1.575914937089790481e-13,2.055861875709950387e-13,2.696099576660984981e-13,3.557562649087283898e-13,4.727402030214697223e-13,6.331572797562554453e-13,8.553733715417301703e-13,1.166374372164401139e-12,1.606023768201210104e-12,2.233330067522548361e-12,3.135389057643727532e-12,4.439380441109564426e-12,6.326481964440738020e-12,9.040883508785455948e-12,1.287038119677758082e-11,1.804113028516009512e-11,2.446067431969072134e-11,3.143728646092709386e-11,3.787094378108999482e-11,4.298350858335177452e-11,4.671774299555341683e-11,4.942210791292083999e-11,5.151125609798081632e-11,5.333753348554047700e-11,5.515051061606929746e-11,5.708957495800260598e-11,5.920145918430315130e-11,6.147474030760776913e-11,6.388402174208191703e-11,6.640983302830665742e-11,6.904254179845528079e-11,7.177996082830451778e-11,7.462467825184346978e-11,7.758241910608433589e-11,8.066123246772624930e-11,8.387120469633069566e-11,4.497286798498680375e-23,5.168954356949870617e-23,5.890120630126313855e-23,6.718365203799172691e-23,7.671229631688900300e-23,8.727713140337813659e-23,9.926324665239675144e-23,1.131100141791997454e-22,1.260894393112152321e-22,1.404452099451234571e-22,1.562473934859088570e-22,1.731743118179243275e-22,1.920855022329665614e-22,2.137182992209712974e-22,2.380932756714839362e-22,2.647884476398139711e-22,2.949273785363243453e-22,3.279473593573816128e-22,3.644427803387025523e-22,4.009337052406522222e-22,4.474443433267771212e-22
6.458424430196978392e+02,6.681611942975348219e-17,1.621584828105212861e-17,1.883503485418653291e-17,1.676318163282430939e-17,1.013305955250885075e-17,7.240050012047316040e-18,7.918746562925202370e-18,1.083355260154159328e-17,1.483551224900285202e-17,2.024730528886241845e-17,2.749562036559350023e-17,3.716404995218782526e-17,5.000191762258134143e-17,6.697706086038097504e-17,8.933294202189162168e-17,1.186628824353913926e-16,1.570029486718476229e-16,2.069487633057324127e-16,2.718025146878462506e-16,3.557573115208931856e-16,4.641293900069687200e-16,6.036504226542885518e-16,7.828371191838022463e-16,1.012457511029921161e-15,1.306123567172859540e-15,1.681044495019487011e-15,2.158988190780678380e-15,2.767515100767867885e-15,3.541567738849543490e-15,4.525525927303246593e-15,5.775885588806418022e-15,7.364760587472913356e-15,9.384498239142028240e-15,1.195380349474752632e-14,1.522590934909152082e-14,1.939957442458142231e-14,2.473399482967757138e-14,3.156918711412362312e-14,4.035408476449056498e-14,5.168563494015521507e-14,6.655574175193158659e-14,8.590679943878230688e-14,1.111793898513345636e-13,1.443969727348766524e-13,1.883732581161821373e-13,2.470365677100293598e-13,3.259701807202319920e-13,4.331595100712078551e-13,5.801454907882728804e-13,7.837562961154503564e-13,1.068718396229566374e-12,1.471557663491457658e-12,2.046342053610850487e-12,2.872875163591498955e-12,4.067688435636157622e-12,5.796790310357902066e-12,8.283925602787198512e-12,1.179279438895675067e-11,1.653061682823677700e-11,2.241267748460863534e-11,2.880516510833955671e-11,3.470015739999629137e-11,3.938466709644459030e-11,4.280624862926558998e-11,4.528418762233961970e-11,4.719841958002576734e-11,4.887178988657771264e-11,5.053297351473320440e-11,5.230968756397228944e-11,5.424475196286351457e-11,5.632770012621240491e-11,5.853526182523948794e-11,6.084959678613500709e-11,6.326187912165271806e-11,6.577010473532078837e-11,6.837664506676622827e-11,7.108674581798662781e-11,7.390778214789007629e-11,7.684899592450078304e-11,4.120746519624708475e-23,4.736177973708652696e-23,5.396963808237729378e-23,6.155862694895309587e-23,7.028947501541744564e-23,7.996975767552982820e-23,9.095232225484517788e-23,1.036397539554815962e-22,1.155324624563797689e-22,1.286862804196806562e-22,1.431654087798955424e-22,1.586751022750734345e-22,1.760029324927860464e-22,1.958244997826077360e-22,2.181586545463010443e-22,2.426187439086253291e-22,2.702342596988267447e-22,3.004896063429120851e-22,3.339294081009900466e-22,3.673650902188823687e-22,4.099815740248305408e-22
7.048574036451902884e+02,6.122186641218854101e-17,1.485815856556327702e-17,1.725805086487012981e-17,1.535966583104224399e-17,9.284658007154436927e-18,6.633868869339694376e-18,7.255740805735873693e-18,9.926501505947214996e-18,1.359339268452619086e-17,1.855207740558402342e-17,2.519351933798509057e-17,3.405244903366186106e-17,4.581545212695727698e-17,6.136933284469247295e-17,8.185344329106019790e-17,1.087277022153689651e-16,1.438577042776788255e-16,1.896217507003147871e-16,2.490455504859245486e-16,3.259711397036429454e-16,4.252696468380044158e-16,5.531091277196364162e-16,7.172932211898448969e-16,9.276883934191600061e-16,1.196766936327942296e-15,1.540297197523248435e-15,1.978224532186887695e-15,2.535801857979138699e-15,3.245046088399619795e-15,4.146621296340633691e-15,5.292293221275093536e-15,6.748137914804391307e-15,8.598770812276900026e-15,1.095295816217511112e-14,1.395110335843718137e-14,1.777532373941122933e-14,2.266311393456914316e-14,2.892602223441324231e-14,3.697539467605816919e-14,4.735819836202961505e-14,6.098328914154821874e-14,7.871415826040598472e-14,1.018707732708587038e-13,1.323071775276199010e-13,1.726015000937351025e-13,2.263531596319284082e-13,2.986779691597037937e-13,3.968927541299200492e-13,5.315721721015882841e-13,7.181354390228886813e-13,9.792387741853671230e-13,1.348349881151406712e-12,1.875009816628455203e-12,2.632340533772030646e-12,3.727116751740392975e-12,5.311447672044334454e-12,7.590344829222557609e-12,1.080542972068529847e-11,1.514657277026364514e-11,2.053615143490589326e-11,2.639342100820213818e-11,3.179484859275560548e-11,3.608714256747646025e-11,3.922224842678947874e-11,4.149271925488095500e-11,4.324668003853006855e-11,4.477994557744770934e-11,4.630204478100849094e-11,4.793000149420151601e-11,4.970305050002489320e-11,5.161160153963036570e-11,5.363433270971259650e-11,5.575489743298967976e-11,5.796520877932301920e-11,6.026343044742001244e-11,6.265173532551913086e-11,6.513492991345421359e-11,6.771977187684982607e-11,7.041472929817477953e-11,3.775732489346179410e-23,4.339636268693893009e-23,4.945097083148062661e-23,5.640456326633545323e-23,6.440441148488031921e-23,7.327420184247055912e-23,8.333723913461637046e-23,9.496240167502334727e-23,1.058593800888410102e-22,1.179118801896003692e-22,1.311787276180260253e-22,1.453898549830932654e-22,1.612668935758117857e-22,1.794288783641304894e-22,1.998930814792113344e-22,2.223052229826517943e-22,2.476085993690770240e-22,2.753307838704687829e-22,3.059708014823186701e-22,3.366070443753842530e-22,3.756554162472042944e-22
7.692649574879145575e+02,5.609599837554777771e-17,1.361414291334856113e-17,1.581310159286710575e-17,1.407366093196343846e-17,8.507289813418046747e-18,6.078440908883973880e-18,6.648245934085454864e-18,9.095394260009494214e-18,1.245527094544038202e-17,1.699878433956871202e-17,2.308416424848787395e-17,3.120137032110181962e-17,4.197950305509003429e-17,5.623111801895254050e-17,7.500017381002555207e-17,9.962435587615645954e-17,1.318130599145552532e-16,1.737454612644034335e-16,2.281939381174186989e-16,2.986788478511748567e-16,3.896634783653875820e-16,5.067994582387352737e-16,6.572370580758089450e-16,8.500166633256262259e-16,1.096566309562819855e-15,1.411334122164607154e-15,1.812595509534017427e-15,2.323489061052030806e-15,2.973351038954963120e-15,3.799440871950065644e-15,4.849190156092100010e-15,6.183142652957016747e-15,7.878829277592250979e-15,1.003590970481250933e-14,1.278303190012163626e-14,1.628706522760195976e-14,2.076561981791104506e-14,2.650415923859612073e-14,3.387958912782271207e-14,4.339308116644390107e-14,5.587739624904323581e-14,7.212372886804481655e-14,9.334153084199650462e-14,1.212296137084946261e-13,1.581502498419037984e-13,2.074014926223295295e-13,2.736708280010720042e-13,3.636624721801386688e-13,4.870657078948590574e-13,6.580087602953426681e-13,8.972509318180404071e-13,1.235457805769883061e-12,1.718022559449213153e-12,2.411944930136372294e-12,3.415059806302825539e-12,4.866740879423558373e-12,6.954834868039025688e-12,9.900733244192353023e-12,1.387840932184759696e-11,1.881673959066258918e-11,2.418360283290045583e-11,2.913278995778737260e-11,3.306570690305348745e-11,3.593832257940568608e-11,3.801869574259614537e-11,3.962580423236226314e-11,4.103069542926448060e-11,4.242535520450729074e-11,4.391700945307095263e-11,4.554160798263543958e-11,4.729036348931243759e-11,4.914373926957961990e-11,5.108675738129978938e-11,5.311200798144622299e-11,5.521780851506979865e-11,5.740614994295361760e-11,5.968143633545148732e-11,6.204985956520818051e-11,6.451917871518295972e-11,3.459605137858043929e-23,3.976295453656009829e-23,4.531063396132802950e-23,5.168202922888850906e-23,5.901208136501188093e-23,6.713923877868675863e-23,7.635973721616830693e-23,8.701157024901942227e-23,9.699618717141689448e-23,1.080395784578165435e-22,1.201956445075350388e-22,1.332169296186143173e-22,1.477646457092876280e-22,1.644059983646097503e-22,1.831568135875822537e-22,2.036924739169322164e-22,2.268772973117674467e-22,2.522784114543298179e-22,2.803530599240291981e-22,3.084242497174221404e-22,3.442032537474807624e-22
8.395578619995112604e+02,5.139929927263668534e-17,1.247428383855402752e-17,1.448913228638917928e-17,1.289532820613677135e-17,7.795007625883220747e-18,5.569516764727947794e-18,6.091614238086220070e-18,8.333872381467971683e-18,1.141243969954060280e-17,1.557554244228155908e-17,2.115141723164210148e-17,2.858900130654847166e-17,3.846472303424920767e-17,5.152310587542638909e-17,6.872070184674072925e-17,9.128319721205468104e-17,1.207768666355259726e-16,1.591984316065605832e-16,2.090881499064541122e-16,2.736716331231344126e-16,3.570384754726021389e-16,4.643671167207124312e-16,6.022091632088885834e-16,7.788480841807512598e-16,1.004755090375192184e-15,1.293168621996457186e-15,1.660833958797806635e-15,2.128952386339353660e-15,2.724403956066661362e-15,3.481328510077383687e-15,4.443186381928223149e-15,5.665452240231013361e-15,7.219165638978993223e-15,9.195642137205831085e-15,1.171275850814371889e-14,1.492341279500924816e-14,1.902699548115819628e-14,2.428506938327430378e-14,3.104298330081950224e-14,3.975994776497433198e-14,5.119899984937622631e-14,6.608509041819760695e-14,8.552640860751908053e-14,1.110795310922783306e-13,1.449089463966046653e-13,1.900365747574158639e-13,2.507574372140768412e-13,3.332144321004132950e-13,4.462855963080456345e-13,6.029162538121366505e-13,8.221276116420887863e-13,1.132017743446770014e-12,1.574179232876681193e-12,2.210002190588297926e-12,3.129130171513727065e-12,4.459267651663821798e-12,6.372533676661134787e-12,9.071783474284524647e-12,1.271642425162255807e-11,1.724128739238778322e-11,2.215880411249916959e-11,2.669361510713206424e-11,3.029724425962208668e-11,3.292934703200905992e-11,3.483553866617380521e-11,3.630809023172523724e-11,3.759535536945645810e-11,3.887324572254911165e-11,4.024000958010519523e-11,4.172858681265462844e-11,4.333092584298274601e-11,4.502912569953675416e-11,4.680946248484284038e-11,4.866514675312372140e-11,5.059463682319218422e-11,5.259975696045208770e-11,5.468454249962761422e-11,5.685466689202265598e-11,5.911723958284995572e-11,3.169945896237570233e-23,3.643375747600180778e-23,4.151695134507805973e-23,4.735489454290075138e-23,5.407123000958287835e-23,6.151793223858521663e-23,6.996643431280051547e-23,7.972643092062139714e-23,8.887507481998097179e-23,9.899384603632338544e-23,1.101321320988061412e-22,1.220631958060247530e-22,1.353928883818112203e-22,1.506409255003597381e-22,1.678218081151807258e-22,1.866380977186396931e-22,2.078817462989958168e-22,2.311561242489402290e-22,2.568801919267723405e-22,2.826010905097721635e-22,3.153844581130392685e-22
9.162739011886741309e+02,4.709583646290294704e-17,1.142986071728671310e-17,1.327601376488857083e-17,1.181565268254527186e-17,7.142362047163474305e-18,5.103202853752993589e-18,5.581587142467726945e-18,7.636109758976195565e-18,1.045692064557855639e-17,1.427146303671907876e-17,1.938049158250603122e-17,2.619535575823924203e-17,3.524422183273333029e-17,4.720927722183397670e-17,6.296698557353677647e-17,8.364041122246434339e-17,1.106646907654774668e-16,1.458693679912614349e-16,1.915820148071087975e-16,2.507581749264096209e-16,3.271450367957375313e-16,4.254874696214231366e-16,5.517885393049746964e-16,7.136381725256210481e-16,9.206308663972550625e-16,1.184896658171474257e-15,1.521778810654294119e-15,1.950703508476094758e-15,2.496300241239053877e-15,3.189850455247955028e-15,4.071175719877758905e-15,5.191106026154578382e-15,6.614733063354502756e-15,8.425726894992534531e-15,1.073209493193766831e-14,1.367393366073208209e-14,1.743393937742007652e-14,2.225177526445034827e-14,2.844387541357671849e-14,3.643100244967089679e-14,4.691230732894623816e-14,6.055204360788811943e-14,7.836561606946801772e-14,1.017792752961303761e-13,1.327762856319572758e-13,1.741255537215103571e-13,2.297624952482159384e-13,3.053156876330139041e-13,4.089198443734862246e-13,5.524364279705066275e-13,7.532940739942230393e-13,1.037238314002770246e-12,1.442379346878109284e-12,2.024967328805853227e-12,2.867140309580064572e-12,4.085910567634463368e-12,5.838986292370496215e-12,8.312238434721615067e-12,1.165172765820445263e-11,1.579774166053823883e-11,2.030353388983522482e-11,2.445866285104079429e-11,2.776057419303006137e-11,3.017230126861459432e-11,3.191889491366393473e-11,3.326815548133323818e-11,3.444764293094639795e-11,3.561854051006597026e-11,3.687087056183256451e-11,3.823481502992127551e-11,3.970299646426689326e-11,4.125901267182968272e-11,4.289028880353178850e-11,4.459060386740396011e-11,4.635854526121039826e-11,4.819578451172949724e-11,5.010601909085159051e-11,5.209444743393609250e-11,5.416758374008337254e-11,2.904538692902623109e-23,3.338330109749815829e-23,3.804089897441500377e-23,4.339005396320187915e-23,4.954405686295056030e-23,5.636727576530891897e-23,6.410841772005076599e-23,7.305124788748701723e-23,8.143391152373917210e-23,9.070547750137289489e-23,1.009111983243993903e-22,1.118433206127431716e-22,1.240569700308047483e-22,1.380283484868868722e-22,1.537707428262335768e-22,1.710116179070907934e-22,1.904766186672949003e-22,2.118023237492300891e-22,2.353726155948387436e-22,2.589400036815622673e-22,2.889785478095101649e-22
1.000000000000000000e+03,4.315268580560789180e-17,1.047288306947147604e-17,1.216446492458899007e-17,1.082637417852618086e-17,6.544359936656402841e-18,4.675931587365430753e-18,5.114262625853448660e-18,6.996768078762025035e-18,9.581403474344654410e-18,1.307656911232455299e-17,1.775783862925706265e-17,2.400212081362706913e-17,3.229336063303761330e-17,4.325662861234743522e-17,5.769500551755551050e-17,7.663752588783238128e-17,1.013991679315222811e-16,1.336562948732794185e-16,1.755416001048959159e-16,2.297631711947733579e-16,2.997544591193428274e-16,3.898630636969188602e-16,5.055894375401691919e-16,6.538880323772069178e-16,8.435500355085220882e-16,1.085689883488199862e-15,1.394366207584470938e-15,1.787378713773825079e-15,2.287294760578336480e-15,2.922776720838512141e-15,3.730312059277002757e-15,4.756474970068691297e-15,6.060907269281540009e-15,7.720273652425143462e-15,9.833538491213726713e-15,1.252906853991411370e-14,1.597426364643553939e-14,2.038872092993156507e-14,2.606238069012255463e-14,3.338077673877409856e-14,4.298452285005560055e-14,5.548225722154637062e-14,7.180436875502531367e-14,9.325769363574142938e-14,1.216594452213351862e-13,1.595467004050463496e-13,2.105253778679270384e-13,2.797527962016042928e-13,3.746825810775597525e-13,5.061830810152721849e-13,6.902236999209965538e-13,9.503943964336813375e-13,1.321614551157977189e-12,1.855424714144547824e-12,2.627085836714228791e-12,3.743813215714459620e-12,5.350110749097507722e-12,7.616287138192813459e-12,1.067617395697096969e-11,1.447505838127221755e-11,1.860359820515577979e-11,2.241083442838164952e-11,2.543628961508528498e-11,2.764609219123347751e-11,2.924645036417418272e-11,3.048274260823258059e-11,3.156347617509270858e-11,3.263633906780498000e-11,3.378381640991296929e-11,3.503356312869332448e-11,3.637881945919396707e-11,3.780455650001032503e-11,3.929925224512098731e-11,4.085720656194501126e-11,4.247712511992098056e-11,4.416053949541107063e-11,4.591083758540877160e-11,4.773278258056094216e-11,4.963234327149038616e-11,2.661352999299339120e-23,3.058824753116078404e-23,3.485588290801146819e-23,3.975717401765008078e-23,4.539592626252921793e-23,5.164786366485741373e-23,5.874087000338404088e-23,6.693495188856862555e-23,7.461576780090982867e-23,8.311106172936446114e-23,9.246229736232143731e-23,1.024791156997338518e-22,1.136701638997719145e-22,1.264717733427096701e-22,1.408961184180733750e-22,1.566934822883170184e-22,1.745287544715097374e-22,1.940689414625336396e-22,2.156657847240651065e-22,2.372599673471147142e-22,2.647835013612576595e-22
