distance_kpc\alpha,0.1,0.10202020202,0.10404040404,0.106060606061,0.108080808081,0.110101010101,0.112121212121,0.114141414141,0.116161616162,0.118181818182,0.120202020202,0.122222222222,0.124242424242,0.126262626263,0.128282828283,0.130303030303,0.132323232323,0.134343434343,0.136363636364,0.138383838384,0.140404040404,0.142424242424,0.144444444444,0.146464646465,0.148484848485,0.150505050505,0.152525252525,0.154545454545,0.156565656566,0.158585858586,0.160606060606,0.162626262626,0.164646464646,0.166666666667,0.168686868687,0.170707070707,0.172727272727,0.174747474747,0.176767676768,0.178787878788,0.180808080808,0.182828282828,0.184848484848,0.186868686869,0.188888888889,0.190909090909,0.192929292929,0.194949494949,0.19696969697,0.19898989899,0.20101010101,0.20303030303,0.205050505051,0.207070707071,0.209090909091,0.211111111111,0.213131313131,0.215151515152,0.217171717172,0.219191919192,0.221212121212,0.223232323232,0.225252525253,0.227272727273,0.229292929293,0.231313131313,0.233333333333,0.235353535354,0.237373737374,0.239393939394,0.241414141414,0.243434343434,0.245454545455,0.247474747475,0.249494949495,0.251515151515,0.253535353535,0.255555555556,0.257575757576,0.259595959596,0.261616161616,0.263636363636,0.265656565657,0.267676767677,0.269696969697,0.271717171717,0.273737373737,0.275757575758,0.277777777778,0.279797979798,0.281818181818,0.283838383838,0.285858585859,0.287878787879,0.289898989899,0.291919191919,0.293939393939,0.29595959596,0.29797979798,0.3
1.000000000000000000e+00,3.955134420809029711e-12,5.543104955234382062e-12,6.314589006721071773e-12,5.871594205802672024e-12,5.104840755988103348e-12,7.350273553090549091e-12,6.407639324218289645e-12,6.948129385469701191e-12,1.493997786346502765e-11,1.807141335503765792e-11,1.581622938145697710e-11,2.397786577012378713e-11,1.767155809804632540e-11,3.139826501510038524e-11,3.620330135450874443e-11,3.705507592735997793e-11,4.573988575938364881e-11,6.470692839802891858e-11,7.578138259609539635e-11,8.983679845777768382e-11,1.156829413367726079e-10,1.438202431531071946e-10,1.895455758495789241e-10,2.578780996373959765e-10,3.643282446304692221e-10,5.487840203024959801e-10,8.602330000932247656e-10,1.438147634865339083e-09,2.796280587607867832e-09,7.043603344767869408e-09,3.394347639266486136e-08,3.220465832276336935e-06,2.317064116732479070e-04,2.925181454768138300e-04,3.682544066281533373e-04,4.623304987584904002e-04,5.788880536210071074e-04,7.229380893461083207e-04,9.005300182242526996e-04,1.118950950168238643e-03,1.386960278771017787e-03,1.715065274879664379e-03,2.115844278223865792e-03,2.604325020614402329e-03,3.198426724328556642e-03,3.919475846029257457e-03,4.792806724541276084e-03,5.848459976765218483e-03,7.121993249013248463e-03,8.655420924758404008e-03,1.049830163980809694e-02,1.270899495340170951e-02,1.535611135610230604e-02,1.852018295153536748e-02,2.229558565744206577e-02,2.679274774913035020e-02,3.214068391891616860e-02,3.848989898418987698e-02,4.601571076612961941e-02,5.492204780211902559e-02,6.544578422318964028e-02,7.786168168315364679e-02,9.248801646007261124e-02,1.096929790601313820e-01,1.299019438444868335e-01,1.536057173815294774e-01,1.813698866913141805e-01,2.138454021891441070e-01,2.517805452593355753e-01,2.960344469776710619e-01,3.475923427992030357e-01,4.075827681147644044e-01,4.772969216140365289e-01,5.582104476746027055e-01,6.520079154367209862e-01,7.606103013666547508e-01,8.862058139314650251e-01,1.031284433672679413e+00,1.198676580143401393e+00,1.391596358467037442e+00,1.633195620818499672e+00,1.945354104746212398e+00,2.314072668765673413e+00,2.749045149788179820e+00,3.133712383347674990e+00,3.555969337252825824e+00,4.031321525367573599e+00,4.565972424711843836e+00,5.175170320822880754e+00,5.957135236455923355e+00,6.850262714467708847e+00,7.869372285556791802e+00,9.031129122232265161e+00,1.035425775566756101e+01,1.185977866114624568e+01,1.331623527729217926e+01,1.485731144556661221e+01,1.658082853335364604e+01,1.849787307626828081e+01,2.064103831251061294e+01
1.091376714651273394e+00,3.623986445480294181e-12,5.079002402030875664e-12,5.785893103591427045e-12,5.379988529147625699e-12,4.677432354436157040e-12,6.734863823294211030e-12,5.871152681011448273e-12,6.366389617987984781e-12,1.368911180062952590e-11,1.655836441481344914e-11,1.449199819744250276e-11,2.197029261136967867e-11,1.619198747857919972e-11,2.876941077594187552e-11,3.317214016800492024e-11,3.395259897880463172e-11,4.191026356467470672e-11,5.928926971719812991e-11,6.943650306879578330e-11,8.231511379320857252e-11,1.059972599596250985e-10,1.317787352638011414e-10,1.736756642367472785e-10,2.362869723858782589e-10,3.338244620207814599e-10,5.028364751925722022e-10,7.882090469266557405e-10,1.317737143883328342e-09,2.562158922825617455e-09,6.453869915136045465e-09,3.110152153421267404e-08,2.950828791784667733e-06,2.123065377542756758e-04,2.680267423245161857e-04,3.374219017910981967e-04,4.236213697359471559e-04,5.304200152428382217e-04,6.624093034430444341e-04,8.251321529358433653e-04,1.025265552349425126e-03,1.270835505423250668e-03,1.571469550207214893e-03,1.938692891115914672e-03,2.386275046601631176e-03,2.930634932366636691e-03,3.591313424056004778e-03,4.391523715138742970e-03,5.358791238856485707e-03,6.525696538512764863e-03,7.930736297158460027e-03,9.619319799362410772e-03,1.164492038614054967e-02,1.407040405934355427e-02,1.696956028373127270e-02,2.042886324963067921e-02,2.454949550365971914e-02,2.944966984125737750e-02,3.526728989860162394e-02,4.216299481965123108e-02,5.032363900091840758e-02,5.996626402653412041e-02,7.134262682893388607e-02,8.474435565507297541e-02,1.005088138564340650e-01,1.190257608583799448e-01,1.407449099100588630e-01,1.661844936367981029e-01,1.959409609151079590e-01,2.306999424481828154e-01,2.712486376184621295e-01,3.184897919599364857e-01,3.734574529977937041e-01,4.373347123926377700e-01,5.114736645750841415e-01,5.974178362830991906e-01,6.969273681175174318e-01,8.120072583870671101e-01,9.449390112764177729e-01,1.098316066351492148e+00,1.275083424252544173e+00,1.496454522891624395e+00,1.782477194749211291e+00,2.120324391844008449e+00,2.518878323940216823e+00,2.871338870693230128e+00,3.258241897151948674e+00,3.693794700994420754e+00,4.183681366310628036e+00,4.741873499176220363e+00,5.458367543015980594e+00,6.276716941552639817e+00,7.210500443993150377e+00,8.274987912966398795e+00,9.487336147698595568e+00,1.086680566108265289e+01,1.220131884667074296e+01,1.361336671940445164e+01,1.519258044519641793e+01,1.694911832728526591e+01,1.891284469918897315e+01
1.191103133283006876e+00,3.320564198255103029e-12,4.653757345055473603e-12,5.301462845888358956e-12,4.929543077952408518e-12,4.285809190945339958e-12,6.170979949344251758e-12,5.379583971504699710e-12,5.833356651760919476e-12,1.254297587337072155e-11,1.517199715966482871e-11,1.327863972438986776e-11,2.013080572127638335e-11,1.483629553499591906e-11,2.636066024657172554e-11,3.039476628251535957e-11,3.110988032180389458e-11,3.840128069625001923e-11,5.432521046240461450e-11,6.362285555174480627e-11,7.542319044209280735e-11,9.712252289851567820e-11,1.207454158538725090e-10,1.591344784117386212e-10,2.165035859880690741e-10,3.058746421279915986e-10,4.607359387846597271e-10,7.222153783796929835e-10,1.207408153567197677e-09,2.347639351682798217e-09,5.913512564905918063e-09,2.849751246905658604e-08,2.703767408788397294e-06,1.945309395959705771e-04,2.455859088125758008e-04,3.091708823006310432e-04,3.881532050748457449e-04,4.860100166351110306e-04,6.069483566494302072e-04,7.560470567667343595e-04,9.394240674055680078e-04,1.164433406323241420e-03,1.439896535367574679e-03,1.776373698549527395e-03,2.186481546258860296e-03,2.685264302439382272e-03,3.290626761451048102e-03,4.023838566632753806e-03,4.910120554082716797e-03,5.979325425316514390e-03,7.266726686295995989e-03,8.813931679343245396e-03,1.066993663124051438e-02,1.289234401875566545e-02,1.554876520263082790e-02,1.871843422658902439e-02,2.249406201735209068e-02,2.698396387416732503e-02,3.231449729974360252e-02,3.863285174919966342e-02,4.611023702938199520e-02,5.494552267930243039e-02,6.536938700559496995e-02,7.764904135979415478e-02,9.209360297608103207e-02,1.090601982436579104e-01,1.289608876757380451e-01,1.522705143016533091e-01,1.795355886603433870e-01,2.113843362709988960e-01,2.485380473827810965e-01,2.918238841679000051e-01,3.421893173862741167e-01,4.007183830492287435e-01,4.686499699954794207e-01,5.473983714908116083e-01,6.385763584301924478e-01,7.440210584358372126e-01,8.658229542476112428e-01,1.006358346854079544e+00,1.168325663480891174e+00,1.371162223641343880e+00,1.633237333012702797e+00,1.942797902300411605e+00,2.307982468496290185e+00,2.630932868684765946e+00,2.985442014119800813e+00,3.384527680870207167e+00,3.833398046839799012e+00,4.344854930033381635e+00,5.001359722760886584e+00,5.751191918693476346e+00,6.606793371340265786e+00,7.582155457302841128e+00,8.692998503940112087e+00,9.956970416539364876e+00,1.117975001928588874e+01,1.247357263230077074e+01,1.392056495364287727e+01,1.553003477145011502e+01,1.732934599510140572e+01
1.299942224413245695e+00,3.042546312082643849e-12,4.264116397739423379e-12,4.857592043808934471e-12,4.516811667113074969e-12,3.926975107137759977e-12,5.654307872342741202e-12,4.929172392342670183e-12,5.344952456333876603e-12,1.149280143600880104e-11,1.390170502630956716e-11,1.216687102274559600e-11,1.844533189230518629e-11,1.359411038903880953e-11,2.415358500203545906e-11,2.784993107739831251e-11,2.850517140797200303e-11,3.518609127419430983e-11,4.977677252328322420e-11,5.829596206116067817e-11,6.910830094647266682e-11,8.899083294950924810e-11,1.106358732350764786e-10,1.458107693479485452e-10,1.983765853546254897e-10,2.802649516173043071e-10,4.221603160480461340e-10,6.617471022464153565e-10,1.106316579196029483e-09,2.151080667350446061e-09,5.418397227574584528e-09,2.611152692419534946e-08,2.477391511557336674e-06,1.782436229254981787e-04,2.250239587446646627e-04,2.832852104595434380e-04,3.556546514728162385e-04,4.453182939590253557e-04,5.561309385672279009e-04,6.927461861858703754e-04,8.607697551122312591e-04,1.066939939886212517e-03,1.319339615769302837e-03,1.627644858738928413e-03,2.003415976267649331e-03,2.460437598118815541e-03,3.015115420070602938e-03,3.686938261202033374e-03,4.499015315396062871e-03,5.478699833931387556e-03,6.658312009724275636e-03,8.075975564642273036e-03,9.776584462542680862e-03,1.181291834953171645e-02,1.424692775088124558e-02,1.715121275294032022e-02,2.061072195821916572e-02,2.472470184851752878e-02,2.960893050578693522e-02,3.539827378628285226e-02,4.224960676764627499e-02,5.034514841821517706e-02,5.989626324992869399e-02,7.114779005029926717e-02,8.438296487341462315e-02,9.992901330912656865e-02,1.181634956514028278e-01,1.395214981751815853e-01,1.645037742240178236e-01,1.936859504452066172e-01,2.277289262692362704e-01,2.673906088065533537e-01,3.135391407866106039e-01,3.671677961145340952e-01,4.294117362997127429e-01,5.015668413502127887e-01,5.851108511456892813e-01,6.817270777795306769e-01,7.933309760271612943e-01,9.220998884657718442e-01,1.070506313536481624e+00,1.256360159818390665e+00,1.496492742686534205e+00,1.780135013161969537e+00,2.114744100284160488e+00,2.410655123355299079e+00,2.735482601050121421e+00,3.101154381831999096e+00,3.512442583186944578e+00,3.981077176840528420e+00,4.582615384422020988e+00,5.269667055826044333e+00,6.053632336705414119e+00,6.947331160281867035e+00,7.965167652232510775e+00,9.123312127582735798e+00,1.024371316448523039e+01,1.142920905755850036e+01,1.275505035682468602e+01,1.422976554563235041e+01,1.587842745997988203e+01
1.418726674116596476e+00,2.787805778919175277e-12,3.907098566879294658e-12,4.450884812363874329e-12,4.138636647160214143e-12,3.598184801287924521e-12,5.180894732713312649e-12,4.516472017563324789e-12,4.897440438833025015e-12,1.053055400735857418e-11,1.273776949763085887e-11,1.114818637727053556e-11,1.690097621168232912e-11,1.245592855935406713e-11,2.213129955750726603e-11,2.551816499612343103e-11,2.611854461003434316e-11,3.224009711938676557e-11,4.560915754848988940e-11,5.341506858132660256e-11,6.332213251274541288e-11,8.153997767667638283e-11,1.013727631805190825e-10,1.336026024657666611e-10,1.817672877673706210e-10,2.567994605848422900e-10,3.868144797123866461e-10,6.063415989756231382e-10,1.013689007969653936e-09,1.970979074844728548e-09,4.964735965899657430e-09,2.392531064082555926e-08,2.269969185066345336e-06,1.633199797399491218e-04,2.061835805398930417e-04,2.595668449368202998e-04,3.258770749808953234e-04,4.080335304765207033e-04,5.095682646527124621e-04,6.347452505501025109e-04,7.887008615419032831e-04,9.776092210535486729e-04,1.208876456733704681e-03,1.491368504466405358e-03,1.835677772278473995e-03,2.254434756659616946e-03,2.762671568482217861e-03,3.378245304033371602e-03,4.122330314545541961e-03,5.019989670278050820e-03,6.100837520481459594e-03,7.399805636519176527e-03,8.958029185794552651e-03,1.082386878054869203e-02,1.305408807025313332e-02,1.571520861925355256e-02,1.888506661497253367e-02,2.265459901846796423e-02,2.712989026456172001e-02,3.243451441750214159e-02,3.871221201667864042e-02,4.612994554708079592e-02,5.488138279463593977e-02,6.519086315034039458e-02,7.731790841843041995e-02,9.156234686668829337e-02,1.082701271386017350e-01,1.278399074326620199e-01,1.507305149685015666e-01,1.774693814198655684e-01,2.086620716862209179e-01,2.450030362723951138e-01,2.872877317038924350e-01,3.364262689367116810e-01,3.934587668355397638e-01,4.595726064308399139e-01,5.361218022070859401e-01,6.246487291030049516e-01,7.269084683382250889e-01,8.448960620901735386e-01,9.808769961511774049e-01,1.151170024934822234e+00,1.371197243441928615e+00,1.631091253152468834e+00,1.937684826783099501e+00,2.208820374297223221e+00,2.506451314497934568e+00,2.841506823629555090e+00,3.218359468397923973e+00,3.647757115756861790e+00,4.198930875931598194e+00,4.828458391207162137e+00,5.546785317514975944e+00,6.365658225081099353e+00,7.298275238332911030e+00,8.359452794902171746e+00,9.386047023880655260e+00,1.047228597067005040e+01,1.168711975030573669e+01,1.303836278949672689e+01,1.454898867349712788e+01
1.548365256585498617e+00,2.554393676806601721e-12,3.579972446203167421e-12,4.078229590766065139e-12,3.792124746295901491e-12,3.296922825073878847e-12,4.747118628391077495e-12,4.138325435142227878e-12,4.487396856728705785e-12,9.648871802000462086e-12,1.167128575003631922e-11,1.021479222308010008e-11,1.548592340737513776e-11,1.141304225400676685e-11,2.027833218393234956e-11,2.338162859217427122e-11,2.393174076320657179e-11,2.954075956228223257e-11,4.179048071688367543e-11,4.894283327127268140e-11,5.802041738903938411e-11,7.471295344864563736e-11,9.288521719368974315e-11,1.224165777702675464e-10,1.665486218710929250e-10,2.352986435732204251e-10,3.544280123623355593e-10,5.555749823463723891e-10,9.288167819244312813e-10,1.805956686069222402e-09,4.549057991846597530e-09,2.192213771802012162e-08,2.079913520778814718e-06,1.496458349783783308e-04,1.889206337023368893e-04,2.378343256294958340e-04,2.985926588006988661e-04,3.738704747855091902e-04,4.669041017752833785e-04,5.816005069825245805e-04,7.226660152758677654e-04,8.957578148127555255e-04,1.107661947066532421e-03,1.366502037697351225e-03,1.681983633730931189e-03,2.065679729459845345e-03,2.531363855756233686e-03,3.095398003898974532e-03,3.777183679296975804e-03,4.599685519112513450e-03,5.590038195409780669e-03,6.780248778611362021e-03,8.208008349029972603e-03,9.917628473507642331e-03,1.196112020259136426e-02,1.439943550955732378e-02,1.730389366150886579e-02,2.075781782251674007e-02,2.485841039153058318e-02,2.971889905848497035e-02,3.547098952816519352e-02,4.226766516804481705e-02,5.028637871587002955e-02,5.973268650061933777e-02,7.084438157830383331e-02,8.389618876553101012e-02,9.920509177548030022e-02,1.171363707109241564e-01,1.381104369783667241e-01,1.626105624551209550e-01,1.911916104540443417e-01,2.244898878483776172e-01,2.632342506919705394e-01,3.082586099009906877e-01,3.605159992452847129e-01,4.210943849738326139e-01,4.912344152205890824e-01,5.723493278877572754e-01,6.660472580913489038e-01,7.741562109103111711e-01,8.987519918496668092e-01,1.054787049678492350e+00,1.256392247547691188e+00,1.494526345720734950e+00,1.775450035510649727e+00,2.023884461382342792e+00,2.296595924074501749e+00,2.603598542541289085e+00,2.948898785536471223e+00,3.342344643043283714e+00,3.847370774511420510e+00,4.424190406838573786e+00,5.082374621935502823e+00,5.832686495528827564e+00,6.687219124575992879e+00,7.659548424187573978e+00,8.600189923311466700e+00,9.595482320709262325e+00,1.070860280727183600e+01,1.194671153824540433e+01,1.333085861021503860e+01
1.689849786812457344e+00,2.340524259419265010e-12,3.280235319430535474e-12,3.736775337074310452e-12,3.474624935082654339e-12,3.020884338848426000e-12,4.349660905041317252e-12,3.791839590846084408e-12,4.111684624096602397e-12,8.841009408088351123e-12,1.069409452607355271e-11,9.359547520073327038e-12,1.418934745398461429e-11,1.045747275050995224e-11,1.858050653977152922e-11,2.142397604629615169e-11,2.192802947133928909e-11,2.706742700820895433e-11,3.829152679900903791e-11,4.484504077669583311e-11,5.316259418965026969e-11,6.845752932571830602e-11,8.510830032081936875e-11,1.121671152837296781e-10,1.526041554994235776e-10,2.155980060912379277e-10,3.247531375777846606e-10,5.090588564773391610e-10,8.510505762634082155e-10,1.654750978122414906e-09,4.168183112922795516e-09,2.008668264928566210e-08,1.905770475819073846e-06,1.371165730122751681e-04,1.731030460574766252e-04,2.179213853811154910e-04,2.735926603456149053e-04,3.425677584709801429e-04,4.278120428146323898e-04,5.329053654661882041e-04,6.621600090732928604e-04,8.207595074987249087e-04,1.014921733436893693e-03,1.252090153063223745e-03,1.541157705814141321e-03,1.892728424318536242e-03,2.319422635441767151e-03,2.836232404764146408e-03,3.460934825335627678e-03,4.214571794838271879e-03,5.122006105101812798e-03,6.212564999407972459e-03,7.520783830954897407e-03,9.087264131960717806e-03,1.095966227061504622e-02,1.319382694925680562e-02,1.585510615098468731e-02,1.901984671640119182e-02,2.277711266679679006e-02,2.723065157935042335e-02,3.250114195399450567e-02,3.872875845766103609e-02,4.607609640264131307e-02,5.473150168840250351e-02,6.491285788605145879e-02,7.687188817505445637e-02,9.089903645889974015e-02,1.073289993623811611e-01,1.265469888850405122e-01,1.489958144352381275e-01,1.751838827852723601e-01,2.056942253162407641e-01,2.411946738080091301e-01,2.824493190689782440e-01,3.303314010694099467e-01,3.858377948886187458e-01,4.501052740323059353e-01,5.244287515064306460e-01,6.102817195473796419e-01,7.093391315002324227e-01,8.235029937731852545e-01,9.664738449322033409e-01,1.151199426083728605e+00,1.369395485222790088e+00,1.626798530402912002e+00,1.854432510985936755e+00,2.104310906805750836e+00,2.385609393703451264e+00,2.701998994434044121e+00,3.062503165198334099e+00,3.525245428880867671e+00,4.053770203675484574e+00,4.656847222143153608e+00,5.344338409668692336e+00,6.127324355378751974e+00,7.018244315973905856e+00,7.880129571996118187e+00,8.792090019783222132e+00,9.812013270498948003e+00,1.094645998752385552e+01,1.221471782497635239e+01
1.844262708585534538e+00,2.144561294004820946e-12,3.005594012951491388e-12,3.423909715966698533e-12,3.183708144435625201e-12,2.767957478196414111e-12,3.985480766310063910e-12,3.474363654586204595e-12,3.767429310978478650e-12,8.100786180794877265e-12,9.798719711085850641e-12,8.575909119578361661e-12,1.300132874698405423e-11,9.581909353684001875e-12,1.702483321325811679e-11,1.963023011091246846e-11,2.009208110908425700e-11,2.480117693995128088e-11,3.508552664259865236e-11,4.109034046142822863e-11,4.871149757546115481e-11,6.272584746101392752e-11,7.798251435849439281e-11,1.027758003061026818e-10,1.398272048970598081e-10,1.975468261297179422e-10,2.975628242916586943e-10,4.664373443591365013e-10,7.797954316217416128e-10,1.516205134219998274e-09,3.819197401746517627e-09,1.840490307299981126e-08,1.746207748648937194e-06,1.256363372715789525e-04,1.586098033187267366e-04,1.996756779355950465e-04,2.506858142314642647e-04,3.138858964756642317e-04,3.919930094452590136e-04,4.882872781800800003e-04,6.067199347247135676e-04,7.520405158735509518e-04,9.299462960973934201e-04,1.147257529187163541e-03,1.412122583453309134e-03,1.734257657241036017e-03,2.125226426681542120e-03,2.598765730190977404e-03,3.171164254170015517e-03,3.861702140296211991e-03,4.693160515833840959e-03,5.692411168395751855e-03,6.891097940785741519e-03,8.326422957323550283e-03,1.004205250440676385e-02,1.208915929040378645e-02,1.452761996672327117e-02,1.742738915084749915e-02,2.087007388101984329e-02,2.495073535452092470e-02,2.977994813127340934e-02,3.548615060019490175e-02,4.221832460239355322e-02,5.014904656994702975e-02,5.947795753255830792e-02,7.043570486989661483e-02,8.328841475048752441e-02,9.834276095644563231e-02,1.159517031893757683e-01,1.365209761533593136e-01,1.605164197050408248e-01,1.884722502824939250e-01,2.210003847159940915e-01,2.588009394714170797e-01,3.026740415429886033e-01,3.535331015486299355e-01,4.124197153831778428e-01,4.805203780383026091e-01,5.591852119938095500e-01,6.499489332855034052e-01,7.545543007451083195e-01,8.855547602928469653e-01,1.054813989183900125e+00,1.254741343515242358e+00,1.490593035900277030e+00,1.699168111332191922e+00,1.928125163892780103e+00,2.185871625881007585e+00,2.475771159637954799e+00,2.806091722578938796e+00,3.230090381768210950e+00,3.714363839044139137e+00,4.266947571472744727e+00,4.896877803899602810e+00,5.614307390951262633e+00,6.430634098892643813e+00,7.220357064805114078e+00,8.055962622028776110e+00,8.990491677875104060e+00,1.002995559697420092e+01,1.119202715340991183e+01
2.012785375849939218e+00,1.965005543196026862e-12,2.753947351636383455e-12,3.137239112766610209e-12,2.917148681748183449e-12,2.536207196871391033e-12,3.651792009859346340e-12,3.183468739935839345e-12,3.451997152222806571e-12,7.422538956572218755e-12,8.978311136330985979e-12,7.857881705235587391e-12,1.191277821163552985e-11,8.779653464336282026e-12,1.559941034539852054e-11,1.798666752495713718e-11,1.840984954081988464e-11,2.272467114883973076e-11,3.214795237207301323e-11,3.765000655576364533e-11,4.463307391621041275e-11,5.747405695846888253e-11,7.145334265575941149e-11,9.417078349426077487e-11,1.281200185233370014e-10,1.810070010453172686e-10,2.726490498624379425e-10,4.273843651760307887e-10,7.145062022611587697e-10,1.389259193334054369e-09,3.499430902707928411e-09,1.686393233969694478e-08,1.600004586140452508e-06,1.151172968828856010e-04,1.453300232536179637e-04,1.829576123945408429e-04,2.296968689785228374e-04,2.876054548918609635e-04,3.591729640030960407e-04,4.474048892788610402e-04,5.559216415191506463e-04,6.890750973314012243e-04,8.520855206211161350e-04,1.051202131936400603e-03,1.293891068497392141e-03,1.589055029266573564e-03,1.947289508884761204e-03,2.381181213877518570e-03,2.905655042478430972e-03,3.538376885317861317e-03,4.300220494747720654e-03,5.215807788435950464e-03,6.314133193676986326e-03,7.629284046053782381e-03,9.201270624154276115e-03,1.107698114510957503e-02,1.331127902189599942e-02,1.596826184478020508e-02,1.912270401305789583e-02,2.286170762081304875e-02,2.728658925143823827e-02,3.251503364860938022e-02,3.868354898508490070e-02,4.595026254153783407e-02,5.449810018309145937e-02,6.453839808411422629e-02,7.631500070724946128e-02,9.010890523522760431e-02,1.062435194308005010e-01,1.250906074141244217e-01,1.470770060879762198e-01,1.726922040321487994e-01,2.024968846679216228e-01,2.371325464407690875e-01,2.773323248331368007e-01,3.239331541552946669e-01,3.778894215412668123e-01,4.402882813858117750e-01,5.123668156805832874e-01,5.955312446749251309e-01,6.913784128024120790e-01,8.114107149297276056e-01,9.664985288979195399e-01,1.149686745805428734e+00,1.365791496089015400e+00,1.556903394145737751e+00,1.766690765900088333e+00,2.002857122143619772e+00,2.268484498891875312e+00,2.571148609740649071e+00,2.959647515294770770e+00,3.403374645235111906e+00,3.909692697480867896e+00,4.486881329023313825e+00,5.144243335579317566e+00,5.892222192909272849e+00,6.615824735744182838e+00,7.381468299516441789e+00,8.237752883290925254e+00,9.190186543588723111e+00,1.025496238206446442e+01
2.196707090793235118e+00,1.800483294921592186e-12,2.523370083552084668e-12,2.874570320816354847e-12,2.672907202972804087e-12,2.323860462500139768e-12,3.346041711203450458e-12,2.916929321653202388e-12,3.162974897559382401e-12,6.801078726463332594e-12,8.226592170971704765e-12,7.199971925135318313e-12,1.091536776597071625e-11,8.044567330852058468e-12,1.429333257342125342e-11,1.648071402247609612e-11,1.686846465906354364e-11,2.082202308677707558e-11,2.945632973518700813e-11,3.449771838662868844e-11,4.089612075924853887e-11,5.266197838647631473e-11,6.547083302816373295e-11,8.628623117028026882e-11,1.173930291927430914e-10,1.658519909902551599e-10,2.498212085728411817e-10,3.916011395868863913e-10,6.546833853693353588e-10,1.272941940838423764e-09,3.206437205164394911e-09,1.545198107427595739e-08,1.466042444062681327e-06,1.054789747091763088e-04,1.331621073664331642e-04,1.676392852609111370e-04,2.104652462297747543e-04,2.635253721569085568e-04,3.291008129286157840e-04,4.099454233104285320e-04,5.093764912299634682e-04,6.313815276438079641e-04,7.807437241258920364e-04,9.631890783672166162e-04,1.185558617045286579e-03,1.456009650869565355e-03,1.784250555049616323e-03,2.181814200276735102e-03,2.662375881280252578e-03,3.242122392586024079e-03,3.940179808693981822e-03,4.779108550160475997e-03,5.785475453995310088e-03,6.990513856154206840e-03,8.430884130686579214e-03,1.014954872722293074e-02,1.219677755920359902e-02,1.463130157571900306e-02,1.752163460732086148e-02,2.094758602955720111e-02,2.500198958354824322e-02,2.979267672849230525e-02,3.544472634038689507e-02,4.210302631957864999e-02,4.993518686213237190e-02,5.913484978899894579e-02,6.992544341724785117e-02,8.256443813172249790e-02,9.734816402487420084e-02,1.146172588574005807e-01,1.347628221433802842e-01,1.582333594934073606e-01,1.855426104932294540e-01,2.172783634260877783e-01,2.541123712005827207e-01,2.968114948822238031e-01,3.462502144935476478e-01,4.034246612330341653e-01,4.694683410432660686e-01,5.456697368380402091e-01,6.334919954960992472e-01,7.434744612349521997e-01,8.855773775664106395e-01,1.053427959724051011e+00,1.251439102331797226e+00,1.426549946727802221e+00,1.618772640265279561e+00,1.835165708830054143e+00,2.078553141585691488e+00,2.355876367182898612e+00,2.711847774982503623e+00,3.118423363396193970e+00,3.582349380369663105e+00,4.111212259514812395e+00,4.713535909755095510e+00,5.398889415367460920e+00,6.061907540200847322e+00,6.763446755298454072e+00,7.548037971401219792e+00,8.420728076945691143e+00,9.396354388357300635e+00
2.397434967801077121e+00,1.649735852662844463e-12,2.312098150599058049e-12,2.633893762095578503e-12,2.449115110383197127e-12,2.129292691793118315e-12,3.065890692264411258e-12,2.672706209042810810e-12,2.898151348748580440e-12,6.231650936987853369e-12,7.537811701984444195e-12,6.597146364292663093e-12,1.000146660583508497e-11,7.371027091614769447e-12,1.309660759803583550e-11,1.510084813174905300e-11,1.545613392022342065e-11,1.907867632436186039e-11,2.699006616115973247e-11,3.160935900822450128e-11,3.747204811155976239e-11,4.825279638049026679e-11,5.998921559278784193e-11,7.906182165326042872e-11,1.075641688307905614e-10,1.519658508045498444e-10,2.289046533787064941e-10,3.588139038792067161e-10,5.998692995557687543e-10,1.166363478118704137e-09,2.937974726892487287e-09,1.415824698002038150e-08,1.343296429529491076e-06,9.664763165015841854e-05,1.220129636071467361e-04,1.536035018984959486e-04,1.928438122275904663e-04,2.414614208084076214e-04,3.015464857464666797e-04,3.756222922910885660e-04,4.667283847930767636e-04,5.785184154726562581e-04,7.153750979334046320e-04,8.825450144178527499e-04,1.086296419127933581e-03,1.334103642970615230e-03,1.634862216773368083e-03,1.999139408956410440e-03,2.439465535171290132e-03,2.970672132785952529e-03,3.610283924696876950e-03,4.378972435459685744e-03,5.301080164463596069e-03,6.405225402291893876e-03,7.724999092893870302e-03,9.299766607597091672e-03,1.117558895610194954e-02,1.340627977425203760e-02,1.605461649685236206e-02,1.919372637178773724e-02,2.290867053319632987e-02,2.729825213286865213e-02,3.247707768047124188e-02,3.857790417768972718e-02,4.575430847275143570e-02,5.418371951237228173e-02,6.407085883226953937e-02,7.565163982640424334e-02,8.919758202462638175e-02,1.050208029168224894e-01,1.234796567805104134e-01,1.449850976012141968e-01,1.700078515533618717e-01,1.990864937003118673e-01,2.328365337002622770e-01,2.719606263333772533e-01,3.172600348214179578e-01,3.696474881837112925e-01,4.301615883322880696e-01,4.999829385331879261e-01,5.804521820850085945e-01,6.812262450298970373e-01,8.114314385472101154e-01,9.652285462775811453e-01,1.146660988393607639e+00,1.307110484928777794e+00,1.483239122233356966e+00,1.681514443357390975e+00,1.904523995868695252e+00,2.158628029676874949e+00,2.484795340213043158e+00,2.857329940736935470e+00,3.282413242172139256e+00,3.766996495640338338e+00,4.318889936424205267e+00,4.946861466704980614e+00,5.554367670504866794e+00,6.197169743959190846e+00,6.916070198376038647e+00,7.715693365912025037e+00,8.609634292371456610e+00
2.616504698748820967e+00,1.511609905650207223e-12,2.118515192380516058e-12,2.413368112711827672e-12,2.244060256650940641e-12,1.951015321481812263e-12,2.809195625219154480e-12,2.448930944890846538e-12,2.655500442553077931e-12,5.709899114879912549e-12,6.906700134602920794e-12,6.044793035923111702e-12,9.164082824536754097e-12,6.753879749001267210e-12,1.200007973618951664e-11,1.383651302893539427e-11,1.416205212437770071e-11,1.748129318523902089e-11,2.473029321482622966e-11,2.896283069253920417e-11,3.433465970870852282e-11,4.421277798281451761e-11,5.496655260045211779e-11,7.244228376131607546e-11,9.855824060270557111e-11,1.392423429641407809e-10,2.097393597515484543e-10,3.287718155081384591e-10,5.496445833072812000e-10,1.068708414299814974e-09,2.691989564603507054e-09,1.297283219437602801e-08,1.230827459937802597e-06,8.855570249273657054e-05,1.117972941599119918e-04,1.407428799207766925e-04,1.766977521498703466e-04,2.212447980306795953e-04,2.762991748846497630e-04,3.441729031309879202e-04,4.276510379298407755e-04,5.300813254546205651e-04,6.554795317966700041e-04,8.086529633352598518e-04,9.953450578016379523e-04,1.222404349534706803e-03,1.497981581268896739e-03,1.831759265264508788e-03,2.235218602726712911e-03,2.721949344260261774e-03,3.308008936080762252e-03,4.012338156636313137e-03,4.857241402806953580e-03,5.868940867350783651e-03,7.078215055524830074e-03,8.521133429687141950e-03,1.023990049088858816e-02,1.228382426918072333e-02,1.471042608965894560e-02,1.758671054102587186e-02,2.099061692049781006e-02,2.501267597741558754e-02,2.975789866549297807e-02,3.534792676057459115e-02,4.192347872051793017e-02,4.964712805851419219e-02,5.870645577475239185e-02,6.931762315505984873e-02,8.172941645830110458e-02,9.622782079456375370e-02,1.131411868357166950e-01,1.328460609932851089e-01,1.557737573755037519e-01,1.824177582567590439e-01,2.133420390727873428e-01,2.491904240601986453e-01,2.906970897970750367e-01,3.386983460626831755e-01,3.941458366827417792e-01,4.581213176175808477e-01,5.318531853325090264e-01,6.241898291256547937e-01,7.434934497447894808e-01,8.844137256364313915e-01,1.050655537176270915e+00,1.197671223310310173e+00,1.359053296924421783e+00,1.540727798920177527e+00,1.745065631602050082e+00,1.977894525967249573e+00,2.276753120032442013e+00,2.618096851782232726e+00,3.007589586718427910e+00,3.451600574824434720e+00,3.957286130851908279e+00,4.532680054737695308e+00,5.089322134089738547e+00,5.678304897625900516e+00,6.337014621560736138e+00,7.069688460759778081e+00,7.888783200878977553e+00
2.855592301990107718e+00,1.385048705325558316e-12,1.941140180049968787e-12,2.211306215638813201e-12,2.056173845864014051e-12,1.787664419893014573e-12,2.573992634721710277e-12,2.243891510616800661e-12,2.433165750106357929e-12,5.231831537384772703e-12,6.328429076672956832e-12,5.538686096903397144e-12,8.396809920454410698e-12,6.188403745776572009e-12,1.099535987445351962e-11,1.267803577187054588e-11,1.297631874884089971e-11,1.601765270466193385e-11,2.265972224148862047e-11,2.653788586811995572e-11,3.145995259728393847e-11,4.051101456470216287e-11,5.036441758610869574e-11,6.637697395299797467e-11,9.030634361133298705e-11,1.275841247984045659e-10,1.921787013923660105e-10,3.012450339965248942e-10,5.036249866141855186e-10,9.792296280036528874e-10,2.466599780318454604e-09,1.188666756420694604e-08,1.127775078407356611e-06,8.114127899552328626e-05,1.024369428622402752e-04,1.289590276495391217e-04,1.619035386936310689e-04,2.027208342092709807e-04,2.531657228667696089e-04,3.153566486352618018e-04,3.918454848713606590e-04,4.856996840215682004e-04,6.005987877486601784e-04,7.409476054229801332e-04,9.120086991407726868e-04,1.120057202178168778e-03,1.372561427378030325e-03,1.678393208022410307e-03,2.048072469129901766e-03,2.494051144503302720e-03,3.031042253029713786e-03,3.676400735669325612e-03,4.450563529165073133e-03,5.377557344373140938e-03,6.485583722378141305e-03,7.807692170168661037e-03,9.382553570570301149e-03,1.125534758463832968e-02,1.347877950131944752e-02,1.611424387650174650e-02,1.923315445410151217e-02,2.291846219699479950e-02,2.726638590140847626e-02,3.238838275184319909e-02,3.841338939864931412e-02,4.549036770898846893e-02,5.379119325769271542e-02,6.351392898941303489e-02,7.488653126012136119e-02,8.817104076231951915e-02,1.036683166470787620e-01,1.217233785638658361e-01,1.427314283732707689e-01,1.671446310040129724e-01,1.954797424287693375e-01,2.283266819924981428e-01,2.663581565325601197e-01,3.103404548730062107e-01,3.611455434145696697e-01,4.197646069111563016e-01,4.873231929842407051e-01,5.719288498152553801e-01,6.812436437058834171e-01,8.103652146537023704e-01,9.626882478539834365e-01,1.097394884123949144e+00,1.245265066296268763e+00,1.411728670986429401e+00,1.598958094098287486e+00,1.812293133447734350e+00,2.086129463335610446e+00,2.398893816072291685e+00,2.755775843796925084e+00,3.162611524039453226e+00,3.625958001235510597e+00,4.153176436594599785e+00,4.663213046208271706e+00,5.202882580686436498e+00,5.806441109187121974e+00,6.477771026128912091e+00,7.228286159101053876e+00
3.116526944929430609e+00,1.269083980564970817e-12,1.778616085528469245e-12,2.026162172926137404e-12,1.884018431271938448e-12,1.637990252031559536e-12,2.358482273047373889e-12,2.056019228277001926e-12,2.229446274088617639e-12,4.793790693121481382e-12,5.798574398478965623e-12,5.074953517469142437e-12,7.693777783354519630e-12,5.670272842273300102e-12,1.007476128713893053e-11,1.161655329610138155e-11,1.188986220306817934e-11,1.467655713158589912e-11,2.076251209806053021e-11,2.431597221368204019e-11,2.882593349752409387e-11,3.711918535631081941e-11,4.614760138271925530e-11,6.081948887301243315e-11,8.274534576284092099e-11,1.169020037587767609e-10,1.760883284501563685e-10,2.760229625137104747e-10,4.614584312210732284e-10,8.972425514104406361e-10,2.260081003383515526e-09,1.089144326118876713e-08,1.033350870755670708e-06,7.434763625266669381e-05,9.386029726222615895e-05,1.181617913579412356e-04,1.483479870150646853e-04,1.857478096131510656e-04,2.319691445383856017e-04,2.889530667108170968e-04,3.590377910862490641e-04,4.450339442845483470e-04,5.503129942996528787e-04,6.789109529973200727e-04,8.356497686797231123e-04,1.026279182194261581e-03,1.257642213684762164e-03,1.537867892443266693e-03,1.876595351206773949e-03,2.285233971938117024e-03,2.777264909851242733e-03,3.368590044404642589e-03,4.077935207356112729e-03,4.927315446794581187e-03,5.942571098789178885e-03,7.153984564040699948e-03,8.596988963218168273e-03,1.031298124061107852e-02,1.235025387693589397e-02,1.476506110142794884e-02,1.762283746382390520e-02,2.099958876648556558e-02,2.498347778119939383e-02,2.967662981722331630e-02,3.519718616218004553e-02,4.168163668722212056e-02,4.928746649581997735e-02,5.819615549494985829e-02,6.861657414419894407e-02,8.078882349115606987e-02,9.498857292388157569e-02,1.115319549425791285e-01,1.307810826978085261e-01,1.531502631127882874e-01,1.791129861985655547e-01,2.092097796547319477e-01,2.440570271995122775e-01,2.843568592831569042e-01,3.309082359613711999e-01,3.846193539554151886e-01,4.465215231753911218e-01,5.240434784225750375e-01,6.242057710783764923e-01,7.425164966183447346e-01,8.820861164896580675e-01,1.005514291620743350e+00,1.141003880309254370e+00,1.293530136784637019e+00,1.465083570716644079e+00,1.660556899481600901e+00,1.911465981755153809e+00,2.198043795389942989e+00,2.525045483197316809e+00,2.897818399075886564e+00,3.322370683338346176e+00,3.805447175883407862e+00,4.272780409923170986e+00,4.767265519632155168e+00,5.320290447137172585e+00,5.935412529118095470e+00,6.623089957907616565e+00
3.401304938279252177e+00,1.162828529808316447e-12,1.629699499404097882e-12,1.856519518627951454e-12,1.726276917932903508e-12,1.500847718337975306e-12,2.161015753209447029e-12,1.883876759212294314e-12,2.042783435049730144e-12,4.392425299868374691e-12,5.313082385427086173e-12,4.650047457802632053e-12,7.049607784432989805e-12,5.195523017993944384e-12,9.231240828111409001e-12,1.064394460698495605e-11,1.089437042540103477e-11,1.344774625897665830e-11,1.902414795856694916e-11,2.228009072142582633e-11,2.641245054118166026e-11,3.401134077537239606e-11,4.228384274944399091e-11,5.572731033797621022e-11,7.581740076732391182e-11,1.071142550408273211e-10,1.613451396628172487e-10,2.529126366800924469e-10,4.228223170113379126e-10,8.221199328933232537e-10,2.070853237972625501e-09,9.979545206504519502e-09,9.468324336440110084e-07,6.812279871338736267e-05,8.600174073918851218e-05,1.082685655389828866e-04,1.359273887957799826e-04,1.701958701514928718e-04,2.125472730215858044e-04,2.647601536955514093e-04,3.289769575127613290e-04,4.077729882909858169e-04,5.042374341617632261e-04,6.220683874625745381e-04,7.656840735755823498e-04,9.403528299778574767e-04,1.152344737432496168e-03,1.409108213321795186e-03,1.719475343402759610e-03,2.093900246596626033e-03,2.544735353583807858e-03,3.086551141491968627e-03,3.736505601238827596e-03,4.514770546821682100e-03,5.445022803778622536e-03,6.555009345537122882e-03,7.877196615803881349e-03,9.449515554220317554e-03,1.131621530049059000e-02,1.352884013669451713e-02,1.614734603299183488e-02,1.924137512242557121e-02,2.289170865184010986e-02,2.719192137675931556e-02,3.225026307568470280e-02,3.819179585532994636e-02,4.516081920583100290e-02,5.332361842954035785e-02,6.287157607730703424e-02,7.402469047268470104e-02,8.703555028130975646e-02,1.021938194624363166e-01,1.198312928451995413e-01,1.403275890504263324e-01,1.641165546177126844e-01,1.916934609710639892e-01,2.236230844246072935e-01,2.605487687851368306e-01,3.032025802997876940e-01,3.524166759213955280e-01,4.091360180046242356e-01,4.801673623667352397e-01,5.719434570104681148e-01,6.803484870534370899e-01,8.082324871403455679e-01,9.213265026843038275e-01,1.045472076682374629e+00,1.185227904736777749e+00,1.342417838907971062e+00,1.521524948433774282e+00,1.751426392092232387e+00,2.014010163385500984e+00,2.313633275568044656e+00,2.655195369457578281e+00,3.044201547217305404e+00,3.486831929614109704e+00,3.915037175122843216e+00,4.368120975675601869e+00,4.874843283455208898e+00,5.438463593219167613e+00,6.068564473655538194e+00
3.712105009066362094e+00,1.065469433420955892e-12,1.493251118084221150e-12,1.701080381966151483e-12,1.581742486126341289e-12,1.375187593971656075e-12,1.980082334723399765e-12,1.726147107522124433e-12,1.871749147316615481e-12,4.024664665190225010e-12,4.868238724632100452e-12,4.260717124873291521e-12,6.459371626492457079e-12,4.760522144412861891e-12,8.458345046385802508e-12,9.752768649078248451e-12,9.982227290676715265e-12,1.232181892690793397e-11,1.743133026678667930e-11,2.041466564415840912e-11,2.420103909732141462e-11,3.116370389690787085e-11,3.874358155328145263e-11,5.106148004612936571e-11,6.946950557906101412e-11,9.814599633917739095e-11,1.478363405566809302e-10,2.317372482707819231e-10,3.874210539176127004e-10,7.532870381571358304e-10,1.897468775146373834e-09,9.143996818452622346e-09,8.675578477469638855e-07,6.241914253700619152e-05,7.880115049611313683e-05,9.920366092250543699e-05,1.245467188102989179e-04,1.559460339099093186e-04,1.947515190385025593e-04,2.425928189059356813e-04,3.014330002613983101e-04,3.736317467807449095e-04,4.620196009247656594e-04,5.699850281864804512e-04,7.015763331731341345e-04,8.616207560176209097e-04,1.055863408081511058e-03,1.291129079817363023e-03,1.575510380897380495e-03,1.918586147649016180e-03,2.331674589920974209e-03,2.828126255633199755e-03,3.423662564060430367e-03,4.136766421908023329e-03,4.989132286479527022e-03,6.006183985363513882e-03,7.217669673592838966e-03,8.658344481208500240e-03,1.036875274007147130e-02,1.239612313060699418e-02,1.479539174349288159e-02,1.763036984765957091e-02,2.097507519129604772e-02,2.491524788069894580e-02,2.955007436271864588e-02,3.499414578176458790e-02,4.137967999460315238e-02,4.885903988393119901e-02,5.760758428623459493e-02,6.782689192369084630e-02,7.974840319835864444e-02,9.363752963621752023e-02,1.097982861797533738e-01,1.285785074636351111e-01,1.503757157492156271e-01,1.756437153163155351e-01,2.048999959615790123e-01,2.387340368246630151e-01,2.778166111017585371e-01,3.229102024904415003e-01,3.748806553338964176e-01,4.399648223392439994e-01,5.240568626143179420e-01,6.233855624002645479e-01,7.405623340595088866e-01,8.441874288830639728e-01,9.579387782855836031e-01,1.085993396070844996e+00,1.230022430281475065e+00,1.394133600257309702e+00,1.604786292927153024e+00,1.845384949438870992e+00,2.119921787324661633e+00,2.432886219590996824e+00,2.789322427673396110e+00,3.194893094936750444e+00,3.587246385748491306e+00,4.002395247246359311e+00,4.466691673014906883e+00,4.983122253031498694e+00,5.560467244891349914e+00
4.051304969235380860e+00,9.762618343579051403e-13,1.368227027421377995e-12,1.558655557819644687e-12,1.449309358438854240e-12,1.260048501594675186e-12,1.814297765511786799e-12,1.581623544234841845e-12,1.715034893258369173e-12,3.687695193750054910e-12,4.460640088136428153e-12,3.903983901869040364e-12,5.918553639433672551e-12,4.361942196956244289e-12,7.750160813251811283e-12,8.936207377481516843e-12,9.146454342180398889e-12,1.129016109789836818e-11,1.597187298645683638e-11,1.870542533123541420e-11,2.217478050652230907e-11,2.855448854510844706e-11,3.549973261584673290e-11,4.678630152233456956e-11,6.365309489057456868e-11,8.992861495174736419e-11,1.354585804993273936e-10,2.123347925237975751e-10,3.549838004757184152e-10,6.902172531671002092e-10,1.738601116987062446e-09,8.378405637300405326e-09,7.949206136619599811e-07,5.719303124123454723e-05,7.220343758322937591e-05,9.089772540566243926e-05,1.141189079245613598e-04,1.428892808655338133e-04,1.784457341118289738e-04,2.222814685792991228e-04,2.761951910965179170e-04,3.423490182307317958e-04,4.233365021649692348e-04,5.222624053955626138e-04,6.428360837781924280e-04,7.894806114613999153e-04,9.674600840452146459e-04,1.183027878902397599e-03,1.443599043068096235e-03,1.757950414272912727e-03,2.136452572809391555e-03,2.591338277303148214e-03,3.137012653925267888e-03,3.790411107707975392e-03,4.571411703678964107e-03,5.503309631525962232e-03,6.613362349314091775e-03,7.933415075632334681e-03,9.500617523606036396e-03,1.135824410049642366e-02,1.355663131242491708e-02,1.615424775971419438e-02,1.921891397325459910e-02,2.282919137473085613e-02,2.707596191674362801e-02,3.206422247422260202e-02,3.791512081859394617e-02,4.476826308278263750e-02,5.278432599200350711e-02,6.214801086842276084e-02,7.307138051212737351e-02,8.579762457744706527e-02,1.006053040217530642e-01,1.178131306427219471e-01,1.377853437135728720e-01,1.609377522521532322e-01,1.877445186532594734e-01,2.187457672678544685e-01,2.545561100692248502e-01,2.958741909695414285e-01,3.434933605429558723e-01,4.031282841505608450e-01,4.801796259523180010e-01,5.711919212051858041e-01,6.785579389020960361e-01,7.735069087971210289e-01,8.777343014796435972e-01,9.950674056829694747e-01,1.127037450743580527e+00,1.277408232685976142e+00,1.470423797194472249e+00,1.690878066817217862e+00,1.942429006286833459e+00,2.229190147572806868e+00,2.555783342477365050e+00,2.927397159978452290e+00,3.286900240394740269e+00,3.667290307293427976e+00,4.092713004640332386e+00,4.565904866885263758e+00,5.094911014908432456e+00
4.421499907374488281e+00,8.945232395487283266e-13,1.253670716127168261e-12,1.428155408572813854e-12,1.327964339886022680e-12,1.154549556243095495e-12,1.662393691523378081e-12,1.449200375087915141e-12,1.571441712320546231e-12,3.378938861572084186e-12,4.087168095355353350e-12,3.577118559943325270e-12,5.423016232598312572e-12,3.996733793564591226e-12,7.101270083197820045e-12,8.188013595595995122e-12,8.380657402153715853e-12,1.034487995421993562e-11,1.463461037059079634e-11,1.713929304164450879e-11,2.031817264271374480e-11,2.616373261567380550e-11,3.252747849507668380e-11,4.286906701805907246e-11,5.832366957811958382e-11,8.239924285033162371e-11,1.241171620035986850e-10,1.945568287038676311e-10,3.252623917206682490e-10,6.324280552271492527e-10,1.593034828072721117e-09,7.676914419030417305e-09,7.283650118153384678e-07,5.240448185621166476e-05,6.615812543361847427e-05,8.328721346662312547e-05,1.045641769634288659e-04,1.309257188167067571e-04,1.635051689451223105e-04,2.036707083771019920e-04,2.530704452355577198e-04,3.136854705023849532e-04,3.878921883542636967e-04,4.785354116359727427e-04,5.890139263082933008e-04,7.233804797765562957e-04,8.864584254524307885e-04,1.083977569816861521e-03,1.322732126944240567e-03,1.610764084182086638e-03,1.957575733592640220e-03,2.374375632644092245e-03,2.874362822490339822e-03,3.473054772768468731e-03,4.188665235669485065e-03,5.042538985527495604e-03,6.059651319780313440e-03,7.269181181098675545e-03,8.705167882055978371e-03,1.040726263261509445e-02,1.242158745961210488e-02,1.480171561556171619e-02,1.760978928288350204e-02,2.091779224190745690e-02,2.480899725389063698e-02,2.937961021503749173e-02,3.474063566649296386e-02,4.101999106430211789e-02,4.836490029830775583e-02,5.694460036952580378e-02,6.695339888708895515e-02,7.861412418429865323e-02,9.218201439628422034e-02,1.079490968252577038e-01,1.262491144110576835e-01,1.474630621046166823e-01,1.720254025332117465e-01,2.004310375430266578e-01,2.332431200445420627e-01,2.711017992207043759e-01,3.147340014971017896e-01,3.693759255981304834e-01,4.399760591426484235e-01,5.233682499701289847e-01,6.217449298603691110e-01,7.087441929199296275e-01,8.042450326238683722e-01,9.117542937508269496e-01,1.032675001778557977e+00,1.170455824773708242e+00,1.347310949056042206e+00,1.549307442716974625e+00,1.779797003372475483e+00,2.042548753007890738e+00,2.341797573804762944e+00,2.682297616102099713e+00,3.011700906084477491e+00,3.360242396655158892e+00,3.750046111207415045e+00,4.183619464837311952e+00,4.668333991839293873e+00
4.825522042741277495e+00,8.196282984052437825e-13,1.148705757871838884e-12,1.308581527716716531e-12,1.216779066346807735e-12,1.057883626014513398e-12,1.523207953043566592e-12,1.327864481285893419e-12,1.439871028238556480e-12,3.096033492570669742e-12,3.744965455545131398e-12,3.277620377933681403e-12,4.968968239652360479e-12,3.662102865042034623e-12,6.506708442526084057e-12,7.502463160222642254e-12,7.678977652397121672e-12,9.478743512981610227e-12,1.340931153663745017e-11,1.570428689888350423e-11,1.861701131236430765e-11,2.397314535342078324e-11,2.980407961651460210e-11,3.927980727695569252e-11,5.344045625598280524e-11,7.550027570146630548e-11,1.137253162335040025e-10,1.782673444393893332e-10,2.980294405718552806e-10,5.794773213841460335e-10,1.459656236647620305e-09,7.034156323816580928e-09,6.673818508653746767e-07,4.801685903016213056e-05,6.061896368639121989e-05,7.631390000219661523e-05,9.580942635086383771e-05,1.199638191461152402e-04,1.498155190138604010e-04,1.866181545225479362e-04,2.318818441315390532e-04,2.874218098034249445e-04,3.554154886639730401e-04,4.384695084766205967e-04,5.396980881129579246e-04,6.628146542485998088e-04,8.122387197308678520e-04,9.932203566971136398e-04,1.211984926182791420e-03,1.475901091308121820e-03,1.793675554291207985e-03,2.175578423810127678e-03,2.633703636794910898e-03,3.182269445686507821e-03,3.837964636260254685e-03,4.620346868165254965e-03,5.552300354618204190e-03,6.660560999252575047e-03,7.976318135793775133e-03,9.535903133081341174e-03,1.138157640057509135e-02,1.356242571135604473e-02,1.613539032533816212e-02,1.916642710174672193e-02,2.273183669840147039e-02,2.691977006713501194e-02,3.183193777191189316e-02,3.758554723921263968e-02,4.431549587693170422e-02,5.217685113221540161e-02,6.134765199611441622e-02,7.203207025487819160e-02,8.446397395031382538e-02,9.891094007787275266e-02,1.156787685830350382e-01,1.351165551958248001e-01,1.576223866826578779e-01,1.836497286888425784e-01,2.137145835286307083e-01,2.484035031912233127e-01,2.883825513884713532e-01,3.384495203529763185e-01,4.031385801402531111e-01,4.795486681584191224e-01,5.696886524274387131e-01,6.494038065915618274e-01,7.369087335538840877e-01,8.354166636605941942e-01,9.462131525396600962e-01,1.072458124734412266e+00,1.234505859405794270e+00,1.419589974678930000e+00,1.630781543604009176e+00,1.871534114286600881e+00,2.145727998744261455e+00,2.457719300854950717e+00,2.759542938431487791e+00,3.078902409722801270e+00,3.436069379953433867e+00,3.833341328135355663e+00,4.277472598754283872e+00
5.266462393484277804e+00,7.510040185044068534e-13,1.052529106083121409e-12,1.199019101424429814e-12,1.114902902006301214e-12,9.693111570119376481e-13,1.395675693456842127e-12,1.216687568517699521e-12,1.319316244252688452e-12,2.836814686448520747e-12,3.431414107769154317e-12,3.003198010304787893e-12,4.552935913828882868e-12,3.355489278706283162e-12,5.961927128530652200e-12,6.874311188341503496e-12,7.036046810702551343e-12,8.685125297006489791e-12,1.228660219392908099e-11,1.438942822222616149e-11,1.705828158365370951e-11,2.196596741674197855e-11,2.730870030156165229e-11,3.599106225159543189e-11,4.896609533497200526e-11,6.917893215780291708e-11,1.042035391691882722e-10,1.633417151440241803e-10,2.730765981818516925e-10,5.309599459150141218e-10,1.337444914347492388e-09,6.445213856394395963e-09,6.115045720749342037e-07,4.399659474639323767e-05,5.554357434294419601e-05,6.992443486993498737e-05,8.778767685315486851e-05,1.099197165705034573e-04,1.372720500654357344e-04,1.709933444770056303e-04,2.124672819372291617e-04,2.633571029552930331e-04,3.256579363410172837e-04,4.017581670841532059e-04,4.945112726593282708e-04,6.073197690133861097e-04,7.442331404242958498e-04,9.100618909708699852e-04,1.110510156495372533e-03,1.352329650701513059e-03,1.643498097597161436e-03,1.993425729726410432e-03,2.413193905860869497e-03,2.915830439632693429e-03,3.516626829890351011e-03,4.233503249738647736e-03,5.087427906497275949e-03,6.102898210890285099e-03,7.308492135405728930e-03,8.737499165105732171e-03,1.042864141023187689e-02,1.242689671612577131e-02,1.478443704059957502e-02,1.756169693236578344e-02,2.082858869282816494e-02,2.466588273851587354e-02,2.916677380466479313e-02,3.443865599718453491e-02,4.060513229026677801e-02,4.780828693865565165e-02,5.621125242324485904e-02,6.600110602313383201e-02,7.739213492135252337e-02,9.062951293539155129e-02,1.059934365742792595e-01,1.238037731444531081e-01,1.444252791603885255e-01,1.682734533579672009e-01,1.958210951906910469e-01,2.276056469379552638e-01,2.642374053954576474e-01,3.101124623692568805e-01,3.693853595447723626e-01,4.393979289833472301e-01,5.219908440226075363e-01,5.950317593124250237e-01,6.752102401134220111e-01,7.654704855303184896e-01,8.669904166335474782e-01,9.826653898118888897e-01,1.131145499838022817e+00,1.300733244187393334e+00,1.494242566944532058e+00,1.714837864105072107e+00,1.966074564299169047e+00,2.251944051821064274e+00,2.528497173694274736e+00,2.821117922335918404e+00,3.148380695524878536e+00,3.512390613318352450e+00,3.919336505288240513e+00
5.747694424835352756e+00,6.881253818434037170e-13,9.644049501454089411e-13,1.098629909661900389e-12,1.021556431467887068e-12,8.881545153010349844e-13,1.278821212437908029e-12,1.114819064933474237e-12,1.208855042022999884e-12,2.599299259701509875e-12,3.144115191119494958e-12,2.751751956944030364e-12,4.171736351626009354e-12,3.074547251796974441e-12,5.462758228661366978e-12,6.298751930526616114e-12,6.446946060188551476e-12,7.957953638200572817e-12,1.125789292458471442e-11,1.318465753305356400e-11,1.563005821422929006e-11,2.012684265832146343e-11,2.502224936170420092e-11,3.297767101719375536e-11,4.486635519855130820e-11,6.338685004829666335e-11,9.547898335221888520e-11,1.496657505618640863e-10,2.502129599394170954e-10,4.865047410184771375e-10,1.225465869294128231e-09,5.905581244193788266e-09,5.603056798498103831e-07,4.031293150729483177e-05,5.089312754917260130e-05,6.406993472668865515e-05,8.043755714653084467e-05,1.007165675196084994e-04,1.257787968376237174e-04,1.566767388212446778e-04,1.946782252955787647e-04,2.413072401305934819e-04,2.983918677842365688e-04,3.681205230886080114e-04,4.531077729813386156e-04,5.564712540228995089e-04,6.819214029704674792e-04,8.338659591630204248e-04,1.017531473401659357e-03,1.239104364741391590e-03,1.505894413481514461e-03,1.826523970106296762e-03,2.211146594447871774e-03,2.671699332126933196e-03,3.222193384448390156e-03,3.879048538332958030e-03,4.661477414902385694e-03,5.591926352249817524e-03,6.696580600714947124e-03,8.005942446644207997e-03,9.555491949050911801e-03,1.138644113375327817e-02,1.354659380406850189e-02,1.609132455971196141e-02,1.908469221783195766e-02,2.260070460308229862e-02,2.672475361908782307e-02,3.155524168223498849e-02,3.720542297188492165e-02,4.380548558242951945e-02,5.150490354854785069e-02,6.047509089858409820e-02,7.091239338570787254e-02,8.304145738014057088e-02,9.711901963030909746e-02,1.134381662009455866e-01,1.323331139665524236e-01,1.541845735747949253e-01,1.794257588254130897e-01,2.085491140524121656e-01,2.421138382816690748e-01,2.841479557023047220e-01,3.384581644320694416e-01,4.026088545637952487e-01,4.782865870373629869e-01,5.452120714363556386e-01,6.186775208312661478e-01,7.013806280216530187e-01,7.944006913420140759e-01,9.003906502860280492e-01,1.036439099948597287e+00,1.191827924057382360e+00,1.369135466136444101e+00,1.571261179649606987e+00,1.801462811058221147e+00,2.063397561620715415e+00,2.316795969485387907e+00,2.584916724412017253e+00,2.884779062315689924e+00,3.218311849763684673e+00,3.591185749771638402e+00
6.272899858196247180e+00,6.305113281286011090e-13,8.836590859954019567e-13,1.006645913288469348e-12,9.360254967454607359e-13,8.137928025932147642e-13,1.171750501243311446e-12,1.021479613746103552e-12,1.107642325326011795e-12,2.381670073043533605e-12,2.880870691953631310e-12,2.521358500692673305e-12,3.822453141634966758e-12,2.817127404792928672e-12,5.005382793426078436e-12,5.771382004003310549e-12,5.907168417321913322e-12,7.291665225552638074e-12,1.031531346917360107e-11,1.208075759364762099e-11,1.432141441575794352e-11,1.844170064115081942e-11,2.292723403916450565e-11,3.021657927504077465e-11,4.110987030989332587e-11,5.807971637781424612e-11,8.748490055766601716e-11,1.371348211416501369e-10,2.292636049316550019e-10,4.457715969997853079e-10,1.122862392831700093e-09,5.411129965404101982e-09,5.133934711341576952e-07,3.693768702054082834e-05,4.663204452317312921e-05,5.870560904092668767e-05,7.370283428873867289e-05,9.228396223552412677e-05,1.152478288652270807e-04,1.435588067052607619e-04,1.783785769680674581e-04,2.211035262995309208e-04,2.734086807776373289e-04,3.372992277980140104e-04,4.151708268085229844e-04,5.098800868229153840e-04,6.248267842038037661e-04,7.640496154707357261e-04,9.323375327159972789e-04,1.135358990261507934e-03,1.379811749018936603e-03,1.673596243703920610e-03,2.026015916194801383e-03,2.448008369851118263e-03,2.952411702752861383e-03,3.554270937118561135e-03,4.271190096255502062e-03,5.123736173935689031e-03,6.135902031641475400e-03,7.335636118278681533e-03,8.755447885933841448e-03,1.043309883827929843e-02,1.241239035267215768e-02,1.474406072962039169e-02,1.748680539141800674e-02,2.070843577627902790e-02,2.448719425686772186e-02,2.891324439913289107e-02,3.409035805182368539e-02,4.013782316807688877e-02,4.719259890477429248e-02,5.541174746238529403e-02,6.497517533014843250e-02,7.608872011409437142e-02,8.898762299628268369e-02,1.039404310886295341e-01,1.212533785905783451e-01,1.412753007324893950e-01,1.644031400126993170e-01,1.910881103222452915e-01,2.218425911341085077e-01,2.603573558861371207e-01,3.101203827133298119e-01,3.688999858242719698e-01,4.382415169909406050e-01,4.995635916701473001e-01,5.668780655898010279e-01,6.426567642555618409e-01,7.278886205629264694e-01,8.250044537313856452e-01,9.496620974543787952e-01,1.092040821521655936e+00,1.254503094812612574e+00,1.439705610863862617e+00,1.650633357734630602e+00,1.890637333489409100e+00,2.122819681218571564e+00,2.368491731324846139e+00,2.643247765495400525e+00,2.948855153824707642e+00,3.290509776836430866e+00
6.846096838574657895e+00,5.777210743680452208e-13,8.096737580458247302e-13,9.223633780844610323e-13,8.576557335150293947e-13,7.456571059913491659e-13,1.073644402993992922e-12,9.359551106718417751e-13,1.014903754548159087e-12,2.182262129171912125e-12,2.639666627736467624e-12,2.310254989724901204e-12,3.502414052196773333e-12,2.581260317335140916e-12,4.586301619075173950e-12,5.288166704058219360e-12,5.412584250718072314e-12,6.681162542378905960e-12,9.451652514383768798e-12,1.106928288964620120e-11,1.312233825726624026e-11,1.689764899102092641e-11,2.100762617653101199e-11,2.768666297291843269e-11,3.766790124620639400e-11,5.321692830543156410e-11,8.016013112907582412e-11,1.256530575562707685e-10,2.100682576913063742e-10,4.084488802220985586e-10,1.028849505177950731e-09,4.958077163239750548e-09,4.704090386408894199e-07,3.384503858719718403e-05,4.272772535565177640e-05,5.379041741758697095e-05,6.753198350240493804e-05,8.455738609469192694e-05,1.055985777578662490e-04,1.315391878698200041e-04,1.634436346070152802e-04,2.025913906090437118e-04,2.505172385549745079e-04,3.090584793224133791e-04,3.804101931395725031e-04,4.671898162916523979e-04,5.725124751295928519e-04,7.000787218690771290e-04,8.542765483263096548e-04,1.040299811256545186e-03,1.264285494179548169e-03,1.533472559233301511e-03,1.856385507402155558e-03,2.243046179186010056e-03,2.705217788796459352e-03,3.256685697435147010e-03,3.913580012214455846e-03,4.694745732753582805e-03,5.622166891843643696e-03,6.721451923795747178e-03,8.022388391098726410e-03,9.559576174037192828e-03,1.137314933151957475e-02,1.350959804409199855e-02,1.602270339532170865e-02,1.897459923624628814e-02,2.243697701090507229e-02,2.649245124161506496e-02,3.123610536506320201e-02,3.677723981943493980e-02,4.324134670570987243e-02,5.077233801904135896e-02,5.953505738017317306e-02,6.971810841539435866e-02,8.153703648031086770e-02,9.523790428481108961e-02,1.111013062334964274e-01,1.294468709437611442e-01,1.506383064671037442e-01,1.750890483157353517e-01,2.032685764282534946e-01,2.385586501809587867e-01,2.841552129068672383e-01,3.380134291596521012e-01,4.015492644361315921e-01,4.577370810314315142e-01,5.194155766562559284e-01,5.888496205097334402e-01,6.669453459940348772e-01,7.559300493184872849e-01,8.701505948455421358e-01,1.000608503792931758e+00,1.149468444737217210e+00,1.319164676629454025e+00,1.512432266123669544e+00,1.732341645289292131e+00,1.945084270830237161e+00,2.170187158594132804e+00,2.421938941898715392e+00,2.701959015835291300e+00,3.015008230121388522e+00
7.471670675868078426e+00,5.293507426101207674e-13,7.418829329747419977e-13,8.451374907510128046e-13,7.858475648246494804e-13,6.832261454557497229e-13,9.837523456206902241e-13,8.575912405927652939e-13,9.299298225108737448e-13,1.999549834512649137e-12,2.418657638833643314e-12,2.116826352175834272e-12,3.209170587184368479e-12,2.365141460948183113e-12,4.202308476537940019e-12,4.845409136063475211e-12,4.959409686917821955e-12,6.121774867181156102e-12,8.660302522034150384e-12,1.014249501665715813e-11,1.202365606770271829e-11,1.548287476191959645e-11,1.924873959148337184e-11,2.536856669309197411e-11,3.451411482445123533e-11,4.876128250769572838e-11,7.344863606943393164e-11,1.151326172433691629e-10,1.924800619907209084e-10,3.742510489172475120e-10,9.427079498454374898e-10,4.542956704756158632e-09,4.310235249899012295e-07,3.101132554217235975e-05,3.915029960054125789e-05,4.928675561377959672e-05,6.187779397875771740e-05,7.747772603130026925e-05,9.675722080217561099e-05,1.205259248286698386e-04,1.497591367058259812e-04,1.856292038205869079e-04,2.295424074857800958e-04,2.831822185441867489e-04,3.485599317199329444e-04,4.280738355691720729e-04,5.245782390661755381e-04,6.414638616261597375e-04,7.827513056289422261e-04,9.531995664658755689e-04,1.158431801968144801e-03,1.405080884214476768e-03,1.700957590977488420e-03,2.055244673149114049e-03,2.478720456905529265e-03,2.984016108934258674e-03,3.585911225405755912e-03,4.301672987639003007e-03,5.151444791123374958e-03,6.158690975868444731e-03,7.350705107962757570e-03,8.759190154695353780e-03,1.042091990679279781e-02,1.237849210335105130e-02,1.468118494762042821e-02,1.738593006568701221e-02,2.055841645666257878e-02,2.427434165120535836e-02,2.862082812078691960e-02,3.369802500430508357e-02,3.962091743869278898e-02,4.652136822917704584e-02,5.455041928322280909e-02,6.388088318126827758e-02,7.471025850717763483e-02,8.726400610007735426e-02,1.017992272897232792e-01,1.186087894363068024e-01,1.380259487350681546e-01,1.604295253556710099e-01,1.862496915129839004e-01,2.185850650636111947e-01,2.603640054732733744e-01,3.097128833902758061e-01,3.679291110443366208e-01,4.194125409553857708e-01,4.759269367609921253e-01,5.395475389979235148e-01,6.111046140535841831e-01,6.926389753147969008e-01,7.972962801607698102e-01,9.168314573329113815e-01,1.053227936152647315e+00,1.208716164565565077e+00,1.385802212764761121e+00,1.587299437520825141e+00,1.782229952974348164e+00,1.988485854114609097e+00,2.219159442734304211e+00,2.475734528291311687e+00,2.762573353129282872e+00
8.154407395185161889e+00,4.850302700284966534e-13,6.797679692220620187e-13,7.743774256912369383e-13,7.200516139615005800e-13,6.260222856908399810e-13,9.013865995253781790e-13,7.857884716431674402e-13,8.520704263037290027e-13,1.832135327490071364e-12,2.216152870373887862e-12,1.939592739847140925e-12,2.940479253499367365e-12,2.167117393286070492e-12,3.850465581795649534e-12,4.439721931956120319e-12,4.544177661425090501e-12,5.609222539750851802e-12,7.935209177338339425e-12,9.293303476699134779e-12,1.101696225170483583e-11,1.418655405971972549e-11,1.763711771845334304e-11,2.324455557144443112e-11,3.162438263627376301e-11,4.467869055028939330e-11,6.729906830832734168e-11,1.054930123556442067e-10,1.763644573012755480e-10,3.429164686153595036e-10,8.637786908864552847e-10,4.162592662798165540e-09,3.949356067465905730e-07,2.841486823555821982e-05,3.587239774769330683e-05,4.516016784317057674e-05,5.669700768586534759e-05,7.099081828592675300e-05,8.865611617258332576e-05,1.104347593371381099e-04,1.372203884280950447e-04,1.700871947592365698e-04,2.103237171952358970e-04,2.594724761327455473e-04,3.193763684350805804e-04,3.922328833137640465e-04,4.806573495878492313e-04,5.877565949637527862e-04,7.172145924691585668e-04,8.733918853770401836e-04,1.061440826450376750e-03,1.287438943264829433e-03,1.558543047641431506e-03,1.883167054563578743e-03,2.271186863005000486e-03,2.734176081343038696e-03,3.285676867818788580e-03,3.941510690021926382e-03,4.720134415520686397e-03,5.643047806674458995e-03,6.735259245760545112e-03,8.025817334296131769e-03,9.548416936971743790e-03,1.134208925037065614e-02,1.345198660602860141e-02,1.593027396708049034e-02,1.883714044900764578e-02,2.224194572353663940e-02,2.622451783748392176e-02,3.087662083304808930e-02,3.630361259022538145e-02,4.262631555598286187e-02,4.998312548811640471e-02,5.853238604387861477e-02,6.845506002118594002e-02,7.995773130267007367e-02,9.327597512674722091e-02,1.086781382120707434e-01,1.264695745127487614e-01,1.469973870634878887e-01,1.706557314377887269e-01,2.002837903074150827e-01,2.385647430241053246e-01,2.837818319124008060e-01,3.371238419374749662e-01,3.842967651086456327e-01,4.360794310267693263e-01,4.943733284343753143e-01,5.599392087532761852e-01,6.346470160270142324e-01,7.305417730261261067e-01,8.400687361429235445e-01,9.650452698994813616e-01,1.107515075536300797e+00,1.269774399765863704e+00,1.454401047971793703e+00,1.633010791827111952e+00,1.821997691008084175e+00,2.033357879953843650e+00,2.268450934544980147e+00,2.531273863591643192e+00
8.899530352885230755e+00,4.444205777136063561e-13,6.228536490622009475e-13,7.095418248305518366e-13,6.597645013817049262e-13,5.736078819409962149e-13,8.259170160263107056e-13,7.199974684215703355e-13,7.807298935968139515e-13,1.678737784024915604e-12,2.030603036167959301e-12,1.777198206456967329e-12,2.694284396968223336e-12,1.985673108280056658e-12,3.528081120024615538e-12,4.068001334786348776e-12,4.163711393528391158e-12,5.139584219132951917e-12,7.270825069667964704e-12,8.515211431525378283e-12,1.009455498161794178e-11,1.299876923272340629e-11,1.616043065761112187e-11,2.129837961484430069e-11,2.897659645082190523e-11,4.093791809051518503e-11,6.166437986523412409e-11,9.666049397925104647e-11,1.615981493224629983e-10,3.142054104800387263e-10,7.914578708621776917e-10,3.814075018201423837e-09,3.618691891120143038e-07,2.603580216995705020e-05,3.286894182927072581e-05,4.137908316799719281e-05,5.194998841805204334e-05,6.504703401942231857e-05,8.123328542968916112e-05,1.011884877646718271e-04,1.257314606276357450e-04,1.558464574842834051e-04,1.927141328669821176e-04,2.377478579572357318e-04,2.926362310534824261e-04,3.593927541683843629e-04,4.404137848418666402e-04,5.385460282168087623e-04,6.571650126311604683e-04,8.002661900809513026e-04,9.725705269326165390e-04,1.179646703087488310e-03,1.428052318432898940e-03,1.725496823674953955e-03,2.081029247294057492e-03,2.505254184588946286e-03,3.010579961721703349e-03,3.611503376523250795e-03,4.324935975044058752e-03,5.170577428415793278e-03,6.171342264630097149e-03,7.353846959123197351e-03,8.748965237015104632e-03,1.039246036506723779e-02,1.232570424624361040e-02,1.459649427482120898e-02,1.725998016645119773e-02,2.037971437813165115e-02,2.402884126574334964e-02,2.829144182622044326e-02,3.326405273528805495e-02,3.905738044777985751e-02,4.579823338459944326e-02,5.363169770630612371e-02,6.272358490171683898e-02,7.326318239089324447e-02,8.546634161656234407e-02,9.957894167349591596e-02,1.158807704204679323e-01,1.346898693092034860e-01,1.563673928047092376e-01,1.835148098898294333e-01,2.185906477767703693e-01,2.600218862128438890e-01,3.088977778357639425e-01,3.521210961802859751e-01,3.995682014950350247e-01,4.529813782881944584e-01,5.130576832328634929e-01,5.815104972528228888e-01,6.693763603519390371e-01,7.697330581323149623e-01,8.842457942744740285e-01,1.014787158886914842e+00,1.163461142902974199e+00,1.332629722118010562e+00,1.496285168910632679e+00,1.669448932296732524e+00,1.863112757178039036e+00,2.078522387450621345e+00,2.319340177970040884e+00
9.712740198471170316e+00,4.072109765101701704e-13,5.707045428958239153e-13,6.501346558940201571e-13,6.045249935468147631e-13,5.255819317386487399e-13,7.567662063325360519e-13,6.597148892366010900e-13,7.153624253805707139e-13,1.538183618441338528e-12,1.860588565715181399e-12,1.628400333815839335e-12,2.468702475321847159e-12,1.819420445409206765e-12,3.232688651555059626e-12,3.727403453065419898e-12,3.815100081971987732e-12,4.709266882952692931e-12,6.662067251445075375e-12,7.802265997810148529e-12,9.249377273770632255e-12,1.191043299551877840e-11,1.480738084353838206e-11,1.951514937869070838e-11,2.655049907316446308e-11,3.751034591533872439e-11,5.650146190349836586e-11,8.856748790919265029e-11,1.480681667045629517e-10,2.878982172351336442e-10,7.251921909613690467e-10,3.494737396353679777e-09,3.315712936276472605e-07,2.385592602484308081e-05,3.011695355784946965e-05,3.791457396195136814e-05,4.760041855451495893e-05,5.960089962172845587e-05,7.443193934703433976e-05,9.271637043951822378e-05,1.152044559314339408e-04,1.427980415855591037e-04,1.765789303362220574e-04,2.178421573097270316e-04,2.681349410565244317e-04,3.293022009208075107e-04,4.035396567743262898e-04,4.934556702438809691e-04,6.021431498482573627e-04,7.332630239748698896e-04,8.911409908936724624e-04,1.080879486662330094e-03,1.308487068912042410e-03,1.581027706117314833e-03,1.906792786905854749e-03,2.295499025182563390e-03,2.758515846367192489e-03,3.309126287963025728e-03,3.962825958244859011e-03,4.737665151732638018e-03,5.654639852383162683e-03,6.738138041980276313e-03,8.016448509083919788e-03,9.522340201648825039e-03,1.129372111460343227e-02,1.337438675286856636e-02,1.581486936155336934e-02,1.867340039836158996e-02,2.201700012760604563e-02,2.592270977236341492e-02,3.047898336910815839e-02,3.578725835309747721e-02,4.196372597085627765e-02,4.914132488472874871e-02,5.747198383443506697e-02,6.712914194280107660e-02,7.831057825333147260e-02,9.124158536341349379e-02,1.061785255859112043e-01,1.234128120025364816e-01,1.432753610238726716e-01,1.681498307836518102e-01,2.002889056017806424e-01,2.382512680746798062e-01,2.830349719660876229e-01,3.226393704879428337e-01,3.661139147747977662e-01,4.150550146499462079e-01,4.701013649505985104e-01,5.328228919000095321e-01,6.133320890631466238e-01,7.052863120487843362e-01,8.102113435295497101e-01,9.298229889494837863e-01,1.066049080289141138e+00,1.221053834325047438e+00,1.371007049008498679e+00,1.529672486030793088e+00,1.707121594373907758e+00,1.904495816657376661e+00,2.125150873052242151e+00
1.060025848806882465e+01,3.731167900538228959e-13,5.229216779452550430e-13,5.957014174539695260e-13,5.539104742031975562e-13,4.815770069884505903e-13,6.934051241640653123e-13,6.044795352330739696e-13,6.554679202672467925e-13,1.409397504813754960e-12,1.704808743614887403e-12,1.492060726562376984e-12,2.262007647937283605e-12,1.667087469417527556e-12,2.962028242088705934e-12,3.415322503244383572e-12,3.495676635533700385e-12,4.314978338581687393e-12,6.104278350462881641e-12,7.149012703925241398e-12,8.474962998203672068e-12,1.091321890565028618e-11,1.356761661189534386e-11,1.788122205349264734e-11,2.432752936427465449e-11,3.436975098678402389e-11,5.177081492118164748e-11,8.115207766503660665e-11,1.356709967482447457e-10,2.637936226513000534e-10,6.644746779237349360e-10,3.202136667786933404e-09,3.038101227343794557e-07,2.185856240525136732e-05,2.759537852836882878e-05,3.474013459602367393e-05,4.361502120715913161e-05,5.461074881075565784e-05,6.820004343854585546e-05,8.495359044667154756e-05,1.055588362706135706e-04,1.308421186457026564e-04,1.617946653668931635e-04,1.996030833215402256e-04,2.456850484868566093e-04,3.017310123077246247e-04,3.697528555969501612e-04,4.521405520380322751e-04,5.517280529854987200e-04,6.718697715748576764e-04,8.165292322352852303e-04,9.903816639589037296e-04,1.198932551286969409e-03,1.448654424171491508e-03,1.747144465616650008e-03,2.103305846978824074e-03,2.527556076041642414e-03,3.032066053397875025e-03,3.631034000492759910e-03,4.340998931103692837e-03,5.181198917360064354e-03,6.173980030473075371e-03,7.345262549096445368e-03,8.725071805010508816e-03,1.034814190461457936e-02,1.225460152605699522e-02,1.449075204669972826e-02,1.710994943146490130e-02,2.017360259939311035e-02,2.375230241250517529e-02,2.792709699587742414e-02,3.279093082403956166e-02,3.845026690372893574e-02,4.502691346171044245e-02,5.266007883703018727e-02,6.150868077137854051e-02,7.175393904052090877e-02,8.360228337157424305e-02,9.728861186106421699e-02,1.130799387102284365e-01,1.312794739895593865e-01,1.540713014363518929e-01,1.835194969005534693e-01,2.183034188619353000e-01,2.593375579361938410e-01,2.956260346740450795e-01,3.354606249701614362e-01,3.803040774812281866e-01,4.307416116174051512e-01,4.882117098038524783e-01,5.619801859700881419e-01,6.462354405959115367e-01,7.423755085231369399e-01,8.519725374996561795e-01,9.767929496551285284e-01,1.118819760338399361e+00,1.256217977352187765e+00,1.401598976316411171e+00,1.564190963080408281e+00,1.745039811726162959e+00,1.947220281066092795e+00
1.156887528316282676e+01,3.418771768216115391e-13,4.791394858670260416e-13,5.458256617141713781e-13,5.075337111074319287e-13,4.412564429160728438e-13,6.353490182220246634e-13,5.538688219367249889e-13,6.005881484072966591e-13,1.291394150061281629e-12,1.562071758292574122e-12,1.367136302737716052e-12,2.072618572094110159e-12,1.527508739225951626e-12,2.714029172809647777e-12,3.129370873865197989e-12,3.202997268134560481e-12,3.953702035836863684e-12,5.593190938120185991e-12,6.550453759872968860e-12,7.765387408793736905e-12,9.999497661206174630e-12,1.243165300281360029e-11,1.638409708897465741e-11,2.229068023688595433e-11,3.149210581954386741e-11,4.743624655554790640e-11,7.435753079170932238e-11,1.243117934686700429e-10,2.417072117353995572e-10,6.088408053822680854e-10,2.934034256732432684e-09,2.783732863784395829e-07,2.002843024943574794e-05,2.528492513896666563e-05,3.183147865411822033e-05,3.996330563191042879e-05,5.003840385966580676e-05,6.248991986267342228e-05,7.784075773855657940e-05,9.672080671461154365e-05,1.198872184912892557e-04,1.482482292272391808e-04,1.828910958443155513e-04,2.251147978407805296e-04,2.764682517568065197e-04,3.387948914734698687e-04,4.142845875014883284e-04,5.055340155042541053e-04,6.156167366916378506e-04,7.481644250548172455e-04,9.074608709013546291e-04,1.098550606029800999e-03,1.327364240709844132e-03,1.600862875450768507e-03,1.927204253804234210e-03,2.315933666267811376e-03,2.778202991408616242e-03,3.327021688980217381e-03,3.977544025658242416e-03,4.747397344844038296e-03,5.657056768382530930e-03,6.730272371115661456e-03,7.994555580928279850e-03,9.481732352995191765e-03,1.122857154779291662e-02,1.327749790898731866e-02,1.567740011470927092e-02,1.848454555477588995e-02,2.176361479371925756e-02,2.558887011328709465e-02,3.004547410975065558e-02,3.523097605762545020e-02,4.125698565604623419e-02,4.825105587290876019e-02,5.635879888735976367e-02,6.574626165031237368e-02,7.660259033315329480e-02,8.914301593116798206e-02,1.036121965881971058e-01,1.202879557784105879e-01,1.411715124283022538e-01,1.681541253692528104e-01,2.000257252434505251e-01,2.376242359349400313e-01,2.708744200837254201e-01,3.073738155366003699e-01,3.484627007116845587e-01,3.946772968809763027e-01,4.473356479479685399e-01,5.149277773895489796e-01,5.921286682411972535e-01,6.802193033414201118e-01,7.806402006404234983e-01,8.950098866340963077e-01,1.025145346532241986e+00,1.151039746851834078e+00,1.284248561931489396e+00,1.433227355945754233e+00,1.598934436019879612e+00,1.784187123406134390e+00
1.262600109874856535e+01,3.132531345337080049e-13,4.390230059289153353e-13,5.001258084277330126e-13,4.650398934611719408e-13,4.043117623753473334e-13,5.821537235426882298e-13,5.074955462227377569e-13,5.503032457488357467e-13,1.183270755848881923e-12,1.431285583907387720e-12,1.252671313566146653e-12,1.899086304728768635e-12,1.399616391590354999e-12,2.486794098110165024e-12,2.867360858862673695e-12,2.934822802370318165e-12,3.622673988513844572e-12,5.124894880964519874e-12,6.002009821114820398e-12,7.115221815296842533e-12,9.162278731960400205e-12,1.139079919511190687e-11,1.501232055716880148e-11,2.042436854080075852e-11,2.885539465591999286e-11,4.346459468919966165e-11,6.813186482127643477e-11,1.139036519652989885e-10,2.214700098422313035e-10,5.578649399504646590e-10,2.688379014637436844e-09,2.550661770966847041e-07,1.835152791933573308e-05,2.316791699834455073e-05,2.916635312701288917e-05,3.661733395574586132e-05,4.584888351375036587e-05,5.725788265753936130e-05,7.132345476458966849e-05,8.862275089451279416e-05,1.098495293896724914e-04,1.358359833383551902e-04,1.675783378819426265e-04,2.062668140328715802e-04,2.533206435920214400e-04,3.104289169131895431e-04,3.795981551923291279e-04,4.632076245696583466e-04,5.640735489654875477e-04,6.855235364755584782e-04,8.314827123568555023e-04,1.006573249440107431e-03,1.216229211133550408e-03,1.466828872157393280e-03,1.765846960020612437e-03,2.122029575285395379e-03,2.545594893232016112e-03,3.048463142301233685e-03,3.644519781539580158e-03,4.349916285652998330e-03,5.183413474411653621e-03,6.166772921544491810e-03,7.325202630406838118e-03,8.687863893105765220e-03,1.028844705687235843e-02,1.216582480709226498e-02,1.436479256360042450e-02,1.693690666717426185e-02,1.994143223100867598e-02,2.344641384571182277e-02,2.752988377560452310e-02,3.228122387500522578e-02,3.780269919835062969e-02,4.421118320114277023e-02,5.164009652282901264e-02,6.024158365090299949e-02,7.018895428571615691e-02,8.167941897097537318e-02,9.493715157859515530e-02,1.102167145070949150e-01,1.293517724293858084e-01,1.540752364530545981e-01,1.832783516069101393e-01,2.177288856770852876e-01,2.481951616223346535e-01,2.816386050849685185e-01,3.192872781998364329e-01,3.616325065237324665e-01,4.098819792860481925e-01,4.718148834191349117e-01,5.425520448550157360e-01,6.232671947364846199e-01,7.152802420655096638e-01,8.200742004286559750e-01,9.393139259525120632e-01,1.054667679271153125e+00,1.176723439936909532e+00,1.313228820722744050e+00,1.465061893436846896e+00,1.634804096013936281e+00
1.377972359833557547e+01,2.870256716387810322e-13,4.022653223540654453e-13,4.582522255732180530e-13,4.261039173900330943e-13,3.704603158081274571e-13,5.334122633619715136e-13,4.650049239733847012e-13,5.042285018190750849e-13,1.084200111624125419e-12,1.311449625681930662e-12,1.147790031388393332e-12,1.740083217127811005e-12,1.282431971290108835e-12,2.278584529728369518e-12,2.627287920265807277e-12,2.689101538425326724e-12,3.319361628190312266e-12,4.695807425763223243e-12,5.499484953765609218e-12,6.519492050524793282e-12,8.395156877511368564e-12,1.043709201616198942e-11,1.375539752281197755e-11,1.871431584219472798e-11,2.643944503171860968e-11,3.982547373945747251e-11,6.242744957505030603e-11,1.043669435458814148e-10,2.029271899144352070e-10,5.111570848647973932e-10,2.463291527615606464e-09,2.337104811496603894e-07,1.681502607942261205e-05,2.122815769048854313e-05,2.672436816313456486e-05,3.355150743475974302e-05,4.201013536228910555e-05,5.246390351642688654e-05,6.535182014340446151e-05,8.120271369618724494e-05,1.006522568376150707e-04,1.244629663752343533e-04,1.535476574058012363e-04,1.889968983796578607e-04,2.321110943556870692e-04,2.844379147418227760e-04,3.478158825420989879e-04,4.244250572247793073e-04,5.168458712679474803e-04,6.281273251231159552e-04,7.618659086221558387e-04,9.222967980966470048e-04,1.114399084024961109e-03,1.344017013067836828e-03,1.617999482960246187e-03,1.944360317384493265e-03,2.332462163667664047e-03,2.793227216026233917e-03,3.339378358190563199e-03,3.985714764899415952e-03,4.749426485673101730e-03,5.650453082568245369e-03,6.711891991160407432e-03,7.960462942332236294e-03,9.427035521973561871e-03,1.114722775717237255e-02,1.316208452201620728e-02,1.551884554600021365e-02,1.827181390559587393e-02,2.148333708329450142e-02,2.522491400634392297e-02,2.957844293509599015e-02,3.463762666993467493e-02,4.050955330787823355e-02,4.731647269873219541e-02,5.519779086559670894e-02,6.431230696372659816e-02,7.484071986735975346e-02,8.698843424465980967e-02,1.009886989776141442e-01,1.185216531495428549e-01,1.411751179814076662e-01,1.679331702302929719e-01,1.994992954808056662e-01,2.274147489958499302e-01,2.580581034065403401e-01,2.925545999960774690e-01,3.313544275491387969e-01,3.755641601873624946e-01,4.323116638693299540e-01,4.971262787371973912e-01,5.710834640041194676e-01,6.553926178405433678e-01,7.514125868909466988e-01,8.606688353733570329e-01,9.663644689433842361e-01,1.078200976931148025e+00,1.203277294717029822e+00,1.342397976582244468e+00,1.497928326733912074e+00
1.503886946955410053e+01,2.629941318937651611e-13,3.685852162262789326e-13,4.198845544543646959e-13,3.904278986987420369e-13,3.394431188011010196e-13,4.887517354925539292e-13,4.260718757610358933e-13,4.620114164522841885e-13,9.934242659470329240e-13,1.201647064736008494e-12,1.051690049805713493e-12,1.594392837750637399e-12,1.175058945343069322e-12,2.087807536242372811e-12,2.407315352247828607e-12,2.463953557305438488e-12,3.041444428517925377e-12,4.302645789234811850e-12,5.039034533115227837e-12,5.973640414902898909e-12,7.692263143248266671e-12,9.563235018713905061e-12,1.260371175062794885e-11,1.714743918480476185e-11,2.422577344447631208e-11,3.649104218993977975e-11,5.720064276339055291e-11,9.562870651792284218e-11,1.859368879601544448e-10,4.683598962692979705e-10,2.257049737773359097e-09,2.141428143116813115e-07,1.540716954438184680e-05,1.945080686211228511e-05,2.448684107363770330e-05,3.074237060800810007e-05,3.849279061786889942e-05,4.807130554658263797e-05,5.988016719257776470e-05,7.440392726551243313e-05,9.222503603604592474e-05,1.140421677541507162e-04,1.406917110695954560e-04,1.731729253908884580e-04,2.126773379344577169e-04,2.606230377864613259e-04,3.186946155922305195e-04,3.888896029455746629e-04,4.735723827799413819e-04,5.755366746337638650e-04,6.980778482758762636e-04,8.450764852458372703e-04,1.021094796200635755e-03,1.231487711827615591e-03,1.482530698373241964e-03,1.781566613326337470e-03,2.137174206078745579e-03,2.559361198134735629e-03,3.059785235804295556e-03,3.652006416659686096e-03,4.351775534436505902e-03,5.177362689448373849e-03,6.149931459097561157e-03,7.293964435438626999e-03,8.637746614362921613e-03,1.021391386450300025e-02,1.206007453276285168e-02,1.421951315037808979e-02,1.674198620907378990e-02,1.968462107986155771e-02,2.311293036374156493e-02,2.710195529922697008e-02,3.173755331677789032e-02,3.711784644482013507e-02,4.335484903015472680e-02,5.057629517341682979e-02,5.892768839609729276e-02,6.857459836063439784e-02,7.970523200364887373e-02,9.253330918818712669e-02,1.085982975066624862e-01,1.293550761035957009e-01,1.538727810258921913e-01,1.827959977545897396e-01,2.083741992502704532e-01,2.364519051416608952e-01,2.680601446490978312e-01,3.036114140065891975e-01,3.441196382015225819e-01,3.961158947829175880e-01,4.555038348019399552e-01,5.232688734673961450e-01,6.005191507590121880e-01,6.884997423928410631e-01,7.886083914190582522e-01,8.854545419288757380e-01,9.879274153981422169e-01,1.102531581042126341e+00,1.230004230950795030e+00,1.372512631637504033e+00
1.641307195375129169e+01,2.409746592200287885e-13,3.377250139921233739e-13,3.847292587587687645e-13,3.577388938735925833e-13,3.110228706955352243e-13,4.478304593924970952e-13,3.903985397903402270e-13,4.233290029464393572e-13,9.102487276947823301e-13,1.101037843857581027e-12,9.636361447767913678e-13,1.460900545473056471e-12,1.076675843976142452e-12,1.913003556163912087e-12,2.205760229195503902e-12,2.257656338299964231e-12,2.786796151766675630e-12,3.942402042735200862e-12,4.617135829881936235e-12,5.473490807261405404e-12,7.048219959233937542e-12,8.762542658581127908e-12,1.154845213520539629e-11,1.571175099725658698e-11,2.219744394328327832e-11,3.343578958581660123e-11,5.241145609531152765e-11,8.762208798680390403e-11,1.703691177061320127e-10,4.291459493149921028e-10,2.068075768406468534e-09,1.962134718808859683e-07,1.411718734470607391e-05,1.782226668481504589e-05,2.243665339832906424e-05,2.816843184878760074e-05,3.526993942707350979e-05,4.404648266839999716e-05,5.486663439737324266e-05,6.817437669932937822e-05,8.450339355601380119e-05,1.044938619481088256e-04,1.289121429666479214e-04,1.586738319281644769e-04,1.948706941236274821e-04,2.388020875722439798e-04,2.920115587165177194e-04,3.563293936226559640e-04,4.339220146649926872e-04,5.273492341438351617e-04,6.396305133731320638e-04,7.743215279390159786e-04,9.356025123982101297e-04,1.128380049982202413e-03,1.358404186630418923e-03,1.632402991020016512e-03,1.958236947323578007e-03,2.345075869565831951e-03,2.803601354809907333e-03,3.346238166558839280e-03,3.987418346035561702e-03,4.743882309329544231e-03,5.635021690070273967e-03,6.683269248390791804e-03,7.914541787821570765e-03,9.358742703033244223e-03,1.105033154076078689e-02,1.302896878730057904e-02,1.534024501743501238e-02,1.803650455026555022e-02,2.117777487228763092e-02,2.483281431186373789e-02,2.908029179174760614e-02,3.401011396571748668e-02,3.972491665630584895e-02,4.634173928621652255e-02,5.399390293472259433e-02,6.283311476234490489e-02,7.303182387313165991e-02,8.478585619975795296e-02,9.950578571887784551e-02,1.185246802199993871e-01,1.409896133573447230e-01,1.674912019842739741e-01,1.909278404541112639e-01,2.166547095676437940e-01,2.456165144908289966e-01,2.781912147572269678e-01,3.153078433705440164e-01,3.629506562355860333e-01,4.173662757203746021e-01,4.794576120625734794e-01,5.502400250044694463e-01,6.308543449296852845e-01,7.225812873156649552e-01,8.113188874584008614e-01,9.052121069980990642e-01,1.010220912945185345e+00,1.127020775171859057e+00,1.257597503421228780e+00
1.791284454622003963e+01,2.207987910911469328e-13,3.094486160995622797e-13,3.525173788243237511e-13,3.277868118964775721e-13,2.849821390910984533e-13,4.103353620986791643e-13,3.577119930720566108e-13,3.878853170160455115e-13,8.340371527769248023e-13,1.008852240547751578e-12,8.829546497010442315e-13,1.338585042049258722e-12,9.865299758756278536e-13,1.752835231394113306e-12,2.021080530291787002e-12,2.068631580637443823e-12,2.553468581796834858e-12,3.612320099751178334e-12,4.230561059163925566e-12,5.015216775089749769e-12,6.458099998483154035e-12,8.028889146110301557e-12,1.058154529061531687e-11,1.439626738076132721e-11,2.033893855832906308e-11,3.063634136311980170e-11,4.802324934342998490e-11,8.028583238996602733e-11,1.561047761226699027e-10,3.932152331581645795e-10,1.894923852271559035e-09,1.797852833460734812e-07,1.293521032214520539e-05,1.633007782332041082e-05,2.055811993890508250e-05,2.580999894045589365e-05,3.231692499353285323e-05,4.035864250821416272e-05,5.027286514437386087e-05,6.246640209940075388e-05,7.742825407725059011e-05,9.574499853746436706e-05,1.181188321466425237e-04,1.453886909973751886e-04,1.785549311320008879e-04,2.188081203918192856e-04,2.675625700973691037e-04,3.264953236028254684e-04,3.975914171887417049e-04,4.831963400578310965e-04,5.860767458077139171e-04,7.094906071790566112e-04,8.572681639970323227e-04,1.033905190420663072e-03,1.244670303474881097e-03,1.495728256893969843e-03,1.794281407175974145e-03,2.148731815590506234e-03,2.568866750749524558e-03,3.066070699179302295e-03,3.653567363593292986e-03,4.346695550349315845e-03,5.163223307243482163e-03,6.123705186917325488e-03,7.251888080048050390e-03,8.575171686729303119e-03,1.012513039028113335e-02,1.193810405920536256e-02,1.405586614731529037e-02,1.652637838807907711e-02,1.940464240072645521e-02,2.275365964702531427e-02,2.664551240772954424e-02,3.116257980323934931e-02,3.639890435906828481e-02,4.246172624365003589e-02,4.947320408240084288e-02,5.757234318712940030e-02,6.691715417115845499e-02,7.768706722577412016e-02,9.117455447148040126e-02,1.086010711323188438e-01,1.291851030580170034e-01,1.534678170569108158e-01,1.749421972184171947e-01,1.985150559464440578e-01,2.250520019288762552e-01,2.548993496220204324e-01,2.889083477205156014e-01,3.325622137279696244e-01,3.824218256788952108e-01,4.393144966591798761e-01,5.041705743009984309e-01,5.780353717105478628e-01,6.620823750546581676e-01,7.433903221195633515e-01,8.294222286823672574e-01,9.256390569666684831e-01,1.032659722387402557e+00,1.152303770584905518e+00
1.954966143091260378e+01,2.023121696908281687e-13,2.835396906909820877e-13,3.230024739321685981e-13,3.003425008945834529e-13,2.611216963540939874e-13,3.759795830258237315e-13,3.277621633941091320e-13,3.554091926360973889e-13,7.642064757112066159e-13,9.243849781696224067e-13,8.090283014542544665e-13,1.226510538551279005e-12,9.039316696351295223e-13,1.606077175610435809e-12,1.851863342106929163e-12,1.895433128512762945e-12,2.339676619005695189e-12,3.309874630141270573e-12,3.876352685897017347e-12,4.595312239818363715e-12,5.917388479876726928e-12,7.356661580117884769e-12,9.695593784036732962e-12,1.319092407552542895e-11,1.863603857887690971e-11,2.807128001893370733e-11,4.400245002366099956e-11,7.356381285413414346e-11,1.430347322121032623e-10,3.602928556926453768e-10,1.736269270576331161e-09,1.647325629478178204e-07,1.185219562456798642e-05,1.496282411388843743e-05,1.883686875752521556e-05,2.364902841884705543e-05,2.961115493824610303e-05,3.697957081768042187e-05,4.606371426976752105e-05,5.723633394483827275e-05,7.094548842559022118e-05,8.772864332922632776e-05,1.082292031348542575e-04,1.332158630888795586e-04,1.636052233247934078e-04,2.004881700831732082e-04,2.451605999151843331e-04,2.991591438774193236e-04,3.643026389066617845e-04,4.427401955448778768e-04,5.370068262771965405e-04,6.500877264966749237e-04,7.854924449904124046e-04,9.473403422859595245e-04,1.140458914658619687e-03,1.370496765062372306e-03,1.644053224783432673e-03,1.968826883279334566e-03,2.353785559343138812e-03,2.809360560857303204e-03,3.347668421495243480e-03,3.982763689198015773e-03,4.730926762436271117e-03,5.610991241346053454e-03,6.644715782089267303e-03,7.857206014762117136e-03,9.277392722746890738e-03,1.093857317912443755e-02,1.287902330938639310e-02,1.514268919816539986e-02,1.777996739368477644e-02,2.084858449109918549e-02,2.441458760300155989e-02,2.855345856741748831e-02,3.335136609607691066e-02,3.890657155647470056e-02,4.533100570888483338e-02,5.275203549264421282e-02,6.131444190885128320e-02,7.118263215886680428e-02,8.354086471472257913e-02,9.950832711967844135e-02,1.183689383544300894e-01,1.406185554416453376e-01,1.602949695278374498e-01,1.818941647567360875e-01,2.062092757776923524e-01,2.335576214886243285e-01,2.647191788518507005e-01,3.047180769604682093e-01,3.504031381144961932e-01,4.025324077026452563e-01,4.619583389793098793e-01,5.296387250622687226e-01,6.066488006995942595e-01,6.811491505543970648e-01,7.599779412073968121e-01,8.481389098194541676e-01,9.461991524323178915e-01,1.055825871228249779e+00
2.133604526501410703e+01,1.853733609805600855e-13,2.598000185312560900e-13,2.959587368834210772e-13,2.751959949874426966e-13,2.392589954033699686e-13,3.445002793063624026e-13,3.003199161151598755e-13,3.256521674549938419e-13,7.002224488135548341e-13,8.469898301476870314e-13,7.412915179455361915e-13,1.123819596007401660e-12,8.282489973445714671e-13,1.471606599306660566e-12,1.696814048940611485e-12,1.736735907104642149e-12,2.143784623216274496e-12,3.032751739804960759e-12,3.551800797890053633e-12,4.210564673158434692e-12,5.421948627305565169e-12,6.740717005739447876e-12,8.883819540839993089e-12,1.208649946296528621e-11,1.707571577137017017e-11,2.572098125430805563e-11,4.031829654503951096e-11,6.740460179017099568e-11,1.310589920894611058e-10,3.301269404559079804e-10,1.590898218064987858e-09,1.509401481050058352e-07,1.085985752257424075e-05,1.371004522363251789e-05,1.725973122263667578e-05,2.166898752865880194e-05,2.713192845396901923e-05,3.388341561739888230e-05,4.220697917720026850e-05,5.244415899337468069e-05,6.500549945145144763e-05,8.038346626925992977e-05,9.916759417891434381e-05,1.220622185726638994e-04,1.499071962306526443e-04,1.837020777442874861e-04,2.246342593020416215e-04,2.741117158368267773e-04,3.338010001643357738e-04,4.056712861849414938e-04,4.920453396779553420e-04,5.956584172719839960e-04,7.197262269255949195e-04,8.680232311797695484e-04,1.044972738879654207e-03,1.255750417490157167e-03,1.506403062034135550e-03,1.803984689107493520e-03,2.156712277020902176e-03,2.574143760942321831e-03,3.067381204449575859e-03,3.649302423014060513e-03,4.334824720855384207e-03,5.141204834243628084e-03,6.088379651944881427e-03,7.199352807589196913e-03,8.500632822930705504e-03,1.002272912027414239e-02,1.180071293119133551e-02,1.387485090609060119e-02,1.629132008681896671e-02,1.910301384592113030e-02,2.237044942891486601e-02,2.616278887399678052e-02,3.055898632282405894e-02,3.564907610192736415e-02,4.153561744568595032e-02,4.833531335648849625e-02,5.618082288702947596e-02,6.522278806508322035e-02,7.654631402083408864e-02,9.117688309070647035e-02,1.084583689255752825e-01,1.288451123740321780e-01,1.468740970701912230e-01,1.666648759451099526e-01,1.889441775781172672e-01,2.140027529937294226e-01,2.425552747260474873e-01,2.792052211392787031e-01,3.210652503489230813e-01,3.688299395605725284e-01,4.232803694432120678e-01,4.852941408334003892e-01,5.558564632684473983e-01,6.241191894698286946e-01,6.963479530074380142e-01,7.771275476501801061e-01,8.669775887005763959e-01,9.674256900062386810e-01
2.328566298498195408e+01,1.698527726421140047e-13,2.380479765085236616e-13,2.711792664350443745e-13,2.521549079186427587e-13,2.192267731127287131e-13,3.156566148806283306e-13,2.751753011434927398e-13,2.983865819045344269e-13,6.415955548742821898e-13,7.760746759365531521e-13,6.792260710660298605e-13,1.029726565465981022e-12,7.589029399525178217e-13,1.348394719761711128e-12,1.554746428214562771e-12,1.591325784937220017e-12,1.964293900022666418e-12,2.778831267967828342e-12,3.254422373327762645e-12,3.858030519282091166e-12,4.967990020785842473e-12,6.176343067657717562e-12,8.140011988141630130e-12,1.107454401464600951e-11,1.564603270542230752e-11,2.356746383628558175e-11,3.694260286460517159e-11,6.176107744034902707e-11,1.200859339676660407e-10,3.024866996190157466e-10,1.457698516660515391e-09,1.383025183501698422e-07,9.950604018562261353e-06,1.256215662253090772e-05,1.581464126083326053e-05,1.985472773769291526e-05,2.486027793129016417e-05,3.104648941335129718e-05,3.867315346808239971e-05,4.805321415541847824e-05,5.956284258109959434e-05,7.365327222960294938e-05,9.086467838980903883e-05,1.118424251993193209e-04,1.373560515065161110e-04,1.683214194312232905e-04,2.058265091113097413e-04,2.511614112313303093e-04,3.058531446412569529e-04,3.717060119929031662e-04,4.508483029484261148e-04,5.457862617696715131e-04,6.594663577329193957e-04,7.953470323554853293e-04,9.574812480890737424e-04,1.150611333953011897e-03,1.380277810412580642e-03,1.652944088773159338e-03,1.976139171807449364e-03,2.358620746059105627e-03,2.810561342633825441e-03,3.343760567752372334e-03,3.971886757947265707e-03,4.710751810282475666e-03,5.578623375605275617e-03,6.596579083043382918e-03,7.788907999239204696e-03,9.183565111590909560e-03,1.081268527427031029e-02,1.271316376813483480e-02,1.492731141146301337e-02,1.750359302106339887e-02,2.049745896957575961e-02,2.397228062755265426e-02,2.800040161438531808e-02,3.266431803368489983e-02,3.805800223523898851e-02,4.428838613432670851e-02,5.147702175868841545e-02,5.976193846679585947e-02,7.013738976948288850e-02,8.354299836774521648e-02,9.937757281199725845e-02,1.180574137640475058e-01,1.345769019060680249e-01,1.527106760733521751e-01,1.731246186963870115e-01,1.960851373506805329e-01,2.222470678271259992e-01,2.558284572055332107e-01,2.941837094733258939e-01,3.379492475963484233e-01,3.878407554063149076e-01,4.446623556454253334e-01,5.093167700999189362e-01,5.718641245422327879e-01,6.380454554868723038e-01,7.120616898066172151e-01,7.943889374418264815e-01,8.864269110921606520e-01
2.541343036702636482e+01,1.556316626165026032e-13,2.181171481055347127e-13,2.484744843779207939e-13,2.310429611824855487e-13,2.008717706450041328e-13,2.892279179526840009e-13,2.521359466895161646e-13,2.734038374640213493e-13,5.878772620499701766e-13,7.110969709341210677e-13,6.223571219247263990e-13,9.435115772971284086e-13,6.953629574138472292e-13,1.235498890218271094e-12,1.424573575139313594e-12,1.458090285026554944e-12,1.799831234854882917e-12,2.546170566645950163e-12,2.981942284124731336e-12,3.535012674807565628e-12,4.552039597411843376e-12,5.659221957682357249e-12,7.458480540097103017e-12,1.014731564818537247e-11,1.433605142512287358e-11,2.159425203039637239e-11,3.384954284681564303e-11,5.659006336788437631e-11,1.100316071944388041e-10,2.771606683176019936e-10,1.335651106617472997e-09,1.267229880329282457e-07,9.117478763271734621e-06,1.151037625586952580e-05,1.449054304396305526e-05,1.819236884125485573e-05,2.277882384473792411e-05,2.844708797298424458e-05,3.543520119946813964e-05,4.402990599884007287e-05,5.457587813767096884e-05,6.748657108112967554e-05,8.325693334848448181e-05,1.024782952557827309e-04,1.258557651657478676e-04,1.542285236358619264e-04,1.885934584714658445e-04,2.301326460969837736e-04,2.802452540312681188e-04,3.405845177040212578e-04,4.131005333868473435e-04,5.000897072868794573e-04,6.042518123026273825e-04,7.287557281351947011e-04,8.773150785015757219e-04,1.054275135713029707e-03,1.264712534070895665e-03,1.514549528666939886e-03,1.810684748243766113e-03,2.161142632416116448e-03,2.575244005945171409e-03,3.063800540055320112e-03,3.639336174783973712e-03,4.316338938739130125e-03,5.111547003628171687e-03,6.044273250919763446e-03,7.136773118462571251e-03,8.414661031617599526e-03,9.907381318580979132e-03,1.164874016227940290e-02,1.367750586123942132e-02,1.603808546222860315e-02,1.878128669450794888e-02,2.196517509099733118e-02,2.565603722206246523e-02,2.992946211439199977e-02,3.487155417952968878e-02,4.058029234064988722e-02,4.716705154840766800e-02,5.475830450156849577e-02,6.426505974327464954e-02,7.654826903141290217e-02,9.105707633111018162e-02,1.081729270738292087e-01,1.233093029193583767e-01,1.399248069188902266e-01,1.586295697647400749e-01,1.796676937654249351e-01,2.036391878657044519e-01,2.344089385187935193e-01,2.695528551452796018e-01,3.096540754988831301e-01,3.553683619961062745e-01,4.074325113189792291e-01,4.666736638802674864e-01,5.239841723441570620e-01,5.846243986346606469e-01,6.524435424061083566e-01,7.278778507709473544e-01,8.122098439450394780e-01
2.773562614198414877e+01,1.426012306541022443e-13,1.998550502108059125e-13,2.276706851468015870e-13,2.116986353848592563e-13,1.840535609275743568e-13,2.650119927151833096e-13,2.310255875031022842e-13,2.505128007531128194e-13,5.386565923186421056e-13,6.515595956812557651e-13,5.702495880385239449e-13,8.645150337467182544e-13,6.371429297316790119e-13,1.132055388054571577e-12,1.305299587223194253e-12,1.336010073746585821e-12,1.649138387041710898e-12,2.332989638192459963e-12,2.732275889794430387e-12,3.239039854297334765e-12,4.170915080285867632e-12,5.185397380858213659e-12,6.834011061414574737e-12,9.297720495555683347e-12,1.313574976693877507e-11,1.978624955114271303e-11,3.101545267770491878e-11,5.185199813060565086e-11,1.008190899781081339e-10,2.539550868154291046e-10,1.223822250087360522e-09,1.161129666152167035e-07,8.354107835427873534e-06,1.054665735611504578e-05,1.327730640523442162e-05,1.666919277003984891e-05,2.087164178870759413e-05,2.606532427446366063e-05,3.246835004244223136e-05,4.034345373852776481e-05,5.000645277200140514e-05,6.183618376235339262e-05,7.628615512022124130e-05,9.389818738118073632e-05,1.153183529355053478e-04,1.413155710264007363e-04,1.728032639323140657e-04,2.108645374301556413e-04,2.567814122008408770e-04,3.120687047211263246e-04,3.785132373094883844e-04,4.582191470400507065e-04,5.536601653588544116e-04,6.677398540320269400e-04,8.038609095502859906e-04,9.660047915259956965e-04,1.158823087475352497e-03,1.387742205175123171e-03,1.659083178096146119e-03,1.980198590829073887e-03,2.359628871840129070e-03,2.807280473300451887e-03,3.334628754606375287e-03,3.954948718251081671e-03,4.683577114123659707e-03,5.538209831470596901e-03,6.539238947152153751e-03,7.710134290620562769e-03,9.077874931339977027e-03,1.067343659242492825e-02,1.253234165400878876e-02,1.469527913407354600e-02,1.720880282891972327e-02,2.012611667092039855e-02,2.350795731450098722e-02,2.742358501203255583e-02,3.195189498858985733e-02,3.718266277434411488e-02,4.321793832982674666e-02,5.017360528812945392e-02,5.888439700109342895e-02,7.013918109465279438e-02,8.343322256074113541e-02,9.911602989293534505e-02,1.129850960387763642e-01,1.282094487086434254e-01,1.453481347322191919e-01,1.646248186840177929e-01,1.865892731006021654e-01,2.147827925701107921e-01,2.469842461605107065e-01,2.837279477763336444e-01,3.256147554052009618e-01,3.733197766173393939e-01,4.276008985855843103e-01,4.801130217548989498e-01,5.356760784670625553e-01,5.978169899058024539e-01,6.669354779147229628e-01,7.442066822953649075e-01
3.027001653763463196e+01,1.306617859257401328e-13,1.831219665289133577e-13,2.086087068657580564e-13,1.939739345204035284e-13,1.686434742987757737e-13,2.428235724269253195e-13,2.116827163358728189e-13,2.295383412437555851e-13,4.935569772447989899e-13,5.970070525917790136e-13,5.225048146832922312e-13,7.921325626073631798e-13,5.837974378400263954e-13,1.037272806774420075e-12,1.196011945004961409e-12,1.224151162299151675e-12,1.511062463494704915e-12,2.137657517219356785e-12,2.503513088665696874e-12,2.967847683402611726e-12,3.821700632140200954e-12,4.751244287372485251e-12,6.261825976008880331e-12,8.519258630624691856e-12,1.203594468399119999e-11,1.812962406611817400e-11,2.841864982213337871e-11,4.751063261155784186e-11,9.237790088853303601e-11,2.326924181230815152e-10,1.121356387449046325e-09,1.063912808991148189e-07,7.654650977318362522e-06,9.663626880187752683e-06,1.216564933720150551e-05,1.527354628907044186e-05,1.912414064595165374e-05,2.388297635871064950e-05,2.974990175854797292e-05,3.696565374442560770e-05,4.581960756600888596e-05,5.665888133055124861e-05,6.989901295868940862e-05,8.603645846629953903e-05,1.056631971228678008e-04,1.294837695630652707e-04,1.583351207813973969e-04,1.932096723334737656e-04,2.352821063100012902e-04,2.859404095137226725e-04,3.468218006011191236e-04,4.198542454577336696e-04,5.073043596461235174e-04,6.118326010330808144e-04,7.365567716067158857e-04,8.851249788984753451e-04,1.061799351148544476e-03,1.271551964179982704e-03,1.520174615990658659e-03,1.814404287947269257e-03,2.162066351758383520e-03,2.572237831001791038e-03,3.055433297999110825e-03,3.623816291073062110e-03,4.291439473876074856e-03,5.074517127883029430e-03,5.991733980912018233e-03,7.064594825155468688e-03,8.317819877841740872e-03,9.779791385631130679e-03,1.148305757834794556e-02,1.346490074123408119e-02,1.576797690284095430e-02,1.844103543784262819e-02,2.153972775753463381e-02,2.512751522355430658e-02,2.927668747156604925e-02,3.406950347683115193e-02,3.959946895480185441e-02,4.597276505405503005e-02,5.395423615933449962e-02,6.426670108777636503e-02,7.644768432447311690e-02,9.081743138033304685e-02,1.035252947236265514e-01,1.174749717375178498e-01,1.331787024415874432e-01,1.508414248480829944e-01,1.709668811838475633e-01,1.967998672564130747e-01,2.263052187616347855e-01,2.599725135852774538e-01,2.983523022197192009e-01,3.420631681120536727e-01,3.917995434987956993e-01,4.399150314548437857e-01,4.908260101904654005e-01,5.477641055378594803e-01,6.110955721900556137e-01,6.818971600774537123e-01
3.303599120128339450e+01,1.197219843264572392e-13,1.677898786647891339e-13,1.911427136618125632e-13,1.777332537119264487e-13,1.545236141057510832e-13,2.224929020081892993e-13,1.939593483112855530e-13,2.103199914037928955e-13,4.522333769989814725e-13,5.470219811154209438e-13,4.787575249397251266e-13,7.258103933988299618e-13,5.349183558736331918e-13,9.504260012601231621e-13,1.095874530717949236e-12,1.121657761124492759e-12,1.384547098366060942e-12,1.958679792707874377e-12,2.293903704428623485e-12,2.719361375005078823e-12,3.501724547386322066e-12,4.353441138691185649e-12,5.737547715602229629e-12,7.805974340717764681e-12,1.102822199009169375e-11,1.661170137014616109e-11,2.603926713904095543e-11,4.353275269093392582e-11,8.464345963075679647e-11,2.132099897306618891e-10,1.027469591750775333e-09,9.748355400189193879e-08,7.013756913225188326e-06,8.854529101141363968e-06,1.114706697869102455e-05,1.399475184327236275e-05,1.752295095654699710e-05,2.188334792019266988e-05,2.725905854428453023e-05,3.387066376639455645e-05,4.198331057544102375e-05,5.191505423373029979e-05,6.404664129289598684e-05,7.883296144337357094e-05,9.681642983983792031e-05,1.186425986781650463e-04,1.450783388135508194e-04,1.770329802163773405e-04,2.155828534285530844e-04,2.619997345326255975e-04,3.177837642540676136e-04,3.847014874161846045e-04,4.648297447029755463e-04,5.606062442229942100e-04,6.748877465670204351e-04,8.110169174548483278e-04,9.728990337564793252e-04,1.165089878783313274e-03,1.392896325881754546e-03,1.662491295250901734e-03,1.981044970754416903e-03,2.356874392197103475e-03,2.799613787779420531e-03,3.320408290212584386e-03,3.932133988443499775e-03,4.649647605414126625e-03,5.490069469574996273e-03,6.473103860762516835e-03,7.621401268854749098e-03,8.960967605723619070e-03,1.052162596488703458e-02,1.233753713128881400e-02,1.444778571061897804e-02,1.689703948259064711e-02,1.973629038293821594e-02,2.302368640106388850e-02,2.682546464345338805e-02,3.121699686227715279e-02,3.628395990421606765e-02,4.212364478450932731e-02,4.943685845136841506e-02,5.888590092222322631e-02,7.004701795282521071e-02,8.321364214679242977e-02,9.485752566812451214e-02,1.076392506459646486e-01,1.220281692413988511e-01,1.382120608064111300e-01,1.566524911963844413e-01,1.803225821244466842e-01,2.073575656540793122e-01,2.382060292246075683e-01,2.733724278834842591e-01,3.134235534989885386e-01,3.589956962055829148e-01,4.030826620626677403e-01,4.497310631620894394e-01,5.019019539122987483e-01,5.599309239297068919e-01,6.248045710736459535e-01
3.605471154250503929e+01,1.096981296368521969e-13,1.537414867041605506e-13,1.751390799306985699e-13,1.628523417495831892e-13,1.415859547224497115e-13,2.038644393098328743e-13,1.777198887491943728e-13,1.927107190215216117e-13,4.143696405905848890e-13,5.012219646725837001e-13,4.386730250999556361e-13,6.650411206828318016e-13,4.901317287537650461e-13,8.708505399657640918e-13,1.004121231474242354e-12,1.027745732584092379e-12,1.268624371199329048e-12,1.794687174843866514e-12,2.101844096207965573e-12,2.491679855817699033e-12,3.208538811921807718e-12,3.988944495743835395e-12,5.257165228631018325e-12,7.152410561748149506e-12,1.010487198603603519e-11,1.522086841980506003e-11,2.385910088558308536e-11,3.988792513760375833e-11,7.755659296597954061e-11,1.953587490629106072e-10,9.414435711862166911e-10,8.932163632705027403e-08,6.426522408869872532e-06,8.113173922691436113e-06,1.021376654737666563e-05,1.282302586760255024e-05,1.605582263329312075e-05,2.005114056990398518e-05,2.497676391510203608e-05,3.103480522508418951e-05,3.846821176577504595e-05,4.756840927316162849e-05,5.868426587547340742e-05,7.223258512397618997e-05,8.871036786850780066e-05,1.087091167380044684e-04,1.329314954826643701e-04,1.622106994219173356e-04,1.975329421403663652e-04,2.400635188706056833e-04,2.911769694074963660e-04,3.524919326679128682e-04,4.259113635675305823e-04,5.136688704249333043e-04,6.183820284113967190e-04,7.431136348863663513e-04,8.914419931227403815e-04,1.067541448468225422e-03,1.276274550467045412e-03,1.523297384791754729e-03,1.815179803783351607e-03,2.159542493950123397e-03,2.565213047150248764e-03,3.042403457612298263e-03,3.602911749587704281e-03,4.260350750565376765e-03,5.030407370684313734e-03,5.931136127300336118e-03,6.983291073137848186e-03,8.210700746521708629e-03,9.640691269695085552e-03,1.130456327834611883e-02,1.323812897660682324e-02,1.548231628525237845e-02,1.808384778416730412e-02,2.109600295844742124e-02,2.457947314005586720e-02,2.860331949839326968e-02,3.324604549200946280e-02,3.859679633898828455e-02,4.529770315574759010e-02,5.395561416301519059e-02,6.418225440626820766e-02,7.624648852195972659e-02,8.691547510103718455e-02,9.862703611040347929e-02,1.118112266857282100e-01,1.266401041464164934e-01,1.435365892394355192e-01,1.652248757955817604e-01,1.899963256228497654e-01,2.182619676842944001e-01,2.504840209742194568e-01,2.871818220889351680e-01,3.289383870722334402e-01,3.693341232696763510e-01,4.120768357292574624e-01,4.598796613254398924e-01,5.130500920652510954e-01,5.724921218181654448e-01
3.934927263095849526e+01,1.005135331954594180e-13,1.408693117969677585e-13,1.604753680186961193e-13,1.492173504926016849e-13,1.297315150870619001e-13,1.867956651200621695e-13,1.628400957830413888e-13,1.765758023187239404e-13,3.796760871180838015e-13,4.592566049319998396e-13,4.019446440545732700e-13,6.093598220989457604e-13,4.490949112015611693e-13,7.979376216066936601e-13,9.200500780292793372e-13,9.416965918248376630e-13,1.162407401741836994e-12,1.644425019107468691e-12,1.925864889722854055e-12,2.283061222003314945e-12,2.939900374314866492e-12,3.654965734740289690e-12,4.817003293231187974e-12,6.553567128316049410e-12,9.258830475657377468e-12,1.394648448649426422e-11,2.186147144728735223e-11,3.654826477615395890e-11,7.106308199984011513e-11,1.790021231352122547e-10,8.626201737197916108e-10,8.184308417794229996e-08,5.888454758651630101e-06,7.433889521166697447e-06,9.358607720195187424e-06,1.174940393675146433e-05,1.471153124100088835e-05,1.837233679326840717e-05,2.288555691155902901e-05,2.843638205621852380e-05,3.524741846637873270e-05,4.358569193805928246e-05,5.377086123211337072e-05,6.618483256448861208e-05,8.128299484275999581e-05,9.960732648830629009e-05,1.218016599567454294e-04,1.486294303738635301e-04,1.809942795082300330e-04,2.199639369686506374e-04,2.667978576953017582e-04,3.229791582831637964e-04,3.902514666566087964e-04,4.706613798234328362e-04,5.666073135974755747e-04,6.808956292638265306e-04,8.168050327219800568e-04,9.781603676685883368e-04,1.169417061344260253e-03,1.395757637433645221e-03,1.663201880171462626e-03,1.978732425714397301e-03,2.350437766092443748e-03,2.787674885096329963e-03,3.301254004433235023e-03,3.903648202652630801e-03,4.609230986105173830e-03,5.434545237842560578e-03,6.398607354720055145e-03,7.523250804508200933e-03,8.833513799839104105e-03,1.035807629628441792e-02,1.212975208183435932e-02,1.418604234212512971e-02,1.656975775770112499e-02,1.932971693022442206e-02,2.252152974320120737e-02,2.620847514373885606e-02,3.046248380205962905e-02,3.536523715490951653e-02,4.150510318540334004e-02,4.943812108017677648e-02,5.880852463191530571e-02,6.986266748995345610e-02,7.963838144449436607e-02,9.036937913955558899e-02,1.024497088720233151e-01,1.160370222731769707e-01,1.315188305857337703e-01,1.513912415186317584e-01,1.740886744899621252e-01,1.999877446112046098e-01,2.295119710834735982e-01,2.631372084759002750e-01,3.013976591733852350e-01,3.384112179704047985e-01,3.775752498631309018e-01,4.213757313599867937e-01,4.700944093618357189e-01,5.245595898581117966e-01
4.294487988789274624e+01,9.209792718326086478e-14,1.290748738779713139e-13,1.470393914991788239e-13,1.367239638608937980e-13,1.188696014359394726e-13,1.711559928046924115e-13,1.492061298330646176e-13,1.617917992460972341e-13,3.478872895317373826e-13,4.208048410477089341e-13,3.682913870697767012e-13,5.583405014222373086e-13,4.114939462906353714e-13,7.311294174547769319e-13,8.430178742848313369e-13,8.628520099274221037e-13,1.065083564764583004e-12,1.506743727469859759e-12,1.764619735668654292e-12,2.091909412537557739e-12,2.693753985079524718e-12,3.348949712481412689e-12,4.413694399527629043e-12,6.004862519364000217e-12,8.483624720375169031e-12,1.277879974830741428e-11,2.003109572873078095e-11,3.348822114812316709e-11,6.511324737448411713e-11,1.640149736861562757e-10,7.903963518182849047e-10,7.499068202503620034e-08,5.395437413682739178e-06,6.811478952565010589e-06,8.575048005477683836e-06,1.076567218176882459e-05,1.347979212265093391e-05,1.683409270752025125e-05,2.096943851222960551e-05,2.605551472234294465e-05,3.229628962501853839e-05,3.993643198809329874e-05,4.926883679142333365e-05,6.064343473338315788e-05,7.447748678487454716e-05,9.126759362841432052e-05,1.116036821398233954e-04,1.361852680001102611e-04,1.658403345778391459e-04,2.015472146470850183e-04,2.444599138992547063e-04,2.959373733627486186e-04,3.575772337980525684e-04,4.312547386296609626e-04,5.191674936719932161e-04,6.238868945278832267e-04,7.484171338427109219e-04,8.962628160718447493e-04,1.071506332914499851e-03,1.278896295565212348e-03,1.523948475209042919e-03,1.813060879117858390e-03,2.153644781438714649e-03,2.554273742212901949e-03,3.024852885456771456e-03,3.576810967512680794e-03,4.223318057118305956e-03,4.979531966264331283e-03,5.862876923083884008e-03,6.893358364267557561e-03,8.093918150582558868e-03,9.490834976806453507e-03,1.111417526047380443e-02,1.299830035924670266e-02,1.518243658240010091e-02,1.771131514052948219e-02,2.063588991853971752e-02,2.401414176415998802e-02,2.791197887320995621e-02,3.240424381439157425e-02,3.803004281492796540e-02,4.529886006957158789e-02,5.388471628763524812e-02,6.401333888846677533e-02,7.297057045049853974e-02,8.280310357219894390e-02,9.387199442381269354e-02,1.063216950805608851e-01,1.205072719805625470e-01,1.387158434720734135e-01,1.595129089276827450e-01,1.832435509448326338e-01,2.102958291141564240e-01,2.411057565581104511e-01,2.761628089799319508e-01,3.100773668957533813e-01,3.459623471843792375e-01,3.860955852394456489e-01,4.307352383929545780e-01,4.806402618052227349e-01
4.686904192314192130e+01,8.438692703159681867e-14,1.182679382336048019e-13,1.347283568773612695e-13,1.252765997528004046e-13,1.089171134404510331e-13,1.568257692389760811e-13,1.367136826634058549e-13,1.482456030755562288e-13,3.187600439531986258e-13,3.855724933458639759e-13,3.374557860046121446e-13,5.115928294297934673e-13,3.770411634832430395e-13,6.699148036050907666e-13,7.724352764427451469e-13,7.906087772846871906e-13,9.759082729787836104e-13,1.380589953260372015e-12,1.616875009315643854e-12,1.916761998359094543e-12,2.468216472751352058e-12,3.068555217940030913e-12,4.044152986109780806e-12,5.502098806719299859e-12,7.773323918758826641e-12,1.170888069789047546e-11,1.835397022844793126e-11,3.068438303525986070e-11,5.966156919088173461e-11,1.502826397927720463e-10,7.242195487658352232e-10,6.871200477187926219e-08,4.943698487654410781e-06,6.241180392731282168e-06,7.857092688859191541e-06,9.864304448907701452e-06,1.235118171543372180e-05,1.542463979809138155e-05,1.921374923133663707e-05,2.387398812212009015e-05,2.959224728863502462e-05,3.659271033728638526e-05,4.514374929390551152e-05,5.556599652463769818e-05,6.824177736710489064e-05,8.362611406600971851e-05,1.022595412212766691e-04,1.247830067948860796e-04,1.519551703380715604e-04,1.846724526383956063e-04,2.239922389927173597e-04,2.711596915986147320e-04,3.276386869883960167e-04,3.951474617703011854e-04,4.756996247971832293e-04,5.716512787495500866e-04,6.857550869425063861e-04,8.212222269724958439e-04,9.817932878079384078e-04,1.171819297953280046e-03,1.396354214590320598e-03,1.661260364801886305e-03,1.973328505663479292e-03,2.340414366481208090e-03,2.771593753879292039e-03,3.277338539017277726e-03,3.869716112156359328e-03,4.562615180822725616e-03,5.372001110503117453e-03,6.316204360719008225e-03,7.416245959736096280e-03,8.696204389736362020e-03,1.018362872440897390e-02,1.191000337898911327e-02,1.391127039690537130e-02,1.622841581899497204e-02,1.890812736016040871e-02,2.200353135794472573e-02,2.557501777205192436e-02,2.969116289488150928e-02,3.484593569240632821e-02,4.150616323534618568e-02,4.937315920731640689e-02,5.865375175144809522e-02,6.686102925864123581e-02,7.587032274062852077e-02,8.601245854306827088e-02,9.741979433245813447e-02,1.104176682192345715e-01,1.271017070548341177e-01,1.461575153531214644e-01,1.679012832918872489e-01,1.926885797461347638e-01,2.209189121605464878e-01,2.530407743472646853e-01,2.841157986358836540e-01,3.169962695190214341e-01,3.537693081190709243e-01,3.946714572617458505e-01,4.403981277526168858e-01
5.115178099293142822e+01,7.732153884056513953e-14,1.083658251508461437e-13,1.234480771567596428e-13,1.147876787831504208e-13,9.979790843829135811e-14,1.436953593875112639e-13,1.252671793598691963e-13,1.358335770641075262e-13,2.920715090160703070e-13,3.532900126690586317e-13,3.092019295211361149e-13,4.687591576417884629e-13,3.454729777735075052e-13,6.138254505632806333e-13,7.077622841619456698e-13,7.244141886766473911e-13,8.941992804845711219e-13,1.264998542415769515e-12,1.481500372520118090e-12,1.756278993886685426e-12,2.261562336466029126e-12,2.811637060554772349e-12,3.705551833586632704e-12,5.041429538358238248e-12,7.122493832244377187e-12,1.072854179560886454e-11,1.681726390352075574e-11,2.811529934928510390e-11,5.466633875356716952e-11,1.377000606438554257e-10,6.635834712647727509e-10,6.295901667082455747e-08,4.529781899583653036e-06,5.718630706470149848e-06,7.199248970022016938e-06,9.038404719913446691e-06,1.131706545469066884e-05,1.413319488222726521e-05,1.760505696465769691e-05,2.187511223358703090e-05,2.711460386809755663e-05,3.352894545581249809e-05,4.136403927981022486e-05,5.091367240906605445e-05,6.252815957220611098e-05,7.662442577651173471e-05,9.369774876858314133e-05,1.143354124380030300e-04,1.392325567314542433e-04,1.692105486210632528e-04,2.052382426578428778e-04,2.484565484661803306e-04,3.002067779071923483e-04,3.620633063410760746e-04,4.358711510069033807e-04,5.237891472993440366e-04,6.283394887727883045e-04,7.524644936509390257e-04,8.995915659806340368e-04,1.073707439623824674e-03,1.279442923643919153e-03,1.522169515347143081e-03,1.808109408211091684e-03,2.144460601973754207e-03,2.539539021377139154e-03,3.002939768661349023e-03,3.545719878578173882e-03,4.180605211355103989e-03,4.922224414710577728e-03,5.787373210300917475e-03,6.795312617702131165e-03,7.968105121717805606e-03,9.330993219571247568e-03,1.091282525923664010e-02,1.274653399706299206e-02,1.486967387258250443e-02,1.732502362046647176e-02,2.016126151727132623e-02,2.343372130696767461e-02,2.720523765652146930e-02,3.192842143745078937e-02,3.803101411102454560e-02,4.523933720089728244e-02,5.374290193665133553e-02,6.126301611630525362e-02,6.951799660199943498e-02,7.881097094008621129e-02,8.926321500599963821e-02,1.011728276193946813e-01,1.164599769708728055e-01,1.339203167806480299e-01,1.538435638564421837e-01,1.765555166784956997e-01,2.024222334917017974e-01,2.318546574709710595e-01,2.603278912054367566e-01,2.904554085344499548e-01,3.241495840710789667e-01,3.616271558330386715e-01,4.035253105920780792e-01
5.582586268862694823e+01,7.084770803935617432e-14,9.929277736649548452e-14,1.131122512506645558e-13,1.051769542470295764e-13,9.144221889522327770e-14,1.316643075287034439e-13,1.147790471229686656e-13,1.244607615689421256e-13,2.676175009922176299e-13,3.237104181592743276e-13,2.833136582173967033e-13,4.295117820903580206e-13,3.165478730997996612e-13,5.624322402365124226e-13,6.485041092232725005e-13,6.637618147351796704e-13,8.193314631697030132e-13,1.159085149457282972e-12,1.357460125941481812e-12,1.609232605304271936e-12,2.072210544815100277e-12,2.576229658201176311e-12,3.395300434617266409e-12,4.619330310679316550e-12,6.526155209862821177e-12,9.830282845128271337e-12,1.540922000419842674e-11,2.576131501785683890e-11,5.008933947343256302e-11,1.261709717600623639e-10,6.080242159800953866e-10,5.768770381997916632e-08,4.150520932665354145e-06,5.239832066874745602e-06,6.596483939390614054e-06,8.281654353237214708e-06,1.036953171417699097e-05,1.294987761099817177e-05,1.613105422565573637e-05,2.004359442520886841e-05,2.484440386540725051e-05,3.072169765553956655e-05,3.790078963983324996e-05,4.665086924209709289e-05,5.729292070537320863e-05,7.020896153258635649e-05,8.585280179678592464e-05,1.047625543985850343e-04,1.275751579288028994e-04,1.550432095072973879e-04,1.880544452732093349e-04,2.276542509389798134e-04,2.750716355563048460e-04,3.317491581784076530e-04,3.993773599486928356e-04,4.799343253962588774e-04,5.757310746487395627e-04,6.894635771035059020e-04,8.242722736375036321e-04,9.838101044394240158e-04,1.172320158995456257e-03,1.394724200097599478e-03,1.656723461237520970e-03,1.964913281715903633e-03,2.326913326338097936e-03,2.751515336865947414e-03,3.248850585667053224e-03,3.830579446338040501e-03,4.510105766992997256e-03,5.302819029037239909e-03,6.226367602018549607e-03,7.300966764957825261e-03,8.549745559261608466e-03,9.999136973271054510e-03,1.167931643212296450e-02,1.362469408863446405e-02,1.587446698091073138e-02,1.847323774331527738e-02,2.147170724130341435e-02,2.492744924030593570e-02,2.925517926928911452e-02,3.484682566566996154e-02,4.145162398425604466e-02,4.924321841869584021e-02,5.613370277547160420e-02,6.369752594933497658e-02,7.221243579973997406e-02,8.178955424619063774e-02,9.270202145711195496e-02,1.067092374314447117e-01,1.227076911050273833e-01,1.409628424275110870e-01,1.617732120433872101e-01,1.854742095687662018e-01,2.124423715096903087e-01,2.385316524630261281e-01,2.661367102992104328e-01,2.970098039654934796e-01,3.313495248509027435e-01,3.697397105645745530e-01
6.092704661368677677e+01,6.491590583549702549e-14,9.097938047745724764e-14,1.036418037256798341e-13,9.637089818306841300e-14,8.378611864047488818e-14,1.206405687066303500e-13,1.051690452820810937e-13,1.140401475476879429e-13,2.452109316605029744e-13,2.966074077022151284e-13,2.595929108748885989e-13,3.935504361824318180e-13,2.900445545981306654e-13,5.153419829157945696e-13,5.942073900948936079e-13,6.081876274474766768e-13,7.507320361251278142e-13,1.062039471703081520e-12,1.243805285304469626e-12,1.474497837182158264e-12,1.898712439982038518e-12,2.360531999277954713e-12,3.111025174934361890e-12,4.232571804645224416e-12,5.979745693903793777e-12,9.007231612293774243e-12,1.411906612752143889e-11,2.360442061116204996e-11,4.589555448728587899e-11,1.156071685113583070e-10,5.571167203932666897e-10,5.285773742974905598e-08,3.803014006938535837e-06,4.801121369488833285e-06,6.044186073273867208e-06,7.588263742536823883e-06,9.501331277248625180e-06,1.186563487854515469e-05,1.478046398562762123e-05,1.836542245782967555e-05,2.276427885246366312e-05,2.814948976198016538e-05,3.472750438142127404e-05,4.274497395429899504e-05,5.249600796520564368e-05,6.433063908186841472e-05,7.866468163031899228e-05,9.599119441728214206e-05,1.168937876501853701e-04,1.420620464280642023e-04,1.723093802063554330e-04,2.085936486300442880e-04,2.520409606175244696e-04,3.039730953801879311e-04,3.659390516466218962e-04,4.397512966451843806e-04,5.275273578039480025e-04,6.317374815201271020e-04,7.552591718074933491e-04,9.014395224235475373e-04,1.074166365524892568e-03,1.277949383905679828e-03,1.518012469018905535e-03,1.800398758135269986e-03,2.132089951251722130e-03,2.521141691890628738e-03,2.976837000508257905e-03,3.509859973109305531e-03,4.132492205896208699e-03,4.858834679033485066e-03,5.705058132936302422e-03,6.689685300176755750e-03,7.833908717755171808e-03,9.161948243018974355e-03,1.070145283047828876e-02,1.248395160509535931e-02,1.454535978988986261e-02,1.692654561465333635e-02,1.967396495917017249e-02,2.284037116209776050e-02,2.680575723904554328e-02,3.192923689672500648e-02,3.798104121866027055e-02,4.512027584758438598e-02,5.143384683024683490e-02,5.836438059766392572e-02,6.616637026456438642e-02,7.494163394563974068e-02,8.494044284858409677e-02,9.777488927417828102e-02,1.124338548346581340e-01,1.291605735536998645e-01,1.482285721068168916e-01,1.699451775714590218e-01,1.946554005209574778e-01,2.185603277592778060e-01,2.438541217953774098e-01,2.721423317707458711e-01,3.036069217921500418e-01,3.387828470233738010e-01
6.649435996665044968e+01,5.948075028908746303e-14,8.336203187780842241e-14,9.496427982595948067e-14,8.830213883925657725e-14,7.677103379216499003e-14,1.105398045304444352e-13,9.636365140490073015e-14,1.044920108856520140e-13,2.246803769666783481e-13,2.717736265767680936e-13,2.378582091682578932e-13,3.605999934753809790e-13,2.657602555601604669e-13,4.721944091325619162e-13,5.444567234373882834e-13,5.572664500559832020e-13,6.878761714876872232e-13,9.731190499537405446e-13,1.139666321085017804e-12,1.351043885569158188e-12,1.739740654617808055e-12,2.162893863859111560e-12,2.850551173733284042e-12,3.878195079503465856e-12,5.479084915069402841e-12,8.253091248306365306e-12,1.293693180180493124e-11,2.162811455868779015e-11,4.205289875728277029e-11,1.059278312972786805e-10,5.104715108121780395e-10,4.843216528276275504e-08,3.484602480412742378e-06,4.399142207301842152e-06,5.538129952868898029e-06,6.952928022622781995e-06,8.705821875890563225e-06,1.087217156024496534e-05,1.354295339748971465e-05,1.682775728241368062e-05,2.085831459189370948e-05,2.579264280068020008e-05,3.181990591811163273e-05,3.916610404131379676e-05,4.810072201511067334e-05,5.894448563750414536e-05,7.207839472317739888e-05,8.795422618848355704e-05,1.071067268349557754e-04,1.301677454914888961e-04,1.578825880130797462e-04,1.911289161934301407e-04,2.309385542443600462e-04,2.785226139604016302e-04,3.353004024495338407e-04,4.029326361298609153e-04,4.833595501187768579e-04,5.788445667195546559e-04,6.920242677605787512e-04,8.259655078966788265e-04,9.842306062651522310e-04,1.170951667512919441e-03,1.390915207041003429e-03,1.649658393811847526e-03,1.953578377318584448e-03,2.310056333478040323e-03,2.727598051658491635e-03,3.215993090186837489e-03,3.786494755128307164e-03,4.452023406588829710e-03,5.227395871973717321e-03,6.129584047717480562e-03,7.178006102373492292e-03,8.394854059119712802e-03,9.805461933368918304e-03,1.143871903945133106e-02,1.332753355887525241e-02,1.550935198398645243e-02,1.802674062498811972e-02,2.092803598929259684e-02,2.456141575973679395e-02,2.925592645333956535e-02,3.480103680862967064e-02,4.134253117357523932e-02,4.712749148829097762e-02,5.347775870068206816e-02,6.062651820980667627e-02,6.866706329682487064e-02,7.782871093756572878e-02,8.958857923354195119e-02,1.030202067950332506e-01,1.183464626098152395e-01,1.358179720319397654e-01,1.557163308416026626e-01,1.783576632227814873e-01,2.002611241610686987e-01,2.234371674983884615e-01,2.493569160101637150e-01,2.781870986583778738e-01,3.104178808979124460e-01
7.257039612324216193e+01,5.450065911301145851e-14,7.638245415969404677e-14,8.701329114970469042e-14,8.090894523754945712e-14,7.034329463103444432e-14,1.012847379337436648e-13,8.829549880555373472e-14,9.574330245724565695e-14,2.058687655238000304e-13,2.490190810636889346e-13,2.179432692443510302e-13,3.304083627902973462e-13,2.435091861430069486e-13,4.326594133753728299e-13,4.988714860123780948e-13,5.106087041943584778e-13,6.302829831837517972e-13,8.916435882221289538e-13,1.044246506073912030e-12,1.237926251707555455e-12,1.594078956663194702e-12,1.981803198495230558e-12,2.611885644494547168e-12,3.553488935067356159e-12,5.020342510074650937e-12,7.562092114951767929e-12,1.185377297145161084e-11,1.981727690204439705e-11,3.853197360062778193e-11,9.705890722721314483e-11,4.677317226575502664e-10,4.437712902665163925e-08,3.192850308819510000e-06,4.030819192168207792e-06,5.074443937205026545e-06,6.370786483972621934e-06,7.976917373275937119e-06,9.961887049898195641e-06,1.240905474313429386e-05,1.541883481341328648e-05,1.911192928333507051e-05,2.363312544094518702e-05,2.915574933104468747e-05,3.588687894429604320e-05,4.407343621077734118e-05,5.400929380863562129e-05,6.604355192442282229e-05,8.059016195575277662e-05,9.813909844061444166e-05,1.192693079704208254e-04,1.446636948485085995e-04,1.751264376705171549e-04,2.116029700323517504e-04,2.552030020627639841e-04,3.072270078225664653e-04,3.691966584229436832e-04,4.428897406641335620e-04,5.303801693299933871e-04,6.340837755382202528e-04,7.568106381677736300e-04,9.018248172718638630e-04,1.072912452495444410e-03,1.274459302978111054e-03,1.511538932126621536e-03,1.790012881063536912e-03,2.116644328641525442e-03,2.499226907667749346e-03,2.946730534941309401e-03,3.469466321111863271e-03,4.079272854938432655e-03,4.789726408670923717e-03,5.616377888065952895e-03,6.577019654177860240e-03,7.691985678659183680e-03,8.984488858644964701e-03,1.048099971887922130e-02,1.221167116721358532e-02,1.421081444727555036e-02,1.651743195817420226e-02,1.917581318012607366e-02,2.250498423689098818e-02,2.680644186429034445e-02,3.188728176205371523e-02,3.788108232342611570e-02,4.318169047921235210e-02,4.900027459150045617e-02,5.555049635558568372e-02,6.291783797015125523e-02,7.131241659524890919e-02,8.208767699626801084e-02,9.439472678134894212e-02,1.084377749873748215e-01,1.244464630852395309e-01,1.426788099390213505e-01,1.634244718880334957e-01,1.834940414914916218e-01,2.047296451342953683e-01,2.284792342210089366e-01,2.548955781480701788e-01,2.844278027290510491e-01
7.920164050192552452e+01,4.993753154283305121e-14,6.998724925526788848e-14,7.972800773700581257e-14,7.413475489387020466e-14,6.445372499404221709e-14,9.280456195742375570e-14,8.090286114796460509e-14,8.772708925518760053e-14,1.886321769193885690e-13,2.281696848766448494e-13,1.996957295483349964e-13,3.027445595592283665e-13,2.231211119625318981e-13,3.964345285794558728e-13,4.571029226803526283e-13,4.678574293730582441e-13,5.775118478546114463e-13,8.169897490501575423e-13,9.568158199229854931e-13,1.134279516035953984e-12,1.460612944424555951e-12,1.815874548073416399e-12,2.393202648939711425e-12,3.255969169364951870e-12,4.600008817009438548e-12,6.928947643314965126e-12,1.086130280435682428e-11,1.815805361797241107e-11,3.530584177154620424e-11,8.893254357018813111e-11,4.285703702291322802e-10,4.066160513680322613e-08,2.925525408373514038e-06,3.693334426194142082e-06,4.649580542706062374e-06,5.837385385309668505e-06,7.309041201071250383e-06,9.127817110411146938e-06,1.137009299955547437e-05,1.412787592626992568e-05,1.751176200368347524e-05,2.165441604505613987e-05,2.671465218163537918e-05,3.288221057177581055e-05,4.038333933563910600e-05,4.948730633848384512e-05,6.051398297014762870e-05,7.384266209262462454e-05,8.992229458732108689e-05,1.092833541061308554e-04,1.325515680392108143e-04,1.604637842456398491e-04,1.938862788546529307e-04,2.338358502951098483e-04,2.815040890081061363e-04,3.382852625190127852e-04,4.058083104747656493e-04,4.859735068651024111e-04,5.809944146928483532e-04,6.934458358950757037e-04,8.263185435104534798e-04,9.830816784819084754e-04,1.167753797445951610e-03,1.384983674138221378e-03,1.640142085710064078e-03,1.939425956433251871e-03,2.289976388644434334e-03,2.700012283002460774e-03,3.178981441087881925e-03,3.737731252807496504e-03,4.388701302099323048e-03,5.146140478047994855e-03,6.026351456728129379e-03,7.047965725672458541e-03,8.232252656696796567e-03,9.603466500774857084e-03,1.118923558041603691e-02,1.302099839267353495e-02,1.513449181793474936e-02,1.757029715101930678e-02,2.062072970292571153e-02,2.456204306398069442e-02,2.921748405841939969e-02,3.470944708173494958e-02,3.956625599530971121e-02,4.489767275927036144e-02,5.089947000869968902e-02,5.764997285126736287e-02,6.534170615692062867e-02,7.521479604088623927e-02,8.649142455958556963e-02,9.935870312390149284e-02,1.140270462202446766e-01,1.307328697997843792e-01,1.497415784065471989e-01,1.681308012422853548e-01,1.875884306361735865e-01,2.093495592802845917e-01,2.335541657854746656e-01,2.606137724130700439e-01
8.643882620598270705e+01,4.575645684248407822e-14,6.412748990858839917e-14,7.305269268318706406e-14,6.792774108027257062e-14,5.905726604643298675e-14,8.503439803283463301e-14,7.412918020137108882e-14,8.038204231177771429e-14,1.728387406356402353e-13,2.090659272949136620e-13,1.829759851639711671e-13,2.773969386509808860e-13,2.044400516954639215e-13,3.632426120673907180e-13,4.188314782090712554e-13,4.286855520117564832e-13,5.291590338164245687e-13,7.485863845933432457e-13,8.767053640398733054e-13,1.039310717196664217e-12,1.338321520714563209e-12,1.663838456232448690e-12,2.192829127479057021e-12,2.983359572964069486e-12,4.214868024263533659e-12,6.348813888272269338e-12,9.951928292539509636e-12,1.663775062653269118e-11,3.234982137476466829e-11,8.148656863968798140e-11,3.926878450637212186e-10,3.725716756729209524e-08,2.680582578956987055e-06,3.384105943083337864e-06,4.260289302756234453e-06,5.348643879739438116e-06,6.697083695254302633e-06,8.363580593093146592e-06,1.041811946958072202e-05,1.294500399047289004e-05,1.604557048780264116e-05,1.984137626756619566e-05,2.447793857336555903e-05,3.012911136030846208e-05,3.700219987609206608e-05,4.534392723808156631e-05,5.544738325252212489e-05,6.766010406976615042e-05,8.239345166536183142e-05,1.001334852018077664e-04,1.214535423559635836e-04,1.470287775902500587e-04,1.776529371131078830e-04,2.142576867876709557e-04,2.579348498360209733e-04,3.099619572029303988e-04,3.718315637734979765e-04,4.452848410096280421e-04,5.323500189194462070e-04,6.353863213186217119e-04,7.571341154868659658e-04,9.007720847297275620e-04,1.069982327613690221e-03,1.269024394185250737e-03,1.502819387377288523e-03,1.777045387167670203e-03,2.098245599253186020e-03,2.473950787804001655e-03,2.912817726831985060e-03,3.424785596604753082e-03,4.021252463226357779e-03,4.715274211885981184e-03,5.521788559190329154e-03,6.457867050905964287e-03,7.542998257322396441e-03,8.799405715599718097e-03,1.025240453658691521e-02,1.193080099462642645e-02,1.386733986052713329e-02,1.609920471560869620e-02,1.889423645025689949e-02,2.250555901939779030e-02,2.677121810112582240e-02,3.180336048568310758e-02,3.625352773625217101e-02,4.113856577342910048e-02,4.663785595330716127e-02,5.282316552785186470e-02,5.987090001072563339e-02,6.891735459549323817e-02,7.924983500057732055e-02,9.103978652838448649e-02,1.044800064812447943e-01,1.197871166250393804e-01,1.372043002167166459e-01,1.540538651642463230e-01,1.718823831568676574e-01,1.918215373938758628e-01,2.139995866231231281e-01,2.387935979524208330e-01
9.433732216299779338e+01,4.192544721563406531e-14,5.875834535197959596e-14,6.693627571716109617e-14,6.224041631855547186e-14,5.411263155390254261e-14,7.791479962077585725e-14,6.792263313502847716e-14,7.365196749452559210e-14,1.583676271587554072e-13,1.915616528081381405e-13,1.676561197500327299e-13,2.541715751555294097e-13,1.873230837262168272e-13,3.328297252369521057e-13,3.837643524792446842e-13,3.927933831250321700e-13,4.848546122642045892e-13,6.859101669880673784e-13,8.033022441018509498e-13,9.522932853929856456e-13,1.226269080829891061e-12,1.524531753239845899e-12,2.009232099275391311e-12,2.733574514568363318e-12,3.861973567587344932e-12,5.817252469328063224e-12,9.118692160955111594e-12,1.524473667357740649e-11,2.964129703381236424e-11,7.466401614196552742e-11,3.598096237459092562e-10,3.413777027412285454e-08,2.456147857079314407e-06,3.100767954504745274e-06,3.903591899628828508e-06,4.900822793757778267e-06,6.136363004037718664e-06,7.663330617939339594e-06,9.545850969442404321e-06,1.186116930725354214e-05,1.470213746765677567e-05,1.818013523763524383e-05,2.242849626967437500e-05,2.760651840545782262e-05,3.390415003302992404e-05,4.154745710565235474e-05,5.080499016349197344e-05,6.199518751083627692e-05,7.549496938982149950e-05,9.174969912547873308e-05,1.112847110676825593e-04,1.347186316296202500e-04,1.627787497462534767e-04,1.963187265326002081e-04,2.363389711117656541e-04,2.840100517464057305e-04,3.406995575238280739e-04,4.080028784120701612e-04,4.877784286331851701e-04,5.821879033965336476e-04,6.937422297201863543e-04,8.253539521571619502e-04,9.803968815255332571e-04,1.162773932363712903e-03,1.376994182854160507e-03,1.628260309489458230e-03,1.922567680879682739e-03,2.266816539689965083e-03,2.668938862015867580e-03,3.138041659335816247e-03,3.684568682144978135e-03,4.320482697299116506e-03,5.059470744668308727e-03,5.917175036091402648e-03,6.911452439896158782e-03,8.062665803174464546e-03,9.394010701302947519e-03,1.093188157165206342e-02,1.270628159311439423e-02,1.475128111080587119e-02,1.731229574225812487e-02,2.062125636113555649e-02,2.452976844909139642e-02,2.914058918312657093e-02,3.321816129074756097e-02,3.769419415052672334e-02,4.273305021741215237e-02,4.840048795133988779e-02,5.485814312050457664e-02,6.314717335481576099e-02,7.261455548453768505e-02,8.341738036574689041e-02,9.573230313478806042e-02,1.097578086621674581e-01,1.257167194194329374e-01,1.411555360272378490e-01,1.574913417607494981e-01,1.757610683998956369e-01,1.960822360879325432e-01,2.188003415747443170e-01
1.029575567312512732e+02,3.841519307934883908e-14,5.383873832304971810e-14,6.133196248240388236e-14,5.702926907181000510e-14,4.958199201747960174e-14,7.139129740886208780e-14,6.223573604163961837e-14,6.748537558643035322e-14,1.451081235587461812e-13,1.755229429366629762e-13,1.536189269015179264e-13,2.328907807390271266e-13,1.716392527085132355e-13,3.049631907744164342e-13,3.516332603833027740e-13,3.599063255170705577e-13,4.442596270886444792e-13,6.284815845711311367e-13,7.360448810368191908e-13,8.725614836828099910e-13,1.123598354599053357e-12,1.396888657027082013e-12,1.841006933996570924e-12,2.504702984653489080e-12,3.538625587060795888e-12,5.330196614270669878e-12,8.355219640056918074e-12,1.396835434449281529e-11,2.715954686946351935e-11,6.841268934881285628e-11,3.296841676348930965e-10,3.127954794695328553e-08,2.250504178902264158e-06,2.841152750354887240e-06,3.576759378521412758e-06,4.490496020270814219e-06,5.622589268819488914e-06,7.021709841397886587e-06,8.746614107936671761e-06,1.086807987381656212e-05,1.347118485330204166e-05,1.665798343832571875e-05,2.055064577481015360e-05,2.529513231760575952e-05,3.106548781725043575e-05,3.806885060666516358e-05,4.655128653695498605e-05,5.680457231547729751e-05,6.917407012293125051e-05,8.406785475058943307e-05,1.019672763526398767e-04,1.234391661660719859e-04,1.491499200606145057e-04,1.798817254364179486e-04,2.165512310634947748e-04,2.602309980904762821e-04,3.121741127056128782e-04,3.738423890988356061e-04,4.469386437194096135e-04,5.334435814699965911e-04,6.356578992450441805e-04,7.562502856045326231e-04,8.983120753486103409e-04,1.065419407207394281e-03,1.261703831837891624e-03,1.491932425926582916e-03,1.761598589258888065e-03,2.077024834100734026e-03,2.445479023133338096e-03,2.875305673292207018e-03,3.376074120586589067e-03,3.958745536072425658e-03,4.635860997167195498e-03,5.421753054335700511e-03,6.332783489983629874e-03,7.387610249455178052e-03,8.607486833090999961e-03,1.001659777499020604e-02,1.164243420492476130e-02,1.351621389092888710e-02,1.586280475829091735e-02,1.889471901342942850e-02,2.247598663210381362e-02,2.670076133375984956e-02,3.043693423618785629e-02,3.453820632646640437e-02,3.915517863239973556e-02,4.434810391460959622e-02,5.026508480899133380e-02,5.786010687885449061e-02,6.653482203689874142e-02,7.643316853466237959e-02,8.771701086308895945e-02,1.005682155288041835e-01,1.151909489470857029e-01,1.293371336700556151e-01,1.443052061185606250e-01,1.610452798198617197e-01,1.796650354140884587e-01,2.004810425561052989e-01
1.123654800138751568e+02,3.519883882773107833e-14,4.933103079833688586e-14,5.619687653130953632e-14,5.225443085436589114e-14,4.543068525456168277e-14,6.541398258773887213e-14,5.702498065622163615e-14,6.183508836176138030e-14,1.329587864673403600e-13,1.608270916726930537e-13,1.407570134484714629e-13,2.133917442186242817e-13,1.572685676763379696e-13,2.794298125298201485e-13,3.221923792791013061e-13,3.297727729440067456e-13,4.070635016531374029e-13,5.758612733202292858e-13,6.744187145975591164e-13,7.995053146810250747e-13,1.029523847737648747e-12,1.279932619300410823e-12,1.686866605528436094e-12,2.294993975067365915e-12,3.242350271502254632e-12,4.883920045860443774e-12,7.655669694883171056e-12,1.279883852841418270e-11,2.488558396459995362e-11,6.268476176044554082e-11,3.020809984389639938e-10,2.866063342477303691e-08,2.062078243644189393e-06,2.603274114440600319e-06,3.277291269370988504e-06,4.114524306765749154e-06,5.151831804122802117e-06,6.433809469392540972e-06,8.014294230871021031e-06,9.958137944412003600e-06,1.234329509916882400e-05,1.526327547097101507e-05,1.883002037603182254e-05,2.317726956973631308e-05,2.846449571464125167e-05,3.488149425913786999e-05,4.265372892056749373e-05,5.204854708085648109e-05,6.338239509263705711e-05,7.702918123688531915e-05,9.342995409721687068e-05,1.131040863424636489e-04,1.366621791159179666e-04,1.648209303181764830e-04,1.984202412937581279e-04,2.384428718305828298e-04,2.860369920988844192e-04,3.425420242892840048e-04,4.095182146727578600e-04,4.887804314575714586e-04,5.824367431626531390e-04,6.929323994659134173e-04,8.230999097645644519e-04,9.762159966440425805e-04,1.156066292142802435e-03,1.367018744213631268e-03,1.614106811708704509e-03,1.903123647607236121e-03,2.240728604801449364e-03,2.634567546377375186e-03,3.093408605171992995e-03,3.627295216150325935e-03,4.247718441242798529e-03,4.967810822377776575e-03,5.802564233750522049e-03,6.769074463729722081e-03,7.886815539986427245e-03,9.177947119928057604e-03,1.066765860827885784e-02,1.238455403114194740e-02,1.453467399967346696e-02,1.731273790229877901e-02,2.059415995446222530e-02,2.446521075199181369e-02,2.788856847281493204e-02,3.164645705081068489e-02,3.587686827724827915e-02,4.063501018415999894e-02,4.605658535151399557e-02,5.301570585308158778e-02,6.096412095264330117e-02,7.003371751346643137e-02,8.037280774413173290e-02,9.214803117816069977e-02,1.055464601733714924e-01,1.185082400364227406e-01,1.322230941720891340e-01,1.475615868085661808e-01,1.646223829060679544e-01,1.836955469772550142e-01
1.226330684177563199e+02,3.225177736999652440e-14,4.520073603925076442e-14,5.149173129396122953e-14,4.787937121332365225e-14,4.162695121187200467e-14,5.993712501795548539e-14,5.225050149108488042e-14,5.665787764357747040e-14,1.218266659737418157e-13,1.473616667037669773e-13,1.289719778320975722e-13,1.955252859566545584e-13,1.441010840391531924e-13,2.560342444351181450e-13,2.952164682953230505e-13,3.021621851712118728e-13,3.729816626912424436e-13,5.276466554486038216e-13,6.179522666589563812e-13,7.325658537038612419e-13,9.433258323333497210e-13,1.172768854345025472e-12,1.545631845432436295e-12,2.102843082739477952e-12,2.970880932289526814e-12,4.475008473514117312e-12,7.014690337542509798e-12,1.172724170911396989e-11,2.280201110260230609e-11,5.743641120332605478e-11,2.767889349146392975e-10,2.626099039865529842e-08,1.889428476860150129e-06,2.385312128701980043e-06,3.002896456718137334e-06,3.770031238095878129e-06,4.720489025431484780e-06,5.895131702024937194e-06,7.343288640194074667e-06,9.124381902901349822e-06,1.130983915403845874e-05,1.398534096070400560e-05,1.725345622940890219e-05,2.123672720756383469e-05,2.608127453382263279e-05,3.196100282411058898e-05,3.908249859829255246e-05,4.769072528497874194e-05,5.807563441821242422e-05,7.057982839729030206e-05,8.560742852853563632e-05,1.036343224333897929e-04,1.252199880034874898e-04,1.510211168201821522e-04,1.818072885650298112e-04,2.184789803828391514e-04,2.620882306347187903e-04,3.138623169166077412e-04,3.752308521660287655e-04,4.478567527563123100e-04,5.336715868532700743e-04,6.349158729186611845e-04,7.541849653880230769e-04,8.944812396478264618e-04,1.059273371534410991e-03,1.252563597758666073e-03,1.478963945299547212e-03,1.743782529037501668e-03,2.053121140226478198e-03,2.413985483664270095e-03,2.834409570631556304e-03,3.323595938465073816e-03,3.892073547308611860e-03,4.551875402587400414e-03,5.316738167356459092e-03,6.202326266318263642e-03,7.226483242778822778e-03,8.409513412479837149e-03,9.774497169556610118e-03,1.134764363659635129e-02,1.331774244818639472e-02,1.586320989799632278e-02,1.886989128317866776e-02,2.241683409913063432e-02,2.555356743315359905e-02,2.899682266074612297e-02,3.287303805882646479e-02,3.723279930628178858e-02,4.220044713546086679e-02,4.857690762627428493e-02,5.585983293781666276e-02,6.417006756080945173e-02,7.364350610120286300e-02,8.443283601446886777e-02,9.670946681971011316e-02,1.085860074211768833e-01,1.211525703242975344e-01,1.352068308106761096e-01,1.508391930083185783e-01,1.683154354598367930e-01
1.338388753173757664e+02,2.955146187107528805e-14,4.141625474728375229e-14,4.718052951167674751e-14,4.387061824809271818e-14,3.814168898149252890e-14,5.491882336623531264e-14,4.787577084030093267e-14,5.191413458155124143e-14,1.116265945005698267e-13,1.350236492363255943e-13,1.181736572722351482e-13,1.791547165445347624e-13,1.320360624380717530e-13,2.345974959864600434e-13,2.704991451000979718e-13,2.768633241985205460e-13,3.417533631459425385e-13,4.834688594370479433e-13,5.662135341199853146e-13,6.712309726508478699e-13,8.643448404841306953e-13,1.074577493363287428e-12,1.416222120815826841e-12,1.926780235009317303e-12,2.722140661795967849e-12,4.100333471879148669e-12,6.427377681210567251e-12,1.074536551099238227e-11,2.089288766792885513e-11,5.262748456354838523e-11,2.536144772000943018e-10,2.406226012165418143e-08,1.731234001509622488e-06,2.185599249718422018e-06,2.751475651262771344e-06,3.454381230133274078e-06,4.325260894850424183e-06,5.401555322635412367e-06,6.728463729905092894e-06,8.360433002106749549e-06,1.036291044348722458e-05,1.281440292151800849e-05,1.580889164830851369e-05,1.945865888695415114e-05,2.389759116507845954e-05,2.928503274355001985e-05,3.581027345885837225e-05,4.369776690738477043e-05,5.321318811238267925e-05,6.467045471081230002e-05,7.843985250857187278e-05,9.495742491308689962e-05,1.147358069147543527e-04,1.383767078706986669e-04,1.665852735580147196e-04,2.001865876831076196e-04,2.401446055393105310e-04,2.875838495572959324e-04,3.438142367605175075e-04,4.103594540217173634e-04,4.889893468395955676e-04,5.817568438057934719e-04,6.910400004539284232e-04,8.195898149921944072e-04,9.705845445611135719e-04,1.147691334205253044e-03,1.355136063877007474e-03,1.597782420705842624e-03,1.881221316768252232e-03,2.211871896529887024e-03,2.597095514849088495e-03,3.045324216512222508e-03,3.566205412905700325e-03,4.170764632853520004e-03,4.871588422202420207e-03,5.683029684484413625e-03,6.621437992735526579e-03,7.705417661551372706e-03,8.956116653707281092e-03,1.039754970420296055e-02,1.220269982802574087e-02,1.453504521861186637e-02,1.728998890104425923e-02,2.053996003230970299e-02,2.341406692126348291e-02,2.656903182143797656e-02,3.012070682608465264e-02,3.411544227254173500e-02,3.866716832871509857e-02,4.450975265840815404e-02,5.118290704568081995e-02,5.879735814348360790e-02,6.747762263256100457e-02,7.736360404340089647e-02,8.861236044477233120e-02,9.949452463430395743e-02,1.110089382500791810e-01,1.238864903342550977e-01,1.382100158298832926e-01,1.542230406790550123e-01
1.460686320364988831e+02,2.707723325443850795e-14,3.794863330991763040e-14,4.323028783581141466e-14,4.019750252973895177e-14,3.494823416099722229e-14,5.032068453447213632e-14,4.386731932025749364e-14,4.756756661987180595e-14,1.022805352194432872e-13,1.237186458384991507e-13,1.082794379665642068e-13,1.641547910446119540e-13,1.209811980277233282e-13,2.149555628566080311e-13,2.478513069490679818e-13,2.536826381594430290e-13,3.131396872940824014e-13,4.429898979396225496e-13,5.188066838139453545e-13,6.150314219094605427e-13,7.919766189626966818e-13,9.846073119735256375e-13,1.297647367589615370e-12,1.765458442665217394e-12,2.494226443768110058e-12,3.757028546453207626e-12,5.889238422375820353e-12,9.845697976455219900e-12,1.914360769058990908e-11,4.822119059078919361e-11,2.323803264220564196e-10,2.204762095308473590e-08,1.586284532433700737e-06,2.002607550974536992e-06,2.521105329008187048e-06,3.165159365927145827e-06,3.963123673783414014e-06,4.949304167957595062e-06,6.165115710806635492e-06,7.660446562466888463e-06,9.495264379722891820e-06,1.174150295630284675e-05,1.448527482406468725e-05,1.782946129024914046e-05,2.189673908583843063e-05,2.683311119837063279e-05,3.281201896478138876e-05,4.003912335746278830e-05,4.875785546641965437e-05,5.925584982952145259e-05,7.187238966669334079e-05,8.700701017194472330e-05,1.051294254078123999e-04,1.267909659543305448e-04,1.526377384835845956e-04,1.834257456620496025e-04,2.200382345669193377e-04,2.635055757527202179e-04,3.150280120007657985e-04,3.760016578261333488e-04,4.480481764684178308e-04,5.330486128171445194e-04,6.331819170933441045e-04,7.509687571574015248e-04,8.893212870784440163e-04,1.051599616152681460e-03,1.241675807890049808e-03,1.464006331870825644e-03,1.723713994914540925e-03,2.026680491563030619e-03,2.379650839150382075e-03,2.790351100247996478e-03,3.267620946123271902e-03,3.821562781084442053e-03,4.463709328596988761e-03,5.207211779573573882e-03,6.067050821082683662e-03,7.060273101037786367e-03,8.206255945793222359e-03,9.527003430273191242e-03,1.118101537645950667e-02,1.331808258641127736e-02,1.584236558186869967e-02,1.882022930906385519e-02,2.145369844063877221e-02,2.434451043783499372e-02,2.759881755009691018e-02,3.125908938183882130e-02,3.542971717247092589e-02,4.078312470926259703e-02,4.689756191292323434e-02,5.387448472571738228e-02,6.182798453247383835e-02,7.088625128686282251e-02,8.119319319826849568e-02,9.116423623358632655e-02,1.017145929172126595e-01,1.135139578031408858e-01,1.266382303877955640e-01,1.413105471361772725e-01
1.594159037455999623e+02,2.481016214744004345e-14,3.477134228765665031e-14,3.961078448482816824e-14,3.683192246096546823e-14,3.202215485435218408e-14,4.610752992888531433e-14,4.019447980826158717e-14,4.358491983684204451e-14,9.371698502118478751e-14,1.133601662722214379e-13,9.921362304414071684e-14,1.504107507892580529e-13,1.108519142873414724e-13,1.969581721608312718e-13,2.270996839329337903e-13,2.324427805301874281e-13,2.869217228939500355e-13,4.059000819723101391e-13,4.753690241409620949e-13,5.635372403065981312e-13,7.256675063071652799e-13,9.021699828808754059e-13,1.189000415868548973e-12,1.617643494647338048e-12,2.285394594079356668e-12,3.442467203135891353e-12,5.396155464300519058e-12,9.021356094812048419e-12,1.754078810148230537e-11,4.418381842258495506e-11,2.129240282502349553e-10,2.020165966261208505e-08,1.453471116928277359e-06,1.834937033281333922e-06,2.310023015117885029e-06,2.900152920101932465e-06,3.631306789470715084e-06,4.534918238143866713e-06,5.648934623620375561e-06,7.019067256638896700e-06,8.700262936026539835e-06,1.075843271958994827e-05,1.327247927283582222e-05,1.633667005250901598e-05,2.006341054549168026e-05,2.458647947876053000e-05,3.006479662273697239e-05,3.668680375891694733e-05,4.467555044180980984e-05,5.429458869154578647e-05,6.585479486765358692e-05,7.972225264101035955e-05,9.632734874813989208e-05,1.161752530104546874e-04,1.398579761089705474e-04,1.680682235562075129e-04,2.016152915972995157e-04,2.414432818799124361e-04,2.886519455396538013e-04,3.445205058697597793e-04,4.105348505731883221e-04,4.884185319891755968e-04,5.801680653372413062e-04,6.880930727914216262e-04,8.148618851214978545e-04,9.635532827807286515e-04,1.137715136507013456e-03,1.341430793068200747e-03,1.579394146653859002e-03,1.856994440467436011e-03,2.180411957855220642e-03,2.556725888310338191e-03,2.994035791910193162e-03,3.501598238061677006e-03,4.089980360285835892e-03,4.771232251585491406e-03,5.559080324543373176e-03,6.469143977745344005e-03,7.519178149604700649e-03,8.729344599694287277e-03,1.024487257823909238e-02,1.220301148780399657e-02,1.451594611575599686e-02,1.724448493028134244e-02,1.965746396512944166e-02,2.230623955140344228e-02,2.528807622482171294e-02,2.864188777550288195e-02,3.246332517163125903e-02,3.736851278002020771e-02,4.297101201019150329e-02,4.936378429416264646e-02,5.665136859020274834e-02,6.495122200725439443e-02,7.439520388174311605e-02,8.353141038263393880e-02,9.319842686007223653e-02,1.040098769556503239e-01,1.160353053970554077e-01,1.294791663035710638e-01
1.739828052930363924e+02,2.273290405995846088e-14,3.186007344747787956e-14,3.629432802905731219e-14,3.374812928158758309e-14,2.934106475286511469e-14,4.224712632211329813e-14,3.682915282016523520e-14,3.993572453189889824e-14,8.587042747300153822e-14,1.038689617896451033e-13,9.090685343771736411e-14,1.378174454063909337e-13,1.015707159582949058e-13,1.804676327767954073e-13,2.080855133559441315e-13,2.129812533195376770e-13,2.628988863718153445e-13,3.719156516015712669e-13,4.355682302538924050e-13,5.163544656408260583e-13,6.649101969699231694e-13,8.266348097495791602e-13,1.089450049562831407e-12,1.482204515572996640e-12,2.094047420472599054e-12,3.154242853931387227e-12,4.944356418695217763e-12,8.266033143005659896e-12,1.607216634366907067e-11,4.048447967547392985e-11,1.950967300216502534e-10,1.851025350954744905e-08,1.331777650572932374e-06,1.681304913920259827e-06,2.116613799897688021e-06,2.657334430145523770e-06,3.327271638401251499e-06,4.155227225635749490e-06,5.175971365144416861e-06,6.431388137946207388e-06,7.971823861760265123e-06,9.857671118654560087e-06,1.216122636176709669e-05,1.496886440144461764e-05,1.838357945166764804e-05,2.252794946849919400e-05,2.754758848995928383e-05,3.361516080232614871e-05,4.093504089106847206e-05,4.974871459383713211e-05,6.034102980536483832e-05,7.304741943892764850e-05,8.826223562862007990e-05,1.064483522974705960e-04,1.281482133817188091e-04,1.539965268636964905e-04,1.847348297711497503e-04,2.212281778039041041e-04,2.644842442253193273e-04,3.156751479527803057e-04,3.761623691086046642e-04,4.475251537185671673e-04,5.315928565716396834e-04,6.304817241874982820e-04,7.466366784102320287e-04,8.828787254166520129e-04,1.042458686568686248e-03,1.229118025939217535e-03,1.447157636269088546e-03,1.701515540452776731e-03,1.997854570822437791e-03,2.342661203952192163e-03,2.743356855352074939e-03,3.208423077984160540e-03,3.747542260504162052e-03,4.371755588637459694e-03,5.093640215990557878e-03,5.927507789839944578e-03,6.889626696870936214e-03,7.998470631182171345e-03,9.387109364444005608e-03,1.118130094218037357e-02,1.330058257692832979e-02,1.580067148105818858e-02,1.801162119480493803e-02,2.043862513461353406e-02,2.317080425607395341e-02,2.624381424946822458e-02,2.974529760056706176e-02,3.423979298656794346e-02,3.937321681260354256e-02,4.523074721264860876e-02,5.190817050582258868e-02,5.951310957555865783e-02,6.816638369045156798e-02,7.653765126308811895e-02,8.539528616372570047e-02,9.530153572030770903e-02,1.063201219517791868e-01,1.186383808316301830e-01
1.898807824465263252e+02,2.082956668836596493e-14,2.919255378987821480e-14,3.325554553420574624e-14,3.092253007465994925e-14,2.688445186613718768e-14,3.870993924917342818e-14,3.374559153200662063e-14,3.659206211363919330e-14,7.868083157742612113e-14,9.517241883141533780e-14,8.329557724416421706e-14,1.262785283543707888e-13,9.306659615763348864e-14,1.653577819226791834e-13,1.906633251034986450e-13,1.951491638591457986e-13,2.408873882340609499e-13,3.407766050060990808e-13,3.990998015685802343e-13,4.731221206289124066e-13,6.092398601177605875e-13,7.574239019876033823e-13,9.982346470631286949e-13,1.358105313843537080e-12,1.918720999230505843e-12,2.890150405068205879e-12,4.530384744625124413e-12,7.573950435296664593e-12,1.472650655626694817e-11,3.709487212984003920e-11,1.787620419260908059e-10,1.696046219518436897e-08,1.220273103406346203e-06,1.540535812565402755e-06,1.939397983742036442e-06,2.434846185072418035e-06,3.048692164432343066e-06,3.807326260358654845e-06,4.742607475181736246e-06,5.892913099214527317e-06,7.304374149404032210e-06,9.032326772524525184e-06,1.114301432173487016e-05,1.371557978147591293e-05,1.684439406199144231e-05,2.064177214528304998e-05,2.524113637403518031e-05,3.080069452743194772e-05,3.750770961257716632e-05,4.558344880001702755e-05,5.528891078150363836e-05,6.693144398107153897e-05,8.087238296706963101e-05,9.753584703470963215e-05,1.174188634056260269e-04,1.411029984389054650e-04,1.692677031598368252e-04,2.027056055292446302e-04,2.423400102592711486e-04,2.892448993230055756e-04,3.446677614235147866e-04,4.100556184777721328e-04,4.870846605349271434e-04,5.776939490494400553e-04,6.841237020974960496e-04,8.089587340139990255e-04,9.551776875703103450e-04,1.126208768648647406e-03,1.325992773019256474e-03,1.559054282183819319e-03,1.830582001615097465e-03,2.146519320508628696e-03,2.513666288206135510e-03,2.939794330328317131e-03,3.433775166901567241e-03,4.005725548244229439e-03,4.667169591957183450e-03,5.431220686922894926e-03,6.312785131275564648e-03,7.328789888776316049e-03,8.601163318243834274e-03,1.024513423465619674e-02,1.218697668584421516e-02,1.447774289934979607e-02,1.650357841889651261e-02,1.872737878702521175e-02,2.123080320939199281e-02,2.404652206443113824e-02,2.725483987448966069e-02,3.137302869569518621e-02,3.607665097123170100e-02,4.144375320221224679e-02,4.756210189293688662e-02,5.453030908266610910e-02,6.245907831397399385e-02,7.012945231064791896e-02,7.824547199636007477e-02,8.732230992371801948e-02,9.741835291561219690e-02,1.087052520353052748e-01
2.072314645219029501e+02,1.908558832961873216e-14,2.674837514671192389e-14,3.047118844278428370e-14,2.833350726613276607e-14,2.463352159270464757e-14,3.546890705061670509e-14,3.092020480095119283e-14,3.352835150540246059e-14,7.209319249821725152e-14,8.720400348822334047e-14,7.632156351327289021e-14,1.157057198116239103e-13,8.527449313170568410e-14,1.515130199341992456e-13,1.746998287061871549e-13,1.788100856829273123e-13,2.207188269643736864e-13,3.122447093027701615e-13,3.656847321468686785e-13,4.335094512073119812e-13,5.582305833897425364e-13,6.940077535277292227e-13,9.146563543662320451e-13,1.244396454140486079e-12,1.758073975257566264e-12,2.648169386673871603e-12,4.151073303843316081e-12,6.939813112758930020e-12,1.349351361319130205e-11,3.398906320050355185e-11,1.637949935400724943e-10,1.554042886154459990e-08,1.118104396973743145e-06,1.411552758900165322e-06,1.777019756520764090e-06,2.230986012790665003e-06,2.793437063027764991e-06,3.488553685676909729e-06,4.345527453091336940e-06,5.399522474783134191e-06,6.692807397616135308e-06,8.276085288671951496e-06,1.021005320357727461e-05,1.256722779343743498e-05,1.543407866034023307e-05,1.891351709100620336e-05,2.312779449587255482e-05,2.822187253397071346e-05,3.436733541136800302e-05,4.176692446162578071e-05,5.065978597424087502e-05,6.132753528872762706e-05,7.410125383966134106e-05,8.936955106823515644e-05,1.075878400458129793e-04,1.292889948490352910e-04,1.550955787195100900e-04,1.857338559710934220e-04,2.220498266143656487e-04,2.650275523016155563e-04,3.158100743734910086e-04,3.757232612469628180e-04,4.463029621174986099e-04,5.293258883886214341e-04,6.268446934165109417e-04,7.412277751156577579e-04,8.752043861184246459e-04,1.031915702002588874e-03,1.214972571082341933e-03,1.428520749301475865e-03,1.677314512065636917e-03,1.966799631779302896e-03,2.303206816181089644e-03,2.693656819742272761e-03,3.146278567981689207e-03,3.670341775180880131e-03,4.276405689531759431e-03,4.976485767023470022e-03,5.784240259599716244e-03,6.715178902381183264e-03,7.881021468368196864e-03,9.387349113390074801e-03,1.116660867163389408e-02,1.326557796679386086e-02,1.512179818145551434e-02,1.715940842022560878e-02,1.945323088203861767e-02,2.203320058199584666e-02,2.497289845807126873e-02,2.874628739510884032e-02,3.305609372723263689e-02,3.797382942649161347e-02,4.357991265017449600e-02,4.996469903619865649e-02,5.722962335139385182e-02,6.425778685690243519e-02,7.169428387645397638e-02,8.001115357461156818e-02,8.926189427336302107e-02,9.960378536208720768e-02
2.261675949222864404e+02,1.748762647526076781e-14,2.450883804613588520e-14,2.791995470832517213e-14,2.596125323709708867e-14,2.257105292976290636e-14,3.249923383416701046e-14,2.833137667852029168e-14,3.072115343428023585e-14,6.605711073948750322e-14,7.990275247542507582e-14,6.993145674512565014e-14,1.060181312816401943e-13,7.813479249367469480e-14,1.388274258559859536e-13,1.600728935856110535e-13,1.638390147805767297e-13,2.022389006484344257e-13,2.861016779183724863e-13,3.350673761293464029e-13,3.972133960598845142e-13,5.114921144053484240e-13,6.359011917800397141e-13,8.380757460621569840e-13,1.140207993660655304e-12,1.610877299887529240e-12,2.426448494936084268e-12,3.803520130232670647e-12,6.358769634347934338e-12,1.236375435910126531e-11,3.114329153647375881e-11,1.500810777261357525e-10,1.423928937911252545e-08,1.024489877751340367e-06,1.293368953131089261e-06,1.628236824796626752e-06,2.044194257437065268e-06,2.559553475465480100e-06,3.196470695081306601e-06,3.981693392166478493e-06,4.947441522525461877e-06,6.132444744118147157e-06,7.583160954021635031e-06,9.355205280185661479e-06,1.151502283741963920e-05,1.414184346536279636e-05,1.732996209017490172e-05,2.119139448862307024e-05,2.585896524555081124e-05,3.148989249083379669e-05,3.826994281710647958e-05,4.641823972800092053e-05,5.619282000928847839e-05,6.789704493863867041e-05,8.188698720477217497e-05,9.857992991924003322e-05,1.184641316910878538e-04,1.421100309704404928e-04,1.701830847934488941e-04,2.034584608902132851e-04,2.428378292698864357e-04,2.893685288808836662e-04,3.442654183500856507e-04,4.089357562114610996e-04,4.850074967540024345e-04,5.743614326761643319e-04,6.791676651746243092e-04,8.019269372061667376e-04,9.455174259717605712e-04,1.113247657542850181e-03,1.308916279891429940e-03,1.536879511490756977e-03,1.802127171466867987e-03,2.110368294706590347e-03,2.468127442688726903e-03,2.882852937710894594e-03,3.363038377040744598e-03,3.918358924212704021e-03,4.559824027960501618e-03,5.299948388076016273e-03,6.152943170064679480e-03,7.221174286173414301e-03,8.601382993945956221e-03,1.023167209060525662e-02,1.215490287515672008e-02,1.385570901271002825e-02,1.572271809528988720e-02,1.782448775100949762e-02,2.018844665293787963e-02,2.288201509416556284e-02,2.633947289620715976e-02,3.028843595750987591e-02,3.479442883168470946e-02,3.993113657743699307e-02,4.578134970761568029e-02,5.243801025174003871e-02,5.887773304512425310e-02,6.569160118040667795e-02,7.331213182441539966e-02,8.178834409334523325e-02,9.126434898687890707e-02
2.468340467068648536e+02,1.602345573301752414e-14,2.245680865013432566e-14,2.558232582160819163e-14,2.378761878330204080e-14,2.068126672188990789e-14,2.977819977087515699e-14,2.595930103527360636e-14,2.814899110624378406e-14,6.052640655852246862e-14,7.321280672637071204e-14,6.407636868766329202e-14,9.714164674616146445e-14,7.159287113674683692e-14,1.272039470810456314e-13,1.466706146802473027e-13,1.501214132399078608e-13,1.853062264692496614e-13,2.621475005628926400e-13,3.070134918870889617e-13,3.639562680121922672e-13,4.686668750934321047e-13,5.826596657628240946e-13,7.679069333359811325e-13,1.044742826517959490e-12,1.476004827904223992e-12,2.223291428488472600e-12,3.485066227977942752e-12,5.826374659624060837e-12,1.132858543995218913e-11,2.853578523198102793e-11,1.375153745827270400e-10,1.304708922955388408e-08,9.387133370155283385e-07,1.185080216361734431e-06,1.491910907515464578e-06,1.873041847049344512e-06,2.345252048265784041e-06,2.928842673817421438e-06,3.648321737777544319e-06,4.533211544747237658e-06,5.618999069517115117e-06,6.948252470683030207e-06,8.571930438496597334e-06,1.055091489751916788e-05,1.295780208200752629e-05,1.587899197181638446e-05,1.941712169971882522e-05,2.369389496624317893e-05,2.885336664058821342e-05,3.506574980329762694e-05,4.253182160188649690e-05,5.148801440870373489e-05,6.221229024510914940e-05,7.503090922270364211e-05,9.032621696600815018e-05,1.085455920955218887e-04,1.302117124753287929e-04,1.559343190200163109e-04,1.864236776897189719e-04,2.225059651813079899e-04,2.651408308389147832e-04,3.154414179159839007e-04,3.746971606794159606e-04,4.443997111565429407e-04,5.262723906105050333e-04,6.223036061307562041e-04,7.347847232221792375e-04,8.663529405370183059e-04,1.020039774165940267e-03,1.199325826105486752e-03,1.408202585650579573e-03,1.651242093838057581e-03,1.933675390335696858e-03,2.261480760543225360e-03,2.641482907789591012e-03,3.081464293578349903e-03,3.590290017745830300e-03,4.178047750833222690e-03,4.856204385641035848e-03,5.637781242227370669e-03,6.616573534355452840e-03,7.881222751480777139e-03,9.375014102142155067e-03,1.113722027598927806e-02,1.269562455081088906e-02,1.440631624646102234e-02,1.633211292830720821e-02,1.849814677362681889e-02,2.096619323738920307e-02,2.413417158586107433e-02,2.775250337569088246e-02,3.188122704523942141e-02,3.658785829070594631e-02,4.194825589827998191e-02,4.804758022393353090e-02,5.394813015040130638e-02,6.019149968890172980e-02,6.717399303121543430e-02,7.494052511417106932e-02,8.362314108565215010e-02
2.693889309590172729e+02,1.468187429501597729e-14,2.057658767010611419e-14,2.344041748204466400e-14,2.179597426256511837e-14,1.894970494078954578e-14,2.728498727443542541e-14,2.378583003172130416e-14,2.579218589544325294e-14,5.545876666230906756e-14,6.708298403614401216e-14,5.871150431144897854e-14,8.900835563199731871e-14,6.559867933376496384e-14,1.165536568385471933e-13,1.343904563028108744e-13,1.375523329612872832e-13,1.697912590415311242e-13,2.401989130276214801e-13,2.813084499289400698e-13,3.334836295536016366e-13,4.294272259997635699e-13,5.338758450137911846e-13,7.036130815575897456e-13,9.572705853924917822e-13,1.352424701837119162e-12,2.037143910660470051e-12,3.193275228610242679e-12,5.338555039160564460e-12,1.038008717601419294e-11,2.614659525798937783e-11,1.260017487423369867e-10,1.195470734752005664e-08,8.601185314050558340e-07,1.085858073067282906e-06,1.366999027455128341e-06,1.716219360285540848e-06,2.148893243535216434e-06,2.683622102706552474e-06,3.342861991464869555e-06,4.153663427019082947e-06,5.148542198201970662e-06,6.366502397756576670e-06,7.854236143599210209e-06,9.667527954259575525e-06,1.187289586451174565e-05,1.454950592095981843e-05,1.779140184965660794e-05,2.171009757507429927e-05,2.643758681419888139e-05,3.212983137037346055e-05,3.897079810382121884e-05,4.717712382672158058e-05,5.700349788476819976e-05,6.874886390321984831e-05,8.276355519905879900e-05,9.945749312619823459e-05,1.193095937702273144e-04,1.428785468176694694e-04,1.708151504306986020e-04,2.038764087544281162e-04,2.429416234371784727e-04,2.890307385903651536e-04,3.433252291800475628e-04,4.071918570285250772e-04,4.822096564325766346e-04,5.702005529132072800e-04,6.732640648806255271e-04,7.938165886321322173e-04,9.346358232426390557e-04,1.098910953482002588e-03,1.290299276818032866e-03,1.512990035127949892e-03,1.771776293535419142e-03,2.072135798926068220e-03,2.420321848843567936e-03,2.823465309650633522e-03,3.289689040958721812e-03,3.828236112008517530e-03,4.449613337400854483e-03,5.165751812863995408e-03,6.062593644825596366e-03,7.221358716636219754e-03,8.590080745068616117e-03,1.020474427067828531e-02,1.163266943519818825e-02,1.320013158890260239e-02,1.496468882747400801e-02,1.694936910903170960e-02,1.921077567069818040e-02,2.211351155093374890e-02,2.542889453579610243e-02,2.921193627942335683e-02,3.352449965216347527e-02,3.843609207997775862e-02,4.402474377445930731e-02,4.943126367474248023e-02,5.515190023834679045e-02,6.154977665313250690e-02,6.866604730348924157e-02,7.662170171220129833e-02
2.940048064334710602e+02,1.345261823705599082e-14,1.885379025763888467e-14,2.147784277176423914e-14,1.997108236776845278e-14,1.736312007247151344e-14,2.500052173383025408e-14,2.179433527617598406e-14,2.363270679060126306e-14,5.081542048478626760e-14,6.146638748617516780e-14,5.379581910010696355e-14,8.155603325331899763e-14,6.010635782597363179e-14,1.067950738492615301e-13,1.231384676791024319e-13,1.260356127400420207e-13,1.555752993097203208e-13,2.200879951010975742e-13,2.577555908537284483e-13,3.055623462336369033e-13,3.934729596434334176e-13,4.891765032611859604e-13,6.447023031661568663e-13,8.771220537707432873e-13,1.239191457616225426e-12,1.866581798303619513e-12,2.925914751287859544e-12,4.891578652442100986e-12,9.511002971445042143e-12,2.395744283983919061e-11,1.154521138767361090e-10,1.095378633888109833e-08,7.881041622551828428e-07,9.949434127465747634e-07,1.252545531807432639e-06,1.572527008544361512e-06,1.968974795491994705e-06,2.458932893363083712e-06,3.062977198054852817e-06,3.805893392499488570e-06,4.717474845381027033e-06,5.833459988919460453e-06,7.196631592152728603e-06,8.858103553499975194e-06,1.087882461218304282e-05,1.333133255056555233e-05,1.630179718040023563e-05,1.989239580030008209e-05,2.422407080826023294e-05,2.943972593426630272e-05,3.570792521102442082e-05,4.322716729557129464e-05,5.223081738827683464e-05,6.299278973089241190e-05,7.583408559848568958e-05,9.113030522918730606e-05,1.093202669330820193e-04,1.309158834887944956e-04,1.565134642672662843e-04,1.868066324097564256e-04,2.226010690678931203e-04,2.648313224116374668e-04,3.145799471172974564e-04,3.730992713717871294e-04,4.418361230903267525e-04,5.224598850777228834e-04,6.168942912583147680e-04,7.273534224942480560e-04,8.563824119532201674e-04,1.006903426405919002e-03,1.182267552070982762e-03,1.386313281946274399e-03,1.623432376511306247e-03,1.898643952274696803e-03,2.217677742572078409e-03,2.587067574144471301e-03,3.014256211256872986e-03,3.507712837021403213e-03,4.077064571441433270e-03,4.733243566145355248e-03,5.554996330266007663e-03,6.616742523175099706e-03,7.870866795809726077e-03,9.350340843527154763e-03,1.065871140462728260e-02,1.209493606716762794e-02,1.371175381202416332e-02,1.553026455621927225e-02,1.760233236865107326e-02,2.026203349775485690e-02,2.329983239922923596e-02,2.676613481602218084e-02,3.071762408168614636e-02,3.521798803656829568e-02,4.033872372705558235e-02,4.529257680794224195e-02,5.053424678935852787e-02,5.639645397125724047e-02,6.291690704197407114e-02,7.020646554355351732e-02
3.208699997370450205e+02,1.232628299326919564e-14,1.727523595155979671e-14,1.967958678560138550e-14,1.829898155207554699e-14,1.590937376561084667e-14,2.290732558080888124e-14,1.996958060731570874e-14,2.165403244667228741e-14,4.656084356813797630e-14,5.632004665393241754e-14,4.929170503449520212e-14,7.472766475449184326e-14,5.507388697144724874e-14,9.785353894359541767e-14,1.128285641667266393e-13,1.154831425740232644e-13,1.425495864271130682e-13,2.016608858760764904e-13,2.361747207847375238e-13,2.799788030398588612e-13,3.605290037447424150e-13,4.482196630129610214e-13,5.907238944273777768e-13,8.036840460271409608e-13,1.135438791189698458e-12,1.710300186219428082e-12,2.680939323708016280e-12,4.482025854844360704e-12,8.714683796863021685e-12,2.195157961336412690e-11,1.057857587823160529e-10,1.003666854151378886e-08,7.221192752925882360e-07,9.116406822592773824e-07,1.147674780845638977e-06,1.440865456843497741e-06,1.804120217207621306e-06,2.253056034962946487e-06,2.806526066513674709e-06,3.487240786253704344e-06,4.322499080336710590e-06,5.345047141475274713e-06,6.594085704359440041e-06,8.116449100098679061e-06,9.967983067752322581e-06,1.221515208415025496e-05,1.493691129887185121e-05,1.822688310393015329e-05,2.219588386215528620e-05,2.697485253171557146e-05,3.271823993645875687e-05,3.960792521524858083e-05,4.785773481062966048e-05,5.771864919348263428e-05,6.948479345440034189e-05,8.350032028886209305e-05,1.001673074617622725e-04,1.199548072918396705e-04,1.434092024927222108e-04,1.711660418460061463e-04,2.039635499636079238e-04,2.426580289430666187e-04,2.882413953808929635e-04,3.418611249104792026e-04,4.048429081900529309e-04,4.787163571147516313e-04,5.652441388722782714e-04,6.664549579717385288e-04,7.846808535097432981e-04,9.225993306331945094e-04,1.083280902184863325e-03,1.270242679118587089e-03,1.487508716942015103e-03,1.739677901119019050e-03,2.032000236765810468e-03,2.370462498800073991e-03,2.761884297870527763e-03,3.214025725427193270e-03,3.735707860272772293e-03,4.336947547628196113e-03,5.089898158621603518e-03,6.062748484870639915e-03,7.211869824732977316e-03,8.567473282142423069e-03,9.766299080362052937e-03,1.108227425489128129e-02,1.256372215748205456e-02,1.422997609141922644e-02,1.612855774944359222e-02,1.856557247900343655e-02,2.134902832948403287e-02,2.452511076761863459e-02,2.814575725257372971e-02,3.226932329028248114e-02,3.696131975836135231e-02,4.150040604670090366e-02,4.630321144931676819e-02,5.167459889345137058e-02,5.764911986607475225e-02,6.432835207226002272e-02
3.501900461431712870e+02,1.129425140539836116e-14,1.582884783929051706e-14,1.803189175782404090e-14,1.676687921449982289e-14,1.457734396568498410e-14,2.098938457572684249e-14,1.829760552816683749e-14,1.984102478637852953e-14,4.266248577881332790e-14,5.160458886272673840e-14,4.516470286819827395e-14,6.847100891131755597e-14,5.046276526895201034e-14,8.966064387296593313e-14,1.033818686545631564e-13,1.058141895678280520e-13,1.306144656684028380e-13,1.847766066188364031e-13,2.164007327755770543e-13,2.565372701114666615e-13,3.303433167528609465e-13,4.106919792183582064e-13,5.412648872723393897e-13,7.363947161763857033e-13,1.040372930764336347e-12,1.567103423830989842e-12,2.456474732984067062e-12,4.106763315246740926e-12,7.985037320177399848e-12,2.011365948959089635e-11,9.692872988967668443e-11,9.196337439470469866e-09,6.616590454958772677e-07,8.353125644160116725e-07,1.051584448741289075e-06,1.320227413229991570e-06,1.653068269634183824e-06,2.064416442752182426e-06,2.571546587752186409e-06,3.195267719604937413e-06,3.960593095224570326e-06,4.897527196356915214e-06,6.041988633105883861e-06,7.436890480746712997e-06,9.133402732472058069e-06,1.119242505375730835e-05,1.368630198752648291e-05,1.670081728814799558e-05,2.033750909670773802e-05,2.471635336322418477e-05,2.997886934660610946e-05,3.629170815496502876e-05,4.385079337698860607e-05,5.288609186785280409e-05,6.366710277175258691e-05,7.650916422157939150e-05,9.178068957955420339e-05,1.099114592436294379e-04,1.314021094343629929e-04,1.568349769132637540e-04,1.868864776254459069e-04,2.223412188344176324e-04,2.641080678297176316e-04,3.132384265864731482e-04,3.709469908558676605e-04,4.386353040963634781e-04,5.179184522485345442e-04,6.106552843072981769e-04,7.189825868334302197e-04,8.453536879133356384e-04,9.925820183281101796e-04,1.163890215052339975e-03,1.362965415124617894e-03,1.594021457270046634e-03,1.861868784157716871e-03,2.171992921396994052e-03,2.530642500241567835e-03,2.944927889957929361e-03,3.422931614833323727e-03,3.973831848715936657e-03,4.663740842453260350e-03,5.555138206158139434e-03,6.608048099172958087e-03,7.850152167558365618e-03,8.948604958538691756e-03,1.015439866557203176e-02,1.151181071468665613e-02,1.303855570710624190e-02,1.477817652962948834e-02,1.701114952313754689e-02,1.956155747404383916e-02,2.247171892013026182e-02,2.578922279972512346e-02,2.956753873990564108e-02,3.386669264807574964e-02,3.802573894932463616e-02,4.242642419222952127e-02,4.734808632046258459e-02,5.282238395978175460e-02,5.894239011028816477e-02
3.821892620633119009e+02,1.034862779623002022e-14,1.450356016102863135e-14,1.652215180675333028e-14,1.536305382862903975e-14,1.335683982440735518e-14,1.923202528875061186e-14,1.676561839970487526e-14,1.817981318459622874e-14,3.909052227895961355e-14,4.728393795648822407e-14,4.138323849307132442e-14,6.273819845349738052e-14,4.623771479775098440e-14,8.215370794457086866e-14,9.472610810429167551e-14,9.695478027643169539e-14,1.196786260096615730e-13,1.693059821950461657e-13,1.982823436403657060e-13,2.350584052853261055e-13,3.026849595727496968e-13,3.763063419853028562e-13,4.959468898374742205e-13,6.747392594056631241e-13,9.532665639625325390e-13,1.435895967719748633e-12,2.250803686762717290e-12,3.762920044119662603e-12,7.316481296496098351e-12,1.842962124770803832e-11,8.881326547327727388e-11,8.426363982311065903e-09,6.062609148732816618e-07,7.653751021093745146e-07,9.635393852775220899e-07,1.209689922376475979e-06,1.514663312348924193e-06,1.891570907678587156e-06,2.356241024048117973e-06,2.927740418784653859e-06,3.628988086382341869e-06,4.487476350383578652e-06,5.536116495793551752e-06,6.814228653506703139e-06,8.368698552809466040e-06,1.025532696776806066e-05,1.254040131495719269e-05,1.530252300965061655e-05,1.863472880050054135e-05,2.264694951927922242e-05,2.746885556944032901e-05,3.325314501195062345e-05,4.017933751775180744e-05,4.845814571438008557e-05,5.833650463405397048e-05,7.010335037799144808e-05,8.409625049484479936e-05,1.007090015465002606e-04,1.204003234358448106e-04,1.437037961391517723e-04,1.712392019332771250e-04,2.037254559764564948e-04,2.419953296457382538e-04,2.870121951305897555e-04,3.398890464457052034e-04,4.019100812834553414e-04,4.745551607393647293e-04,5.595274996337268455e-04,6.587849797245916425e-04,7.745755215085848005e-04,9.094769981832253030e-04,1.066442227901332048e-03,1.248849638101474013e-03,1.460560259231280609e-03,1.705981774361604430e-03,1.990140427442608703e-03,2.318761676210201027e-03,2.698360566451081695e-03,3.136342904225376729e-03,3.641118410690751418e-03,4.273264015847601585e-03,5.090028155798769632e-03,6.054782011071607045e-03,7.192889551493428235e-03,8.199373175556556523e-03,9.304210479528748565e-03,1.054797171329151760e-02,1.194688830361608466e-02,1.354085746125850871e-02,1.558687233726909101e-02,1.792374458006860960e-02,2.059024956136308940e-02,2.362999178332803388e-02,2.709196406976058930e-02,3.103116659301014685e-02,3.484199217267979626e-02,3.887422520809967474e-02,4.338381576666833217e-02,4.839977182091525360e-02,5.400737373173843808e-02
4.171124612056520391e+02,9.482177562801223216e-15,1.328923364987032717e-14,1.513881649200536250e-14,1.407676526572951592e-14,1.223852373346195951e-14,1.762180283908274605e-14,1.536189857693818713e-14,1.665768834953126497e-14,3.581762534804506920e-14,4.332503829495464479e-14,3.791838137786774251e-14,5.748537385053524649e-14,4.236641131978454260e-14,7.527529847548685393e-14,8.679506061713932787e-14,8.883713476277669722e-14,1.096584015427728308e-13,1.551306528004349968e-13,1.816809365441910354e-13,2.153778820179740150e-13,2.773423287388592332e-13,3.447996800129124913e-13,4.544231915337716710e-13,6.182459735007831176e-13,8.734532734346716123e-13,1.315674000043659499e-12,2.062352674879923830e-12,3.447865428686578103e-12,6.703900860514443648e-12,1.688658095806710949e-11,8.137727723250506986e-11,7.720857398907886001e-09,5.555010536091560518e-07,7.012932306824356709e-07,8.828659914971713151e-07,1.108407304404516967e-06,1.387846462193306743e-06,1.733197054953658820e-06,2.158962155245363885e-06,2.682612135187575049e-06,3.325147071276766648e-06,4.111757462057872069e-06,5.072599059035724900e-06,6.243699871940227000e-06,7.668020070854734448e-06,9.396688448722249521e-06,1.149044243532739519e-05,1.402130245608200669e-05,1.707451565562755855e-05,2.075080878605292084e-05,2.516899545379930968e-05,3.046898890689266705e-05,3.681527833456687350e-05,4.440093421808423467e-05,5.345221668275575220e-05,6.423387033723868661e-05,7.705519951625133921e-05,9.227702973182793202e-05,1.103196740589395907e-04,1.316720379040423950e-04,1.569020115918388404e-04,1.866683183189891103e-04,2.217340047639396107e-04,2.629817837210302067e-04,3.114314625581044837e-04,3.682597181046483488e-04,4.348225084598756219e-04,5.126804449117389108e-04,6.036274834167526179e-04,7.097233348579220927e-04,8.333300371667078273e-04,9.771531805514938138e-04,1.144288329901300538e-03,1.338273246646985454e-03,1.563146575751082294e-03,1.823513733366132926e-03,2.124620806987908162e-03,2.472437363035811120e-03,2.873749148319999606e-03,3.336261770853516523e-03,3.915480290609858922e-03,4.663859955473926774e-03,5.547838734131582163e-03,6.590656970166129149e-03,7.512871646868967204e-03,8.525205233558342047e-03,9.664831191365392746e-03,1.094662195301964076e-02,1.240713429146708853e-02,1.428184432379936419e-02,1.642305937028880336e-02,1.886630829203852708e-02,2.165154475636627343e-02,2.482365960906289873e-02,2.843304807261303607e-02,3.192480809324653446e-02,3.561943798711254827e-02,3.975145812097586467e-02,4.434744774299163861e-02,4.948554702213465994e-02
4.552268275507309454e+02,8.688271827231591198e-15,1.217657796017448885e-14,1.387130244650919184e-14,1.289817262614720474e-14,1.121383988604936884e-14,1.614639803334399971e-14,1.407570673875589368e-14,1.526300508881014176e-14,3.281875530896759968e-14,3.969760185766679879e-14,3.474362323185884475e-14,5.267234775931931843e-14,3.881923697934298045e-14,6.897279139727618722e-14,7.952804879557370858e-14,8.139914803951338733e-14,1.004771313797105831e-13,1.421421684354003051e-13,1.664695004989578655e-13,1.973451321863630551e-13,2.541215375183062790e-13,3.159309479340378530e-13,4.163761104972570151e-13,5.664826500337522814e-13,8.003224383560043634e-13,1.205517748712511563e-12,1.889679931039124926e-12,3.159189107116211260e-12,6.142609394645679153e-12,1.547273341218652924e-11,7.456387527793968442e-11,7.074420129418767914e-09,5.089911175048802176e-07,6.425766843546042181e-07,8.089470662559199394e-07,1.015604684912748846e-06,1.271647492164760974e-06,1.588083227071109815e-06,1.978200676505377426e-06,2.458007486484398513e-06,3.046745479024857346e-06,3.767496050501408140e-06,4.647890128988661705e-06,5.720939239513896874e-06,7.026006664715120882e-06,8.609940383165285764e-06,1.052839251660132248e-05,1.284735350118059738e-05,1.564493307068895184e-05,1.901342451921692815e-05,2.306169365345269543e-05,2.791793933099298024e-05,3.373287870296046614e-05,4.068341721242572993e-05,4.897687110709094061e-05,5.885581896234914001e-05,7.060366826762725821e-05,8.455103402248525233e-05,1.010830381278475396e-04,1.206476518477998843e-04,1.437652182656047443e-04,1.710393082544693947e-04,2.031690815712429844e-04,2.409633449116245062e-04,2.853565211510089138e-04,3.374267685583876041e-04,3.984165161511755266e-04,4.697557113224240630e-04,5.530881090949696854e-04,6.503009687949040316e-04,7.635585641324422676e-04,8.953399568028380098e-04,1.048481532123337126e-03,1.226224848561665963e-03,1.432270411093161276e-03,1.670838042342510368e-03,1.946734595365439552e-03,2.265429828073460723e-03,2.633141343168795764e-03,3.056929588166586078e-03,3.587652400904458704e-03,4.273373155999730943e-03,5.083339840088380891e-03,6.038846973450446610e-03,6.883848213006407354e-03,7.811423057786604993e-03,8.855632580042349655e-03,1.003010400173088949e-02,1.136833333981432728e-02,1.308608121473696373e-02,1.504802067866773188e-02,1.728670589977437250e-02,1.983874538067690457e-02,2.274527143177578273e-02,2.605245988017826017e-02,2.925186845629875604e-02,3.263716140259967369e-02,3.642322361044475487e-02,4.063440895123181240e-02,4.534231522242689744e-02
4.968239594734387765e+02,7.960836721725130726e-15,1.115708059069709443e-14,1.270991240723095962e-14,1.181825895036485119e-14,1.027494881969559954e-14,1.479452311615722412e-14,1.289720272550755795e-14,1.398509321658663558e-14,3.007096895910421433e-14,3.637387652195907290e-14,3.183467520008471667e-14,4.826229756619797025e-14,3.556905370823019542e-14,6.319796864945479254e-14,7.286947552384345908e-14,7.458391492759925940e-14,9.206457314953425618e-14,1.302411591957216998e-13,1.525316586511098617e-13,1.808221941489932343e-13,2.328449325579622432e-13,2.894792821697564145e-13,3.815145631270877382e-13,5.190532677021239886e-13,7.333145628012873518e-13,1.104584450564999567e-12,1.731464402411161501e-12,2.894682527770131526e-12,5.628312673510188955e-12,1.417726180563647892e-11,6.832093288866344632e-11,6.482106530630212483e-09,4.663752769065788217e-07,5.887762453864757158e-07,7.412170842534437187e-07,9.305720667104975137e-07,1.165177408582598025e-06,1.455119213880742926e-06,1.812573651195654281e-06,2.252208108792024074e-06,2.791653365995058325e-06,3.452058303905843286e-06,4.258740420784765086e-06,5.241947315452758121e-06,6.437746536456141258e-06,7.889063663884755132e-06,9.646891284431923335e-06,1.177169471247670312e-05,1.433504385851585453e-05,1.742150465917926441e-05,2.113082801186716295e-05,2.558047918395763226e-05,3.090855636748589177e-05,3.727715340291573880e-05,4.487622875730902294e-05,5.392805084828592528e-05,6.469229856180973889e-05,7.747190579331878629e-05,9.261974968940624587e-05,1.105462946278364323e-04,1.317283173954667441e-04,1.567188542309346855e-04,1.861585269722025441e-04,2.207884240856459416e-04,2.614647328646630417e-04,3.091753415924812639e-04,3.650586555518375593e-04,4.304248982190576694e-04,5.067801994215142105e-04,5.958538056244802421e-04,6.996287843436543603e-04,8.203766351098344548e-04,9.606962637629272222e-04,1.123557825726087620e-03,1.312351997129435456e-03,1.530945291311617325e-03,1.783742102274444175e-03,2.075754226438054906e-03,2.412678690886454515e-03,2.800984799408481538e-03,3.287272261485637333e-03,3.915580292882824866e-03,4.657731626345586531e-03,5.533237875044851560e-03,6.307490457322056758e-03,7.157403078993286420e-03,8.114185011608918141e-03,9.190322522994082838e-03,1.041650713928492927e-02,1.199043468589884760e-02,1.378810861241070579e-02,1.583935745348751672e-02,1.817772462464159466e-02,2.084089858838846995e-02,2.387118904997232588e-02,2.680272362751074874e-02,2.990457920208438453e-02,3.337364919140960173e-02,3.723224841224110487e-02,4.154598005777964537e-02
5.422221006501586089e+02,7.294306919741140577e-15,1.022294175871446290e-14,1.164576102513984447e-14,1.082876223370876808e-14,9.414667439536449622e-15,1.355583541186740084e-14,1.181737025572201099e-14,1.281417592004910052e-14,2.755324404068194470e-14,3.332843374213055831e-14,2.916928203865595789e-14,4.422148367130887742e-14,3.259099560282955617e-14,5.790664928163547912e-14,6.676839861580466443e-14,6.833929469663555847e-14,8.435636560099381736e-14,1.193365750315990833e-13,1.397607779270316042e-13,1.656826572543938861e-13,2.133497347268977917e-13,2.652423111869796820e-13,3.495718371167493541e-13,4.755949625221543778e-13,6.719169952564026352e-13,1.012101903711540410e-12,1.586495642766591571e-12,2.652322052422631193e-12,5.157076010466837506e-12,1.299025498282372420e-11,6.260068771074525891e-11,5.939385038741126163e-09,4.273274943891391824e-07,5.394803072874862771e-07,6.791578694165970089e-07,8.526588979020346965e-07,1.067621649738886772e-06,1.333287758797105083e-06,1.660813930572841363e-06,2.063639510131633570e-06,2.557919120426786029e-06,3.163030929250564948e-06,3.902172699502353064e-06,4.803059516555396871e-06,5.898739133822543031e-06,7.228543140033499852e-06,8.839194711529458257e-06,1.078609663780311633e-05,1.313482655995306570e-05,1.596287003864284637e-05,1.936162621778044003e-05,2.343872545616052858e-05,2.832070352294633022e-05,3.415608277369826506e-05,4.111891719409490643e-05,4.941286553426013623e-05,5.927586478009186664e-05,7.098548535376565389e-05,8.486505937503075207e-05,1.012906846406002491e-04,1.206992192769641849e-04,1.435973959559976726e-04,1.705721997483570346e-04,2.023026706742542399e-04,2.395733108051593106e-04,2.832892963922837540e-04,3.344937184851746190e-04,3.943871006599139473e-04,4.643494703691251283e-04,5.459652910176605260e-04,6.410515956144498088e-04,7.516896998961254770e-04,8.802609134554407414e-04,1.029486712189106763e-03,1.202473884142535570e-03,1.402765214576526731e-03,1.634396334765492002e-03,1.901959422967275078e-03,2.210674516413315468e-03,2.566469269324184958e-03,3.012041779300760232e-03,3.587744030377237967e-03,4.267757927961537967e-03,5.069961453972276003e-03,5.779388888040815249e-03,6.558141641569006225e-03,7.434815955553569430e-03,8.420852671325928379e-03,9.544373633272276725e-03,1.098652236659653295e-02,1.263368406830671538e-02,1.451318984622890912e-02,1.665577465655378175e-02,1.909597145386023390e-02,2.187254751683050114e-02,2.455863614066112685e-02,2.740078544889954990e-02,3.057940374151511820e-02,3.411493750270997577e-02,3.806749722624861582e-02
5.917685748188824846e+02,6.683583057818748194e-15,9.367014726881894613e-15,1.067070688681588519e-14,9.922112216924902073e-15,8.626414063218037116e-15,1.242085819670330529e-14,1.082794794600139338e-14,1.174129496078134249e-14,2.524631840755919956e-14,3.053797400541017254e-14,2.672705184843198351e-14,4.051899135986138046e-14,2.986227868462752592e-14,5.305835144204841003e-14,6.117814107582373051e-14,6.261751215616866878e-14,7.729353619932057500e-14,1.093449891586980849e-13,1.280591532243650231e-13,1.518106947217892754e-13,1.954867937557831457e-13,2.430346072315938959e-13,3.203035509406553007e-13,4.357752516958551285e-13,6.156600065185551391e-13,9.273625597142558920e-13,1.453664551816576159e-12,2.430253474182032330e-12,4.725294154836967233e-12,1.190263161054749092e-11,5.735937634581837563e-11,5.442103500108969397e-09,3.915490303691173285e-07,4.943117257727690635e-07,6.222946305333327692e-07,7.812690947639317653e-07,9.782338539997369927e-07,1.221656776160126073e-06,1.521760459314471371e-06,1.890859024595394056e-06,2.343754531398549997e-06,2.898202689124848380e-06,3.575459002484956057e-06,4.400918080875594919e-06,5.404860718241875906e-06,6.623325422829114673e-06,8.099123421699384339e-06,9.883018844917891734e-06,1.203509877352479268e-05,1.462636120447506577e-05,1.774055278792257301e-05,2.147629241260646680e-05,2.594952150137782950e-05,3.129632721237973644e-05,3.767619067008734734e-05,4.527571907198785586e-05,5.431292786838704786e-05,6.504214759286626490e-05,7.775963902816779608e-05,9.281001076971439896e-05,1.105935445173310624e-04,1.315745461931365609e-04,1.562908548977606923e-04,1.853646572795862905e-04,2.195147721121298195e-04,2.595705887703521168e-04,3.064878643595166682e-04,3.613666073001492516e-04,4.254713007300123641e-04,5.002537471143610279e-04,5.873788463768755399e-04,6.887536538071656984e-04,8.065601012357216312e-04,9.432918059994134432e-04,1.101795436900777306e-03,1.285317155611800152e-03,1.497554705744045785e-03,1.742715780384782552e-03,2.025583363412411780e-03,2.351588809684514690e-03,2.759855271663180093e-03,3.287356219180124529e-03,3.910435205982206418e-03,4.645473360307374004e-03,5.295503202931624645e-03,6.009054026468321243e-03,6.812327820214862141e-03,7.715807528490865527e-03,8.745260463360698261e-03,1.006666370933801541e-02,1.157591498765257916e-02,1.329805707909599913e-02,1.526125162187996417e-02,1.749714026101605382e-02,2.004124444218090620e-02,2.250243734447670771e-02,2.510662457889701465e-02,2.801910956226156060e-02,3.125862687441583604e-02,3.488025419198381022e-02
6.458424430196978392e+02,6.123992722306112431e-15,8.582751126291837709e-15,9.777290227623644010e-15,9.091372469033585045e-15,7.904158066973633535e-15,1.138090819600465786e-14,9.921366106350586314e-15,1.075824213872204126e-14,2.313254265794570336e-14,2.798114857633550066e-14,2.448930006443473754e-14,3.712649428553037125e-14,2.736202658874705147e-14,4.861598266644540962e-14,5.605593399101608261e-14,5.737479214606188293e-14,7.082204995001946903e-14,1.001899597918735852e-13,1.173372599078071224e-13,1.391001774948967434e-13,1.791194471454771873e-13,2.226862676919497142e-13,2.934857841849794219e-13,3.992894899128375963e-13,5.641131959786010048e-13,8.497181104056958788e-13,1.331954889912659855e-12,2.226777831666099807e-12,4.329663709516506219e-12,1.090607070020798200e-11,5.255689953413236161e-11,4.986457404717383078e-09,3.587661575629537784e-07,4.529249333771212061e-07,5.701923288075413861e-07,7.158564813374917007e-07,8.963301496791708076e-07,1.119372220205817416e-06,1.394349392730739089e-06,1.732544775063832864e-06,2.147521107913182192e-06,2.655547484399930958e-06,3.276099768747056238e-06,4.032446378775654352e-06,4.952332815684903354e-06,6.068780224017757698e-06,7.421015413809057580e-06,9.055552232554100689e-06,1.102744690440859045e-05,1.340175304101904339e-05,1.625520551223342736e-05,1.967816623196764781e-05,2.377686930004684702e-05,2.867600782776444563e-05,3.452171020720925572e-05,4.148495974321277747e-05,4.976551830294605568e-05,5.959642231660510430e-05,7.124912780736239882e-05,8.503939063732906720e-05,1.013339784811782303e-04,1.205583227375146577e-04,1.432052313372842172e-04,1.698447976680680948e-04,2.011356566117239409e-04,2.378377560064515801e-04,2.808268311436795672e-04,3.311107910302233857e-04,3.898482485637080126e-04,4.583694524527279278e-04,5.381999070454427173e-04,6.310869973318452512e-04,7.390299705023865590e-04,8.643136630423926001e-04,1.009546403280954909e-03,1.177702564437154223e-03,1.372170292475553789e-03,1.596804986756229306e-03,1.855989170576766416e-03,2.154699452641260782e-03,2.528783356482950089e-03,3.012118707545022832e-03,3.583029721530852588e-03,4.256525998716897095e-03,4.852131378507279318e-03,5.505939375285638995e-03,6.241958188004407757e-03,7.069793064951267018e-03,8.013053921674579555e-03,9.223821228909594508e-03,1.060670878556487125e-02,1.218466263809295756e-02,1.398348656060193450e-02,1.603217296660659416e-02,1.836326922971293421e-02,2.061839605187738150e-02,2.300454484858541898e-02,2.567317882644628430e-02,2.864146399202213006e-02,3.195986658294160815e-02
7.048574036451902884e+02,5.611254702518464234e-15,7.864150857418900410e-15,8.958675859918607517e-15,8.330187319360702652e-15,7.242373747637853344e-15,1.042802915182333456e-14,9.090688827386931012e-15,9.857496494379220485e-15,2.119574510560930889e-14,2.563839616577881649e-14,2.243890650741964213e-14,3.401803775646189226e-14,2.507111084689946849e-14,4.454555609790484728e-14,5.136258932272305553e-14,5.257102462956137165e-14,6.489239599788342884e-14,9.180144531843630972e-14,1.075130688905157467e-13,1.274538622892859225e-13,1.641224746147447205e-13,2.040416152392479570e-13,2.689133644185881628e-13,3.658585386260710299e-13,5.168821987913233987e-13,7.785745279320947282e-13,1.220435503187602514e-12,2.040338410901152025e-12,3.967157857953711763e-12,9.992947947119052482e-12,4.815651537052061728e-11,4.568960779331544252e-09,3.287280668046778903e-07,4.150032956510747719e-07,5.224523495443407678e-07,6.559206108463002131e-07,8.212839229995612330e-07,1.025651551090211011e-06,1.277605957697451973e-06,1.587485560031790599e-06,1.967717543432633117e-06,2.433208853322892013e-06,3.001804715793175684e-06,3.694825374814907217e-06,4.537693309012292946e-06,5.560664931317420433e-06,6.799682743992101807e-06,8.297366171540146727e-06,1.010416179525341719e-05,1.227967654166168420e-05,1.489422056931774919e-05,1.803059014160421605e-05,2.178612479160712306e-05,2.627507756286265894e-05,3.163134208726446292e-05,3.801158590456862858e-05,4.559884560011670144e-05,5.460664637292346582e-05,6.528371629234231224e-05,7.791937421397305207e-05,9.284967978591824852e-05,1.104644446954656774e-04,1.312152159880398549e-04,1.556243553559216221e-04,1.842953527517696719e-04,2.179245285459911904e-04,2.573142961304720555e-04,3.033881762229302670e-04,3.572077755830403473e-04,4.199919663845771089e-04,4.931385284479090827e-04,5.782485450346956093e-04,6.771538741675717709e-04,7.919480518865254590e-04,9.250210213652341725e-04,1.079098123156736234e-03,1.257283826981778511e-03,1.463110734652658040e-03,1.700594437888303459e-03,1.974294873360706807e-03,2.317058191305620095e-03,2.759925759005662452e-03,3.283036621022039810e-03,3.900143682355344549e-03,4.445881347264838898e-03,5.044948551101298764e-03,5.719343379979380422e-03,6.477866872219525431e-03,7.342152177247964796e-03,8.451546661279896178e-03,9.718650437721699717e-03,1.116448837007330379e-02,1.281270378310211781e-02,1.468986166864421142e-02,1.682578433568699197e-02,1.889209818670682661e-02,2.107846405348315702e-02,2.352366371922237978e-02,2.624342594772503118e-02,2.928399163542142261e-02
7.692649574879145575e+02,5.141446236839881433e-15,7.205716185663464134e-15,8.208600879652413634e-15,7.632733232743045964e-15,6.635998047614565983e-15,9.554930952650375291e-15,8.329560916362105849e-15,9.032166768858516680e-15,1.942110805651736538e-14,2.349179327503887750e-14,2.056018440396130087e-14,3.116984016589691673e-14,2.297200454282223284e-14,4.081593046644616791e-14,4.706220009388313644e-14,4.816945782681401442e-14,5.945920883846087901e-14,8.411526843668228976e-14,9.851141906107943450e-14,1.167826476213679055e-13,1.503811400879911187e-13,1.869580068001039387e-13,2.463982974975910555e-13,3.352266304700969705e-13,4.736056687415051038e-13,7.133875200744699788e-13,1.118253199654865792e-12,1.869508835501496413e-12,3.635003207138547270e-12,9.156277399882117423e-12,4.412455820619922081e-11,4.186419517656154407e-09,3.012049482013329813e-07,3.802566887123666148e-07,4.787094525021813239e-07,6.010029369701969421e-07,7.525210241103458673e-07,9.397777479776413464e-07,1.170636995041335113e-06,1.454571587171014437e-06,1.802968229958411201e-06,2.229485768440984452e-06,2.750475317546369182e-06,3.385472060392556468e-06,4.157769950646432541e-06,5.095092149821258514e-06,6.230371834682944659e-06,7.602660071588014261e-06,9.258179746378395605e-06,1.125154713016338614e-05,1.364718558621335361e-05,1.652095916978172109e-05,1.996205755458912564e-05,2.407516782255914240e-05,2.898297321413128056e-05,3.482902410714747274e-05,4.178103214771889307e-05,5.003464490294888946e-05,5.981776541127903563e-05,7.139548898921717671e-05,8.507573832156239740e-05,1.012156876837547615e-04,1.202290778486756026e-04,1.425945352019426977e-04,1.688650218368066449e-04,1.996785579355377040e-04,2.357703739470851578e-04,2.779866678023010110e-04,3.273001620684004077e-04,3.848276775070985124e-04,4.518499632874071331e-04,5.298340502156146216e-04,6.204584219885448575e-04,7.256413310408364129e-04,8.475726199278541635e-04,9.887494470701978407e-04,1.152016357050018956e-03,1.340610180711216499e-03,1.558210299943674475e-03,1.808994865711012175e-03,2.123059948228771168e-03,2.528847942195227953e-03,3.008160772489144007e-03,3.573599867028088867e-03,4.073645046280308449e-03,4.622554690213731728e-03,5.240485071011318809e-03,5.935500350389451632e-03,6.727422418567902823e-03,7.743931630409035642e-03,8.904945750860267240e-03,1.022972931362263818e-02,1.173994608011784749e-02,1.345993685905058287e-02,1.541702705381918677e-02,1.731033650717332326e-02,1.931364648935022729e-02,2.155411912626234439e-02,2.404616627367806361e-02,2.683215725816405495e-02
8.395578619995112604e+02,4.710973001181104992e-15,6.602409680296234617e-15,7.521326751299897698e-15,6.993674255897910600e-15,6.080391819368223242e-15,8.754933859573373519e-15,7.632159276023813546e-15,8.275938681488693705e-15,1.779505444435195422e-14,2.152491707003772574e-14,1.883876037297615368e-14,2.856011104823379482e-14,2.104864822057566621e-14,3.739857183913628119e-14,4.312186567854428847e-14,4.413641704111818505e-14,5.448092124400864083e-14,7.707262516001141710e-14,9.026344225472753817e-14,1.070048921271729998e-13,1.377903138936241320e-13,1.713047422491899055e-13,2.257683292943652749e-13,3.071594124831697623e-13,4.339525137228496855e-13,6.536583660779481588e-13,1.024626221764481104e-12,1.712982154011650949e-12,3.330658569438178776e-12,8.389658013555675203e-12,4.043018108582088426e-11,3.835906943455211027e-09,2.759862329457678341e-07,3.484192796195674085e-07,4.386289775800679078e-07,5.506833056835331187e-07,6.895153744880828279e-07,8.610938233897799332e-07,1.072624126322310612e-06,1.332785982735386747e-06,1.652012733783231827e-06,2.042819622694049456e-06,2.520188749331368373e-06,3.102019692141145733e-06,3.809656092923847500e-06,4.668499961032512968e-06,5.708727106820978151e-06,6.966119003205312847e-06,8.483028474120100467e-06,1.030949898336303361e-05,1.250455997732554914e-05,1.513772370987469478e-05,1.829071235129621893e-05,2.205944794254829854e-05,2.655634193495891163e-05,3.191292579325038603e-05,3.828286932167979036e-05,4.584543927981497586e-05,5.480945727378157387e-05,6.541782322342303783e-05,7.795267864840475422e-05,9.274129301548840411e-05,1.101627661967228010e-04,1.306556510576697191e-04,1.547266123327214430e-04,1.829602512633237831e-04,2.160302403212082225e-04,2.547119285856543004e-04,2.998965963580984997e-04,3.526075573548060867e-04,4.140183286133116846e-04,4.854731121736570736e-04,5.685098588408125150e-04,6.648862132565292469e-04,7.766086710020001947e-04,9.059653131651546195e-04,1.055562521707385315e-03,1.228366120253519649e-03,1.427747430401764620e-03,1.657534782835310468e-03,1.945304421221000484e-03,2.317117369508171938e-03,2.756299206411363077e-03,3.274396291449153604e-03,3.732574638613174716e-03,4.235526219460138304e-03,4.801719700136547128e-03,5.438544061558084168e-03,6.164161584405356172e-03,7.095562445533255824e-03,8.159369383014243235e-03,9.373233986297149767e-03,1.075700619457426246e-02,1.233298885559550549e-02,1.412621952333423594e-02,1.586100956231642142e-02,1.769659021497586859e-02,1.974947681850581019e-02,2.203287458021452316e-02,2.458560540824597518e-02
9.162739011886741309e+02,4.316541610186722029e-15,6.049615675010890095e-15,6.891595404528285085e-15,6.408121194094368224e-15,5.571304333088215748e-15,8.021917402160100419e-15,6.993148354335658372e-15,7.583026621685889134e-15,1.630514395759119962e-14,1.972271973652613069e-14,1.726146446050544077e-14,2.616888436854690337e-14,1.928632701981488994e-14,3.426733531793024558e-14,3.951144009181372192e-14,4.044104702675559026e-14,4.991944624860065594e-14,7.061963493021594041e-14,8.270603636945773135e-14,9.804578995563793055e-14,1.262536684573227992e-13,1.569620644727853195e-13,2.068656278473970521e-13,2.814421531627747913e-13,3.976193626794666502e-13,5.989301011308553678e-13,9.388382654763516197e-13,1.569560840922831882e-12,3.051795520946604794e-12,7.687224677719473704e-12,3.704511974926960541e-11,3.514741419676425061e-09,2.528789823355845920e-07,3.192474925863681509e-07,4.019042844616878493e-07,5.045767408181255282e-07,6.317849421117645585e-07,7.889977968468238722e-07,9.828174927344354448e-07,1.221197011850532159e-06,1.513696152396926441e-06,1.871782305110649919e-06,2.309183177081656218e-06,2.842299684882254694e-06,3.490688450450531869e-06,4.277624671994428275e-06,5.230757656988384630e-06,6.382873035211482982e-06,7.772777593876620516e-06,9.446324852786705173e-06,1.145760195307182754e-05,1.387030115876316077e-05,1.675930236164203423e-05,2.021249642438717852e-05,2.433288302604515749e-05,2.924098101492616193e-05,3.507759402207171482e-05,4.200697950062450730e-05,5.022047523828173488e-05,5.994064409219681264e-05,7.142600497328079685e-05,8.497642635258339985e-05,1.009392675488068707e-04,1.197163631069570220e-04,1.417719566998101204e-04,1.676417031875055417e-04,1.979428710738400353e-04,2.333858924844681539e-04,2.747874242982397417e-04,3.230851021660969538e-04,3.793541891221330884e-04,4.448263424135630523e-04,5.209107462242932663e-04,6.092178844671241114e-04,7.115862566759533327e-04,8.301123718354541745e-04,9.671843897133792448e-04,1.125519817092687086e-03,1.308207707966328390e-03,1.518755861824430068e-03,1.782431671031739842e-03,2.123114171671288894e-03,2.525525026701783398e-03,3.000243864003839488e-03,3.420060725599995393e-03,3.880902132691652680e-03,4.399690442058619248e-03,4.983195984070317580e-03,5.648060382500448735e-03,6.501478683096597287e-03,7.476217215813876597e-03,8.588449671378747471e-03,9.856364031013281624e-03,1.130039581203292134e-02,1.294348627169305752e-02,1.453302910845451906e-02,1.621492375401323641e-02,1.809593017092758077e-02,2.018814794601390614e-02,2.252714858049888191e-02
1.000000000000000000e+03,3.955134420809029742e-15,5.543104955234382782e-15,6.314589006721072140e-15,5.871594205802671942e-15,5.104840755988103701e-15,7.350273553090551502e-15,6.407639324218290365e-15,6.948129385469701658e-15,1.493997786346502877e-14,1.807141335503765797e-14,1.581622938145697516e-14,2.397786577012378493e-14,1.767155809804632512e-14,3.139826501510038868e-14,3.620330135450875044e-14,3.705507592735998247e-14,4.573988575938365134e-14,6.470692839802892726e-14,7.578138259609540705e-14,8.983679845777769462e-14,1.156829413367726340e-13,1.438202431531072237e-13,1.895455758495789413e-13,2.578780996373959794e-13,3.643282446304692593e-13,5.487840203024959397e-13,8.602330000932248060e-13,1.438147634865339211e-12,2.796280587607868120e-12,7.043603344767869279e-12,3.394347639266486426e-11,3.220465832276337332e-09,2.317064116732479443e-07,2.925181454768138736e-07,3.682544066281534136e-07,4.623304987584903612e-07,5.788880536210071243e-07,7.229380893461084520e-07,9.005300182242527572e-07,1.118950950168238692e-06,1.386960278771017804e-06,1.715065274879664389e-06,2.115844278223866182e-06,2.604325020614402881e-06,3.198426724328556571e-06,3.919475846029258385e-06,4.792806724541276416e-06,5.848459976765219378e-06,7.121993249013248578e-06,8.655420924758403073e-06,1.049830163980809531e-05,1.270899495340171004e-05,1.535611135610230753e-05,1.852018295153536954e-05,2.229558565744206691e-05,2.679274774913035544e-05,3.214068391891617023e-05,3.848989898418987541e-05,4.601571076612961302e-05,5.492204780211902749e-05,6.544578422318963660e-05,7.786168168315365601e-05,9.248801646007261644e-05,1.096929790601313813e-04,1.299019438444868355e-04,1.536057173815294963e-04,1.813698866913141948e-04,2.138454021891441270e-04,2.517805452593356260e-04,2.960344469776710541e-04,3.475923427992030066e-04,4.075827681147644764e-04,4.772969216140365975e-04,5.582104476746027480e-04,6.520079154367210226e-04,7.606103013666548271e-04,8.862058139314650225e-04,1.031284433672679515e-03,1.198676580143401499e-03,1.391596358467037456e-03,1.633195620818499953e-03,1.945354104746212405e-03,2.314072668765673833e-03,2.749045149788179997e-03,3.133712383347675087e-03,3.555969337252826330e-03,4.031321525367573266e-03,4.565972424711843558e-03,5.175170320822881920e-03,5.957135236455923105e-03,6.850262714467709145e-03,7.869372285556791233e-03,9.031129122232264828e-03,1.035425775566756017e-02,1.185977866114624503e-02,1.331623527729218145e-02,1.485731144556661290e-02,1.658082853335364829e-02,1.849787307626828137e-02,2.064103831251061505e-02
